event_id,match_id,date,round,start_time,team1_code,team2_code,team1_final_score,team2_final_score
1,1,SUN 22 MAR 2026,Gold Medal Game,15:00,CAN,SUI,5,7
1,2,SUN 22 MAR 2026,Bronze Medal Game,9:00,SWE,JPN,8,5
1,3,SAT 21 MAR 2026,Semi-final - Sheet B,16:00,SWE,SUI,5,8
1,4,SAT 21 MAR 2026,Semi-final - Sheet D,16:00,CAN,JPN,11,3
1,5,SAT 21 MAR 2026,Qualification Game - Sheet B,10:00,TUR,JPN,5,7
1,6,SAT 21 MAR 2026,Qualification Game - Sheet D,10:00,KOR,SWE,5,9
1,7,FRI 20 MAR 2026,Round Robin Session 20 - Sheet A,19:00,KOR,DEN,7,4
1,8,FRI 20 MAR 2026,Round Robin Session 20 - Sheet B,19:00,TUR,ITA,10,7
1,9,FRI 20 MAR 2026,Round Robin Session 20 - Sheet C,19:00,CAN,JPN,6,5
1,10,FRI 20 MAR 2026,Round Robin Session 20 - Sheet D,19:00,NOR,CHN,3,5
1,11,FRI 20 MAR 2026,Round Robin Session 19 - Sheet A,14:00,JPN,USA,8,1
1,12,FRI 20 MAR 2026,Round Robin Session 19 - Sheet B,14:00,CAN,AUS,11,2
1,13,FRI 20 MAR 2026,Round Robin Session 19 - Sheet C,14:00,SCO,NOR,6,8
1,14,FRI 20 MAR 2026,Round Robin Session 19 - Sheet D,14:00,SWE,SUI,3,7
1,15,FRI 20 MAR 2026,Round Robin Session 18 - Sheet A,9:00,SUI,ITA,6,4
1,16,FRI 20 MAR 2026,Round Robin Session 18 - Sheet B,9:00,DEN,USA,4,9
1,17,FRI 20 MAR 2026,Round Robin Session 18 - Sheet C,9:00,CHN,KOR,4,6
1,18,FRI 20 MAR 2026,Round Robin Session 18 - Sheet D,9:00,AUS,TUR,5,7
1,19,THU 19 MAR 2026,Round Robin Session 17 - Sheet A,19:00,NOR,CAN,10,6
1,20,THU 19 MAR 2026,Round Robin Session 17 - Sheet B,19:00,CHN,JPN,7,8
1,21,THU 19 MAR 2026,Round Robin Session 17 - Sheet C,19:00,TUR,SWE,6,8
1,22,THU 19 MAR 2026,Round Robin Session 17 - Sheet D,19:00,ITA,SCO,7,5
1,23,THU 19 MAR 2026,Round Robin Session 16 - Sheet A,14:00,SCO,AUS,12,2
1,24,THU 19 MAR 2026,Round Robin Session 16 - Sheet B,14:00,KOR,SWE,7,8
1,25,THU 19 MAR 2026,Round Robin Session 16 - Sheet C,14:00,USA,SUI,2,8
1,26,THU 19 MAR 2026,Round Robin Session 16 - Sheet D,14:00,JPN,DEN,8,3
1,27,THU 19 MAR 2026,Round Robin Session 15 - Sheet A,9:00,TUR,CHN,5,10
1,28,THU 19 MAR 2026,Round Robin Session 15 - Sheet B,9:00,SUI,NOR,8,4
1,29,THU 19 MAR 2026,Round Robin Session 15 - Sheet C,9:00,ITA,DEN,8,1
1,30,THU 19 MAR 2026,Round Robin Session 15 - Sheet D,9:00,CAN,KOR,8,3
1,31,WED 18 MAR 2026,Round Robin Session 14 - Sheet A,19:00,SWE,JPN,2,8
1,32,WED 18 MAR 2026,Round Robin Session 14 - Sheet B,19:00,SCO,CAN,5,7
1,33,WED 18 MAR 2026,Round Robin Session 14 - Sheet C,19:00,AUS,CHN,2,8
1,34,WED 18 MAR 2026,Round Robin Session 14 - Sheet D,19:00,NOR,USA,8,2
1,35,WED 18 MAR 2026,Round Robin Session 13 - Sheet A,14:00,USA,ITA,3,6
1,36,WED 18 MAR 2026,Round Robin Session 13 - Sheet B,14:00,DEN,TUR,6,7
1,37,WED 18 MAR 2026,Round Robin Session 13 - Sheet C,14:00,KOR,SCO,8,3
1,38,WED 18 MAR 2026,Round Robin Session 13 - Sheet D,14:00,SUI,AUS,10,1
1,39,WED 18 MAR 2026,Round Robin Session 12 - Sheet A,9:00,DEN,NOR,9,3
1,40,WED 18 MAR 2026,Round Robin Session 12 - Sheet B,9:00,JPN,ITA,8,6
1,41,WED 18 MAR 2026,Round Robin Session 12 - Sheet C,9:00,TUR,CAN,3,9
1,42,WED 18 MAR 2026,Round Robin Session 12 - Sheet D,9:00,CHN,SWE,4,9
1,43,TUE 17 MAR 2026,Round Robin Session 11 - Sheet A,19:00,CAN,SUI,5,6
1,44,TUE 17 MAR 2026,Round Robin Session 11 - Sheet B,19:00,AUS,KOR,3,12
1,45,TUE 17 MAR 2026,Round Robin Session 11 - Sheet C,19:00,SWE,USA,7,4
1,46,TUE 17 MAR 2026,Round Robin Session 11 - Sheet D,19:00,SCO,JPN,4,3
1,47,TUE 17 MAR 2026,Round Robin Session 10 - Sheet A,14:00,KOR,TUR,12,7
1,48,TUE 17 MAR 2026,Round Robin Session 10 - Sheet B,14:00,USA,CHN,1,6
1,49,TUE 17 MAR 2026,Round Robin Session 10 - Sheet C,14:00,ITA,NOR,8,6
1,50,TUE 17 MAR 2026,Round Robin Session 10 - Sheet D,14:00,SUI,DEN,11,9
1,51,TUE 17 MAR 2026,Round Robin Session 9 - Sheet B,9:00,SWE,SCO,8,6
1,52,TUE 17 MAR 2026,Round Robin Session 9 - Sheet C,9:00,JPN,AUS,7,2
1,53,TUE 17 MAR 2026,Round Robin Session 9 - Sheet D,9:00,ITA,CAN,6,9
1,54,MON 16 MAR 2026,Round Robin Session 8 - Sheet A,19:00,AUS,SWE,4,7
1,55,MON 16 MAR 2026,Round Robin Session 8 - Sheet B,19:00,SUI,TUR,8,5
1,56,MON 16 MAR 2026,Round Robin Session 8 - Sheet C,19:00,DEN,SCO,7,11
1,57,MON 16 MAR 2026,Round Robin Session 8 - Sheet D,19:00,KOR,USA,7,5
1,58,MON 16 MAR 2026,Round Robin Session 7 - Sheet A,14:00,NOR,KOR,7,8
1,59,MON 16 MAR 2026,Round Robin Session 7 - Sheet B,14:00,CAN,DEN,9,6
1,60,MON 16 MAR 2026,Round Robin Session 7 - Sheet C,14:00,CHN,ITA,10,3
1,61,MON 16 MAR 2026,Round Robin Session 7 - Sheet D,14:00,TUR,JPN,9,4
1,62,MON 16 MAR 2026,Round Robin Session 6 - Sheet A,9:00,SCO,SUI,5,9
1,63,MON 16 MAR 2026,Round Robin Session 6 - Sheet B,9:00,NOR,SWE,9,7
1,64,MON 16 MAR 2026,Round Robin Session 6 - Sheet C,9:00,USA,AUS,7,2
1,65,SUN 15 MAR 2026,Round Robin Session 5 - Sheet A,18:30,USA,TUR,5,9
1,66,SUN 15 MAR 2026,Round Robin Session 5 - Sheet B,18:30,ITA,AUS,9,4
1,67,SUN 15 MAR 2026,Round Robin Session 5 - Sheet C,18:30,SUI,KOR,7,6
1,68,SUN 15 MAR 2026,Round Robin Session 5 - Sheet D,18:30,DEN,CHN,8,7
1,69,SUN 15 MAR 2026,Round Robin Session 4 - Sheet A,13:30,JPN,NOR,10,9
1,70,SUN 15 MAR 2026,Round Robin Session 4 - Sheet B,13:30,TUR,SCO,5,3
1,71,SUN 15 MAR 2026,Round Robin Session 4 - Sheet C,13:30,CAN,CHN,9,3
1,72,SUN 15 MAR 2026,Round Robin Session 4 - Sheet D,13:30,SWE,ITA,9,4
1,73,SUN 15 MAR 2026,Round Robin Session 3 - Sheet A,8:30,DEN,SWE,8,9
1,74,SUN 15 MAR 2026,Round Robin Session 3 - Sheet B,8:30,KOR,JPN,5,9
1,75,SUN 15 MAR 2026,Round Robin Session 3 - Sheet C,8:30,SCO,USA,8,3
1,76,SUN 15 MAR 2026,Round Robin Session 3 - Sheet D,8:30,AUS,NOR,7,6
1,77,SAT 14 MAR 2026,Round Robin Session 2 - Sheet A,19:00,ITA,KOR,5,14
1,78,SAT 14 MAR 2026,Round Robin Session 2 - Sheet B,19:00,CHN,SUI,5,6
1,79,SAT 14 MAR 2026,Round Robin Session 2 - Sheet C,19:00,AUS,DEN,7,11
1,80,SAT 14 MAR 2026,Round Robin Session 2 - Sheet D,19:00,USA,CAN,3,11
1,81,SAT 14 MAR 2026,Round Robin Session 1 - Sheet A,14:00,CHN,SCO,7,6
1,82,SAT 14 MAR 2026,Round Robin Session 1 - Sheet B,14:00,SWE,CAN,5,7
1,83,SAT 14 MAR 2026,Round Robin Session 1 - Sheet C,14:00,NOR,TUR,7,8
1,84,SAT 14 MAR 2026,Round Robin Session 1 - Sheet D,14:00,JPN,SUI,6,3
2,1,SAT 14 MAR 2026,Gold Medal Game,15:05 Partita per la medaglia d'oro,CHN,CAN,3,4
2,2,FRI 13 MAR 2026,Bronze Medal Game,18:35 Partita per la medaglia di bronzo,KOR,SWE,4,7
2,3,FRI 13 MAR 2026,Semi-final - Sheet B,10:05 Semifinale - Campo B - piste B,KOR,CAN,7,8
2,4,FRI 13 MAR 2026,Semi-final - Sheet D,10:05 Semifinale - Campo D - piste D,CHN,SWE,7,6
2,5,THU 12 MAR 2026,Round Robin Session 12 - Sheet A,18:35 Girone Sessione 12 - Campo A,CHN,SVK,7,4
2,6,THU 12 MAR 2026,Round Robin Session 12 - Sheet B,18:35 Girone Sessione 12 - Campo B,NOR,GBR,9,2
2,7,THU 12 MAR 2026,Round Robin Session 12 - Sheet C,18:35 Girone Sessione 12 - Campo C,KOR,ITA,6,5
2,8,THU 12 MAR 2026,Round Robin Session 12 - Sheet D,18:35 Girone Sessione 12 - Campo D,CAN,USA,7,3
2,9,THU 12 MAR 2026,Round Robin Session 11 - Sheet A,13:35 Girone Sessione 11 - Campo A,CAN,KOR,6,3
2,10,THU 12 MAR 2026,Round Robin Session 11 - Sheet B,13:35 Girone Sessione 11 - Campo B,CHN,SWE,12,3
2,11,THU 12 MAR 2026,Round Robin Session 11 - Sheet C,13:35 Girone Sessione 11 - Campo C,NOR,USA,7,4
2,12,THU 12 MAR 2026,Round Robin Session 11 - Sheet D,13:35 Girone Sessione 11 - Campo D,ITA,LAT,10,5
2,13,WED 11 MAR 2026,Round Robin Session 10 - Sheet A,20:05 Girone Sessione 10 - Campo A,ITA,SWE,4,3
2,14,WED 11 MAR 2026,Round Robin Session 10 - Sheet B,20:05 Girone Sessione 10 - Campo B,SVK,CAN,6,9
2,15,WED 11 MAR 2026,Round Robin Session 10 - Sheet C,20:05 Girone Sessione 10 - Campo C,LAT,GBR,8,5
2,16,WED 11 MAR 2026,Round Robin Session 9 - Sheet A,9:05 Girone Sessione 9 - Campo A,LAT,NOR,5,6
2,17,WED 11 MAR 2026,Round Robin Session 9 - Sheet B,9:05 Girone Sessione 9 - Campo B,USA,KOR,9,2
2,18,WED 11 MAR 2026,Round Robin Session 9 - Sheet C,9:05 Girone Sessione 9 - Campo C,SWE,SVK,5,4
2,19,WED 11 MAR 2026,Round Robin Session 9 - Sheet D,9:05 Girone Sessione 9 - Campo D,GBR,CHN,4,9
2,20,TUE 10 MAR 2026,Round Robin Session 8 - Sheet A,18:35 Girone Sessione 8 - Campo A,SVK,USA,8,3
2,21,TUE 10 MAR 2026,Round Robin Session 8 - Sheet B,18:35 Girone Sessione 8 - Campo B,LAT,CHN,5,9
2,22,TUE 10 MAR 2026,Round Robin Session 8 - Sheet C,18:35 Girone Sessione 8 - Campo C,ITA,NOR,3,9
2,23,TUE 10 MAR 2026,Round Robin Session 8 - Sheet D,18:35 Girone Sessione 8 - Campo D,SWE,CAN,5,6
2,24,TUE 10 MAR 2026,Round Robin Session 7 - Sheet B,9:35 Girone Sessione 7 - Campo B,GBR,ITA,6,8
2,25,TUE 10 MAR 2026,Round Robin Session 7 - Sheet C,9:35 Girone Sessione 7 - Campo C,CHN,CAN,4,9
2,26,TUE 10 MAR 2026,Round Robin Session 7 - Sheet D,9:35 Girone Sessione 7 - Campo D,KOR,NOR,9,0
2,27,MON 9 MAR 2026,Round Robin Session 6 - Sheet A,18:35 Girone Sessione 6 - Campo A,NOR,CHN,2,11
2,28,MON 9 MAR 2026,Round Robin Session 6 - Sheet B,18:35 Girone Sessione 6 - Campo B,KOR,SVK,7,5
2,29,MON 9 MAR 2026,Round Robin Session 6 - Sheet C,18:35 Girone Sessione 6 - Campo C,GBR,SWE,5,6
2,30,MON 9 MAR 2026,Round Robin Session 6 - Sheet D,18:35 Girone Sessione 6 - Campo D,USA,LAT,6,8
2,31,MON 9 MAR 2026,Round Robin Session 5 - Sheet A,9:35 Girone Sessione 5 - Campo A,KOR,GBR,7,6
2,32,MON 9 MAR 2026,Round Robin Session 5 - Sheet B,9:35 Girone Sessione 5 - Campo B,SWE,USA,1,7
2,33,MON 9 MAR 2026,Round Robin Session 5 - Sheet C,9:35 Girone Sessione 5 - Campo C,CAN,LAT,11,1
2,34,MON 9 MAR 2026,Round Robin Session 5 - Sheet D,9:35 Girone Sessione 5 - Campo D,SVK,ITA,0,10
2,35,SUN 8 MAR 2026,Round Robin Session 4 - Sheet A,18:35 Girone Sessione 4 - Campo A,USA,ITA,10,1
2,36,SUN 8 MAR 2026,Round Robin Session 4 - Sheet B,18:35 Girone Sessione 4 - Campo B,CAN,NOR,9,2
2,37,SUN 8 MAR 2026,Round Robin Session 4 - Sheet D,18:35 Girone Sessione 4 - Campo D,CHN,KOR,7,5
2,38,SUN 8 MAR 2026,Round Robin Session 3 - Sheet A,9:35 Girone Sessione 3 - Campo A,SWE,LAT,10,2
2,39,SUN 8 MAR 2026,Round Robin Session 3 - Sheet B,9:35 Girone Sessione 3 - Campo B,ITA,CHN,3,5
2,40,SUN 8 MAR 2026,Round Robin Session 3 - Sheet C,9:35 Girone Sessione 3 - Campo C,SVK,NOR,6,4
2,41,SUN 8 MAR 2026,Round Robin Session 3 - Sheet D,9:35 Girone Sessione 3 - Campo D,CAN,GBR,5,4
2,42,SAT 7 MAR 2026,Round Robin Session 2 - Sheet A,18:35 Girone Sessione 2 - Campo A,ITA,CAN,8,9
2,43,SAT 7 MAR 2026,Round Robin Session 2 - Sheet B,18:35 Girone Sessione 2 - Campo B,USA,GBR,5,6
2,44,SAT 7 MAR 2026,Round Robin Session 2 - Sheet C,18:35 Girone Sessione 2 - Campo C,SWE,KOR,8,6
2,45,SAT 7 MAR 2026,Round Robin Session 2 - Sheet D,18:35 Girone Sessione 2 - Campo D,LAT,SVK,9,0
2,46,SAT 7 MAR 2026,Round Robin Session 1 - Sheet A,9:35 Girone Sessione 1 - Campo A,GBR,SVK,2,9
2,47,SAT 7 MAR 2026,Round Robin Session 1 - Sheet B,9:35 Girone Sessione 1 - Campo B,KOR,LAT,10,2
2,48,SAT 7 MAR 2026,Round Robin Session 1 - Sheet C,9:35 Girone Sessione 1 - Campo C,USA,CHN,7,12
2,49,SAT 7 MAR 2026,Round Robin Session 1 - Sheet D,9:35 Girone Sessione 1 - Campo D,NOR,SWE,2,6
2,50,WED 11 MAR 2026,Gold Medal Game,14:35 Partita per la medaglia d'oro,CHN,KOR,9,7
2,51,WED 11 MAR 2026,Bronze Medal Game,14:35 Partita per la medaglia di bronzo,LAT,USA,11,10
2,52,TUE 10 MAR 2026,Semi-final - Sheet A,14:35 Semifinale - Campo A - piste A,CHN,LAT,8,3
2,53,TUE 10 MAR 2026,Semi-final - Sheet D,14:35 Semifinale - Campo D - piste D,KOR,USA,6,3
2,54,MON 9 MAR 2026,Round Robin Session 7 - Sheet A,14:35 Girone Sessione 7 - Campo A,LAT,JPN,10,4
2,55,MON 9 MAR 2026,Round Robin Session 7 - Sheet B,14:35 Girone Sessione 7 - Campo B,ITA,GBR,11,10
2,56,MON 9 MAR 2026,Round Robin Session 7 - Sheet C,14:35 Girone Sessione 7 - Campo C,USA,CHN,7,6
2,57,MON 9 MAR 2026,Round Robin Session 7 - Sheet D,14:35 Girone Sessione 7 - Campo D,KOR,EST,10,0
2,58,SUN 8 MAR 2026,Round Robin Session 6 - Sheet A,14:35 Girone Sessione 6 - Campo A,GBR,CHN,5,10
2,59,SUN 8 MAR 2026,Round Robin Session 6 - Sheet B,14:35 Girone Sessione 6 - Campo B,LAT,KOR,5,4
2,60,SUN 8 MAR 2026,Round Robin Session 6 - Sheet C,14:35 Girone Sessione 6 - Campo C,EST,JPN,3,8
2,61,SUN 8 MAR 2026,Round Robin Session 6 - Sheet D,14:35 Girone Sessione 6 - Campo D,USA,ITA,7,5
2,62,SAT 7 MAR 2026,Round Robin Session 5 - Sheet A,14:35 Girone Sessione 5 - Campo A,KOR,USA,10,1
2,63,SAT 7 MAR 2026,Round Robin Session 5 - Sheet B,14:35 Girone Sessione 5 - Campo B,CHN,EST,12,2
2,64,SAT 7 MAR 2026,Round Robin Session 5 - Sheet C,14:35 Girone Sessione 5 - Campo C,ITA,LAT,4,9
2,65,SAT 7 MAR 2026,Round Robin Session 5 - Sheet D,14:35 Girone Sessione 5 - Campo D,JPN,GBR,2,11
2,66,FRI 6 MAR 2026,Round Robin Session 4 - Sheet A,9:05 Girone Sessione 4 - Campo A,JPN,ITA,6,5
2,67,FRI 6 MAR 2026,Round Robin Session 4 - Sheet B,9:05 Girone Sessione 4 - Campo B,GBR,USA,5,4
2,68,FRI 6 MAR 2026,Round Robin Session 4 - Sheet C,9:05 Girone Sessione 4 - Campo C,CHN,KOR,10,6
2,69,FRI 6 MAR 2026,Round Robin Session 4 - Sheet D,9:05 Girone Sessione 4 - Campo D,EST,LAT,6,9
2,70,THU 5 MAR 2026,Round Robin Session 3 - Sheet A,19:05 Girone Sessione 3 - Campo A,USA,EST,8,4
2,71,THU 5 MAR 2026,Round Robin Session 3 - Sheet B,19:05 Girone Sessione 3 - Campo B,KOR,JPN,9,0
2,72,THU 5 MAR 2026,Round Robin Session 3 - Sheet C,19:05 Girone Sessione 3 - Campo C,LAT,GBR,5,6
2,73,THU 5 MAR 2026,Round Robin Session 3 - Sheet D,19:05 Girone Sessione 3 - Campo D,ITA,CHN,7,8
2,74,THU 5 MAR 2026,Round Robin Session 2 - Sheet A,10:05 Girone Sessione 2 - Campo A,CHN,LAT,10,2
2,75,THU 5 MAR 2026,Round Robin Session 2 - Sheet B,10:05 Girone Sessione 2 - Campo B,EST,ITA,6,4
2,76,THU 5 MAR 2026,Round Robin Session 2 - Sheet C,10:05 Girone Sessione 2 - Campo C,JPN,USA,7,5
2,77,THU 5 MAR 2026,Round Robin Session 2 - Sheet D,10:05 Girone Sessione 2 - Campo D,GBR,KOR,3,14
2,78,WED 4 MAR 2026,Round Robin Session 1 - Sheet A,19:05 Girone Sessione 1 - Campo A,ITA,KOR,7,5
2,79,WED 4 MAR 2026,Round Robin Session 1 - Sheet B,19:05 Girone Sessione 1 - Campo B,JPN,CHN,3,10
2,80,WED 4 MAR 2026,Round Robin Session 1 - Sheet C,19:05 Girone Sessione 1 - Campo C,GBR,EST,7,10
2,81,WED 4 MAR 2026,Round Robin Session 1 - Sheet D,19:05 Girone Sessione 1 - Campo D,LAT,USA,6,11
3,1,TUE 3 MAR 2026,Gold Medal Game,14:00,ITA,USA,6,8
3,2,MON 2 MAR 2026,Semi-final - Sheet D,19:00,ITA,SCO,8,6
4,1,TUE 3 MAR 2026,Gold Medal Game,9:00,KOR,SWE,14,7
4,2,MON 2 MAR 2026,Semi-final - Sheet D,14:00,KOR,USA,6,5
5,1,SUN 22 FEB 2026,Gold Medal Game,11:05 Partita per la medaglia d'oro / Finale,SUI,SWE,5,6
5,2,SAT 21 FEB 2026,Bronze Medal Game,14:05 Partita per la medaglia di bronzo / Match pour la médaille de bronze,CAN,USA,10,7
5,3,FRI 20 FEB 2026,Semi-final - Sheet B,14:05 Semifinale - Campo B - piste B / Demi-finale - piste B - Sheet B,CAN,SWE,3,6
5,4,FRI 20 FEB 2026,Semi-final - Sheet D,14:05 Semifinale - Campo D - piste D / Demi-finale - piste D - Sheet D,USA,SUI,4,7
5,5,THU 19 FEB 2026,Round Robin Session 12 - Sheet A,"14:30 Girone Sessione 12 - Campo A / Tour préliminaire, session 12 - piste A",SUI,USA,6,7
5,6,THU 19 FEB 2026,Round Robin Session 12 - Sheet B,"14:30 Girone Sessione 12 - Campo B / Tour préliminaire, session 12 - piste B",CAN,KOR,10,7
5,7,THU 19 FEB 2026,Round Robin Session 12 - Sheet C,"14:30 Girone Sessione 12 - Campo C / Tour préliminaire, session 12 - piste C",JPN,CHN,9,6
5,8,THU 19 FEB 2026,Round Robin Session 12 - Sheet D,"14:30 Girone Sessione 12 - Campo D / Tour préliminaire, session 12 - piste D",GBR,ITA,7,4
5,9,WED 18 FEB 2026,Round Robin Session 11 - Sheet A,"19:05 Girone Sessione 11 - Campo A / Tour préliminaire, session 11 - piste A",GBR,JPN,9,3
5,10,WED 18 FEB 2026,Round Robin Session 11 - Sheet B,"19:05 Girone Sessione 11 - Campo B / Tour préliminaire, session 11 - piste B",SUI,DEN,6,4
5,11,WED 18 FEB 2026,Round Robin Session 11 - Sheet C,"19:05 Girone Sessione 11 - Campo C / Tour préliminaire, session 11 - piste C",CAN,ITA,8,7
5,12,WED 18 FEB 2026,Round Robin Session 11 - Sheet D,"19:05 Girone Sessione 11 - Campo D / Tour préliminaire, session 11 - piste D",CHN,SWE,4,9
5,13,WED 18 FEB 2026,Round Robin Session 10 - Sheet A,"9:05 Girone Sessione 10 - Campo A / Tour préliminaire, session 10 - piste A",CHN,DEN,7,8
5,14,WED 18 FEB 2026,Round Robin Session 10 - Sheet B,"9:05 Girone Sessione 10 - Campo B / Tour préliminaire, session 10 - piste B",USA,GBR,7,8
5,15,WED 18 FEB 2026,Round Robin Session 10 - Sheet C,"9:05 Girone Sessione 10 - Campo C / Tour préliminaire, session 10 - piste C",SWE,KOR,3,8
5,16,TUE 17 FEB 2026,Round Robin Session 9 - Sheet A,"14:05 Girone Sessione 9 - Campo A / Tour préliminaire, session 9 - piste A",SWE,CAN,6,8
5,17,TUE 17 FEB 2026,Round Robin Session 9 - Sheet B,"14:05 Girone Sessione 9 - Campo B / Tour préliminaire, session 9 - piste B",ITA,JPN,8,6
5,18,TUE 17 FEB 2026,Round Robin Session 9 - Sheet C,"14:05 Girone Sessione 9 - Campo C / Tour préliminaire, session 9 - piste C",DEN,USA,3,10
5,19,TUE 17 FEB 2026,Round Robin Session 9 - Sheet D,"14:05 Girone Sessione 9 - Campo D / Tour préliminaire, session 9 - piste D",KOR,SUI,5,7
5,20,MON 16 FEB 2026,Round Robin Session 8 - Sheet A,"19:05 Girone Sessione 8 - Campo A / Tour préliminaire, session 8 - piste A",USA,ITA,2,7
5,21,MON 16 FEB 2026,Round Robin Session 8 - Sheet B,"19:05 Girone Sessione 8 - Campo B / Tour préliminaire, session 8 - piste B",KOR,CHN,10,9
5,22,MON 16 FEB 2026,Round Robin Session 8 - Sheet C,"19:05 Girone Sessione 8 - Campo C / Tour préliminaire, session 8 - piste C",SUI,GBR,10,6
5,23,MON 16 FEB 2026,Round Robin Session 8 - Sheet D,"19:05 Girone Sessione 8 - Campo D / Tour préliminaire, session 8 - piste D",JPN,CAN,6,9
5,24,MON 16 FEB 2026,Round Robin Session 7 - Sheet B,"9:05 Girone Sessione 7 - Campo B / Tour préliminaire, session 7 - piste B",SWE,SUI,6,4
5,25,MON 16 FEB 2026,Round Robin Session 7 - Sheet C,"9:05 Girone Sessione 7 - Campo C / Tour préliminaire, session 7 - piste C",CHN,CAN,5,10
5,26,MON 16 FEB 2026,Round Robin Session 7 - Sheet D,"9:05 Girone Sessione 7 - Campo D / Tour préliminaire, session 7 - piste D",DEN,GBR,2,7
5,27,SUN 15 FEB 2026,Round Robin Session 6 - Sheet A,"14:05 Girone Sessione 6 - Campo A / Tour préliminaire, session 6 - piste A",JPN,KOR,5,7
5,28,SUN 15 FEB 2026,Round Robin Session 6 - Sheet B,"14:05 Girone Sessione 6 - Campo B / Tour préliminaire, session 6 - piste B",DEN,ITA,7,2
5,29,SUN 15 FEB 2026,Round Robin Session 6 - Sheet C,"14:05 Girone Sessione 6 - Campo C / Tour préliminaire, session 6 - piste C",GBR,SWE,7,10
5,30,SUN 15 FEB 2026,Round Robin Session 6 - Sheet D,"14:05 Girone Sessione 6 - Campo D / Tour préliminaire, session 6 - piste D",USA,CHN,6,5
5,31,SAT 14 FEB 2026,Round Robin Session 5 - Sheet A,"19:05 Girone Sessione 5 - Campo A / Tour préliminaire, session 5 - piste A",CAN,SUI,7,8
5,32,SAT 14 FEB 2026,Round Robin Session 5 - Sheet B,"19:05 Girone Sessione 5 - Campo B / Tour préliminaire, session 5 - piste B",JPN,USA,4,7
5,33,SAT 14 FEB 2026,Round Robin Session 5 - Sheet C,"19:05 Girone Sessione 5 - Campo C / Tour préliminaire, session 5 - piste C",KOR,DEN,3,6
5,34,SAT 14 FEB 2026,Round Robin Session 5 - Sheet D,"19:05 Girone Sessione 5 - Campo D / Tour préliminaire, session 5 - piste D",ITA,SWE,6,8
5,35,SAT 14 FEB 2026,Round Robin Session 4 - Sheet A,"9:05 Girone Sessione 4 - Campo A / Tour préliminaire, session 4 - piste A",ITA,CHN,7,8
5,36,SAT 14 FEB 2026,Round Robin Session 4 - Sheet B,"9:05 Girone Sessione 4 - Campo B / Tour préliminaire, session 4 - piste B",GBR,CAN,7,6
5,37,SAT 14 FEB 2026,Round Robin Session 4 - Sheet D,"9:05 Girone Sessione 4 - Campo D / Tour préliminaire, session 4 - piste D",SUI,JPN,5,7
5,38,FRI 13 FEB 2026,Round Robin Session 3 - Sheet A,"14:05 Girone Sessione 3 - Campo A / Tour préliminaire, session 3 - piste A",DEN,SWE,5,6
5,39,FRI 13 FEB 2026,Round Robin Session 3 - Sheet B,"14:05 Girone Sessione 3 - Campo B / Tour préliminaire, session 3 - piste B",CHN,SUI,5,7
5,40,FRI 13 FEB 2026,Round Robin Session 3 - Sheet C,"14:05 Girone Sessione 3 - Campo C / Tour préliminaire, session 3 - piste C",USA,CAN,9,8
5,41,FRI 13 FEB 2026,Round Robin Session 3 - Sheet D,"14:05 Girone Sessione 3 - Campo D / Tour préliminaire, session 3 - piste D",GBR,KOR,3,9
5,42,THU 12 FEB 2026,Round Robin Session 2 - Sheet A,"19:05 Girone Sessione 2 - Campo A / Tour préliminaire, session 2 - piste A",CHN,GBR,7,4
5,43,THU 12 FEB 2026,Round Robin Session 2 - Sheet B,"19:05 Girone Sessione 2 - Campo B / Tour préliminaire, session 2 - piste B",ITA,KOR,2,7
5,44,THU 12 FEB 2026,Round Robin Session 2 - Sheet C,"19:05 Girone Sessione 2 - Campo C / Tour préliminaire, session 2 - piste C",DEN,JPN,10,7
5,45,THU 12 FEB 2026,Round Robin Session 2 - Sheet D,"19:05 Girone Sessione 2 - Campo D / Tour préliminaire, session 2 - piste D",SWE,USA,9,4
5,46,THU 12 FEB 2026,Round Robin Session 1 - Sheet A,"9:05 Girone Sessione 1 - Campo A / Tour préliminaire, session 1 - piste A",KOR,USA,4,8
5,47,THU 12 FEB 2026,Round Robin Session 1 - Sheet B,"9:05 Girone Sessione 1 - Campo B / Tour préliminaire, session 1 - piste B",JPN,SWE,4,8
5,48,THU 12 FEB 2026,Round Robin Session 1 - Sheet C,"9:05 Girone Sessione 1 - Campo C / Tour préliminaire, session 1 - piste C",ITA,SUI,4,7
5,49,THU 12 FEB 2026,Round Robin Session 1 - Sheet D,"9:05 Girone Sessione 1 - Campo D / Tour préliminaire, session 1 - piste D",CAN,DEN,10,4
5,50,SAT 21 FEB 2026,Gold Medal Game,19:05 Partita per la medaglia d'oro / Finale,GBR,CAN,6,9
5,51,FRI 20 FEB 2026,Bronze Medal Game,19:05 Partita per la medaglia di bronzo / Match pour la médaille de bronze,NOR,SUI,1,9
5,52,THU 19 FEB 2026,Semi-final - Sheet B,19:35 Semifinale - Campo B - piste B / Demi-finale - piste B - Sheet B,GBR,SUI,8,5
5,53,THU 19 FEB 2026,Semi-final - Sheet D,19:35 Semifinale - Campo D - piste D / Demi-finale - piste D - Sheet D,NOR,CAN,4,5
5,54,THU 19 FEB 2026,Round Robin Session 12 - Sheet A,"9:05 Girone Sessione 12 - Campo A / Tour préliminaire, session 12 - piste A",SWE,CZE,4,10
5,55,THU 19 FEB 2026,Round Robin Session 12 - Sheet B,"9:05 Girone Sessione 12 - Campo B / Tour préliminaire, session 12 - piste B",ITA,SUI,5,9
5,56,THU 19 FEB 2026,Round Robin Session 12 - Sheet C,"9:05 Girone Sessione 12 - Campo C / Tour préliminaire, session 12 - piste C",CHN,GER,4,6
5,57,THU 19 FEB 2026,Round Robin Session 12 - Sheet D,"9:05 Girone Sessione 12 - Campo D / Tour préliminaire, session 12 - piste D",NOR,CAN,8,6
5,58,WED 18 FEB 2026,Round Robin Session 11 - Sheet A,"14:05 Girone Sessione 11 - Campo A / Tour préliminaire, session 11 - piste A",ITA,CAN,3,8
5,59,WED 18 FEB 2026,Round Robin Session 11 - Sheet B,"14:05 Girone Sessione 11 - Campo B / Tour préliminaire, session 11 - piste B",CHN,CZE,5,10
5,60,WED 18 FEB 2026,Round Robin Session 11 - Sheet C,"14:05 Girone Sessione 11 - Campo C / Tour préliminaire, session 11 - piste C",NOR,SUI,4,10
5,61,WED 18 FEB 2026,Round Robin Session 11 - Sheet D,"14:05 Girone Sessione 11 - Campo D / Tour préliminaire, session 11 - piste D",USA,GBR,2,9
5,62,TUE 17 FEB 2026,Round Robin Session 10 - Sheet A,"19:05 Girone Sessione 10 - Campo A / Tour préliminaire, session 10 - piste A",GER,SUI,4,8
5,63,TUE 17 FEB 2026,Round Robin Session 10 - Sheet B,"19:05 Girone Sessione 10 - Campo B / Tour préliminaire, session 10 - piste B",USA,ITA,5,8
5,64,TUE 17 FEB 2026,Round Robin Session 10 - Sheet C,"19:05 Girone Sessione 10 - Campo C / Tour préliminaire, session 10 - piste C",CAN,GBR,9,5
5,65,TUE 17 FEB 2026,Round Robin Session 10 - Sheet D,"19:05 Girone Sessione 10 - Campo D / Tour préliminaire, session 10 - piste D",SWE,NOR,7,4
5,66,TUE 17 FEB 2026,Round Robin Session 9 - Sheet B,"9:05 Girone Sessione 9 - Campo B / Tour préliminaire, session 9 - piste B",SUI,SWE,9,4
5,67,TUE 17 FEB 2026,Round Robin Session 9 - Sheet C,"9:05 Girone Sessione 9 - Campo C / Tour préliminaire, session 9 - piste C",USA,CHN,5,8
5,68,TUE 17 FEB 2026,Round Robin Session 9 - Sheet D,"9:05 Girone Sessione 9 - Campo D / Tour préliminaire, session 9 - piste D",CZE,GER,9,7
5,69,MON 16 FEB 2026,Round Robin Session 8 - Sheet A,"14:05 Girone Sessione 8 - Campo A / Tour préliminaire, session 8 - piste A",GBR,NOR,6,7
5,70,MON 16 FEB 2026,Round Robin Session 8 - Sheet B,"14:05 Girone Sessione 8 - Campo B / Tour préliminaire, session 8 - piste B",CZE,CAN,2,8
5,71,MON 16 FEB 2026,Round Robin Session 8 - Sheet C,"14:05 Girone Sessione 8 - Campo C / Tour préliminaire, session 8 - piste C",SWE,GER,3,7
5,72,MON 16 FEB 2026,Round Robin Session 8 - Sheet D,"14:05 Girone Sessione 8 - Campo D / Tour préliminaire, session 8 - piste D",ITA,CHN,4,11
5,73,SUN 15 FEB 2026,Round Robin Session 7 - Sheet A,"19:05 Girone Sessione 7 - Campo A / Tour préliminaire, session 7 - piste A",CHN,CAN,3,6
5,74,SUN 15 FEB 2026,Round Robin Session 7 - Sheet B,"19:05 Girone Sessione 7 - Campo B / Tour préliminaire, session 7 - piste B",NOR,USA,8,10
5,75,SUN 15 FEB 2026,Round Robin Session 7 - Sheet C,"19:05 Girone Sessione 7 - Campo C / Tour préliminaire, session 7 - piste C",ITA,CZE,10,5
5,76,SUN 15 FEB 2026,Round Robin Session 7 - Sheet D,"19:05 Girone Sessione 7 - Campo D / Tour préliminaire, session 7 - piste D",GBR,SUI,5,6
5,77,SUN 15 FEB 2026,Round Robin Session 6 - Sheet A,"9:05 Girone Sessione 6 - Campo A / Tour préliminaire, session 6 - piste A",USA,SWE,8,5
5,78,SUN 15 FEB 2026,Round Robin Session 6 - Sheet B,"9:05 Girone Sessione 6 - Campo B / Tour préliminaire, session 6 - piste B",GER,GBR,4,9
5,79,SUN 15 FEB 2026,Round Robin Session 6 - Sheet D,"9:05 Girone Sessione 6 - Campo D / Tour préliminaire, session 6 - piste D",NOR,ITA,10,7
5,80,SAT 14 FEB 2026,Round Robin Session 5 - Sheet A,"14:05 Girone Sessione 5 - Campo A / Tour préliminaire, session 5 - piste A",CZE,GBR,4,7
5,81,SAT 14 FEB 2026,Round Robin Session 5 - Sheet B,"14:05 Girone Sessione 5 - Campo B / Tour préliminaire, session 5 - piste B",SWE,CHN,6,4
5,82,SAT 14 FEB 2026,Round Robin Session 5 - Sheet C,"14:05 Girone Sessione 5 - Campo C / Tour préliminaire, session 5 - piste C",SUI,CAN,9,5
5,83,SAT 14 FEB 2026,Round Robin Session 5 - Sheet D,"14:05 Girone Sessione 5 - Campo D / Tour préliminaire, session 5 - piste D",GER,USA,6,8
5,84,FRI 13 FEB 2026,Round Robin Session 4 - Sheet A,"19:05 Girone Sessione 4 - Campo A / Tour préliminaire, session 4 - piste A",SUI,CHN,9,7
5,85,FRI 13 FEB 2026,Round Robin Session 4 - Sheet B,"19:05 Girone Sessione 4 - Campo B / Tour préliminaire, session 4 - piste B",CZE,NOR,4,7
5,86,FRI 13 FEB 2026,Round Robin Session 4 - Sheet C,"19:05 Girone Sessione 4 - Campo C / Tour préliminaire, session 4 - piste C",GER,ITA,6,5
5,87,FRI 13 FEB 2026,Round Robin Session 4 - Sheet D,"19:05 Girone Sessione 4 - Campo D / Tour préliminaire, session 4 - piste D",CAN,SWE,8,6
5,88,FRI 13 FEB 2026,Round Robin Session 3 - Sheet A,"9:05 Girone Sessione 3 - Campo A / Tour préliminaire, session 3 - piste A",CAN,USA,6,3
5,89,FRI 13 FEB 2026,Round Robin Session 3 - Sheet B,"9:05 Girone Sessione 3 - Campo B / Tour préliminaire, session 3 - piste B",GBR,ITA,7,9
5,90,FRI 13 FEB 2026,Round Robin Session 3 - Sheet C,"9:05 Girone Sessione 3 - Campo C / Tour préliminaire, session 3 - piste C",CHN,NOR,6,8
5,91,FRI 13 FEB 2026,Round Robin Session 3 - Sheet D,"9:05 Girone Sessione 3 - Campo D / Tour préliminaire, session 3 - piste D",SUI,CZE,7,3
5,92,THU 12 FEB 2026,Round Robin Session 2 - Sheet A,"14:05 Girone Sessione 2 - Campo A / Tour préliminaire, session 2 - piste A",NOR,GER,4,5
5,93,THU 12 FEB 2026,Round Robin Session 2 - Sheet B,"14:05 Girone Sessione 2 - Campo B / Tour préliminaire, session 2 - piste B",USA,SUI,3,8
5,94,THU 12 FEB 2026,Round Robin Session 2 - Sheet C,"14:05 Girone Sessione 2 - Campo C / Tour préliminaire, session 2 - piste C",GBR,SWE,6,3
5,95,WED 11 FEB 2026,Round Robin Session 1 - Sheet A,"19:05 Girone Sessione 1 - Campo A / Tour préliminaire, session 1 - piste A",SWE,ITA,6,7
5,96,WED 11 FEB 2026,Round Robin Session 1 - Sheet B,"19:05 Girone Sessione 1 - Campo B / Tour préliminaire, session 1 - piste B",CAN,GER,7,6
5,97,WED 11 FEB 2026,Round Robin Session 1 - Sheet C,"19:05 Girone Sessione 1 - Campo C / Tour préliminaire, session 1 - piste C",CZE,USA,7,8
5,98,WED 11 FEB 2026,Round Robin Session 1 - Sheet D,"19:05 Girone Sessione 1 - Campo D / Tour préliminaire, session 1 - piste D",CHN,GBR,4,9
5,99,TUE 10 FEB 2026,Gold Medal Game,18:05 Partita per la medaglia d'oro / Finale,SWE,USA,6,5
5,100,TUE 10 FEB 2026,Bronze Medal Game,14:05 Partita per la medaglia di bronzo / Match pour la médaille de bronze,GBR,ITA,3,5
5,101,MON 9 FEB 2026,Semi-final - Sheet B,18:05 Semifinale - Campo B - piste B / Demi-finale - piste B - Sheet B,GBR,SWE,3,9
5,102,MON 9 FEB 2026,Semi-final - Sheet D,18:05 Semifinale - Campo D - piste D / Demi-finale - piste D - Sheet D,ITA,USA,8,9
5,103,MON 9 FEB 2026,Round Robin Session 13 - Sheet A,"10:05 Girone Sessione 13 - Campo A / Tour préliminaire, session 13 - piste A",SUI,CAN,4,8
5,104,MON 9 FEB 2026,Round Robin Session 13 - Sheet B,"10:05 Girone Sessione 13 - Campo B / Tour préliminaire, session 13 - piste B",USA,ITA,6,7
5,105,MON 9 FEB 2026,Round Robin Session 13 - Sheet C,"10:05 Girone Sessione 13 - Campo C / Tour préliminaire, session 13 - piste C",NOR,KOR,8,5
5,106,MON 9 FEB 2026,Round Robin Session 13 - Sheet D,"10:05 Girone Sessione 13 - Campo D / Tour préliminaire, session 13 - piste D",CZE,EST,8,4
5,107,SUN 8 FEB 2026,Round Robin Session 12 - Sheet A,"19:05 Girone Sessione 12 - Campo A / Tour préliminaire, session 12 - piste A",ITA,GBR,6,9
5,108,SUN 8 FEB 2026,Round Robin Session 12 - Sheet B,"19:05 Girone Sessione 12 - Campo B / Tour préliminaire, session 12 - piste B",SWE,USA,7,8
5,109,SUN 8 FEB 2026,Round Robin Session 12 - Sheet C,"19:05 Girone Sessione 12 - Campo C / Tour préliminaire, session 12 - piste C",SUI,NOR,3,6
5,110,SUN 8 FEB 2026,Round Robin Session 12 - Sheet D,"19:05 Girone Sessione 12 - Campo D / Tour préliminaire, session 12 - piste D",CAN,KOR,5,9
5,111,SUN 8 FEB 2026,Round Robin Session 11 - Sheet A,"14:35 Girone Sessione 11 - Campo A / Tour préliminaire, session 11 - piste A",CAN,SWE,6,7
5,112,SUN 8 FEB 2026,Round Robin Session 11 - Sheet B,"14:35 Girone Sessione 11 - Campo B / Tour préliminaire, session 11 - piste B",GBR,SUI,6,7
5,113,SUN 8 FEB 2026,Round Robin Session 11 - Sheet C,"14:35 Girone Sessione 11 - Campo C / Tour préliminaire, session 11 - piste C",USA,EST,5,3
5,114,SUN 8 FEB 2026,Round Robin Session 11 - Sheet D,"14:35 Girone Sessione 11 - Campo D / Tour préliminaire, session 11 - piste D",ITA,CZE,8,2
5,115,SUN 8 FEB 2026,Round Robin Session 10 - Sheet A,"10:05 Girone Sessione 10 - Campo A / Tour préliminaire, session 10 - piste A",NOR,CZE,3,6
5,116,SUN 8 FEB 2026,Round Robin Session 10 - Sheet B,"10:05 Girone Sessione 10 - Campo B / Tour préliminaire, session 10 - piste B",EST,KOR,3,9
5,117,SAT 7 FEB 2026,Round Robin Session 9 - Sheet A,"19:05 Girone Sessione 9 - Campo A / Tour préliminaire, session 9 - piste A",KOR,USA,6,5
5,118,SAT 7 FEB 2026,Round Robin Session 9 - Sheet B,"19:05 Girone Sessione 9 - Campo B / Tour préliminaire, session 9 - piste B",CAN,EST,6,8
5,119,SAT 7 FEB 2026,Round Robin Session 9 - Sheet C,"19:05 Girone Sessione 9 - Campo C / Tour préliminaire, session 9 - piste C",CZE,SUI,3,10
5,120,SAT 7 FEB 2026,Round Robin Session 9 - Sheet D,"19:05 Girone Sessione 9 - Campo D / Tour préliminaire, session 9 - piste D",NOR,ITA,5,6
5,121,SAT 7 FEB 2026,Round Robin Session 8 - Sheet A,"14:35 Girone Sessione 8 - Campo A / Tour préliminaire, session 8 - piste A",EST,NOR,5,6
5,122,SAT 7 FEB 2026,Round Robin Session 8 - Sheet B,"14:35 Girone Sessione 8 - Campo B / Tour préliminaire, session 8 - piste B",KOR,CZE,4,9
5,123,SAT 7 FEB 2026,Round Robin Session 8 - Sheet C,"14:35 Girone Sessione 8 - Campo C / Tour préliminaire, session 8 - piste C",SWE,ITA,9,4
5,124,SAT 7 FEB 2026,Round Robin Session 8 - Sheet D,"14:35 Girone Sessione 8 - Campo D / Tour préliminaire, session 8 - piste D",GBR,USA,6,4
5,125,SAT 7 FEB 2026,Round Robin Session 7 - Sheet C,"10:05 Girone Sessione 7 - Campo C / Tour préliminaire, session 7 - piste C",GBR,CAN,7,5
5,126,SAT 7 FEB 2026,Round Robin Session 7 - Sheet D,"10:05 Girone Sessione 7 - Campo D / Tour préliminaire, session 7 - piste D",SUI,SWE,7,13
5,127,FRI 6 FEB 2026,Round Robin Session 6 - Sheet A,"14:35 Girone Sessione 6 - Campo A / Tour préliminaire, session 6 - piste A",CZE,USA,1,8
5,128,FRI 6 FEB 2026,Round Robin Session 6 - Sheet B,"14:35 Girone Sessione 6 - Campo B / Tour préliminaire, session 6 - piste B",ITA,EST,7,4
5,129,FRI 6 FEB 2026,Round Robin Session 6 - Sheet C,"14:35 Girone Sessione 6 - Campo C / Tour préliminaire, session 6 - piste C",KOR,GBR,2,8
5,130,FRI 6 FEB 2026,Round Robin Session 6 - Sheet D,"14:35 Girone Sessione 6 - Campo D / Tour préliminaire, session 6 - piste D",SWE,NOR,0,9
5,131,FRI 6 FEB 2026,Round Robin Session 5 - Sheet B,"10:05 Girone Sessione 5 - Campo B / Tour préliminaire, session 5 - piste B",SWE,GBR,4,7
5,132,FRI 6 FEB 2026,Round Robin Session 5 - Sheet C,"10:05 Girone Sessione 5 - Campo C / Tour préliminaire, session 5 - piste C",ITA,SUI,12,4
5,133,FRI 6 FEB 2026,Round Robin Session 5 - Sheet D,"10:05 Girone Sessione 5 - Campo D / Tour préliminaire, session 5 - piste D",USA,CAN,7,5
5,134,THU 5 FEB 2026,Round Robin Session 4 - Sheet A,"19:05 Girone Sessione 4 - Campo A / Tour préliminaire, session 4 - piste A",CAN,ITA,7,2
5,135,THU 5 FEB 2026,Round Robin Session 4 - Sheet B,"19:05 Girone Sessione 4 - Campo B / Tour préliminaire, session 4 - piste B",SUI,KOR,8,5
5,136,THU 5 FEB 2026,Round Robin Session 4 - Sheet C,"19:05 Girone Sessione 4 - Campo C / Tour préliminaire, session 4 - piste C",EST,SWE,7,5
5,137,THU 5 FEB 2026,Round Robin Session 4 - Sheet D,"19:05 Girone Sessione 4 - Campo D / Tour préliminaire, session 4 - piste D",CZE,GBR,7,8
5,138,THU 5 FEB 2026,Round Robin Session 3 - Sheet A,"14:35 Girone Sessione 3 - Campo A / Tour préliminaire, session 3 - piste A",USA,SUI,7,4
5,139,THU 5 FEB 2026,Round Robin Session 3 - Sheet B,"14:35 Girone Sessione 3 - Campo B / Tour préliminaire, session 3 - piste B",NOR,CAN,3,6
5,140,THU 5 FEB 2026,Round Robin Session 2 - Sheet A,"10:05 Girone Sessione 2 - Campo A / Tour préliminaire, session 2 - piste A",GBR,EST,10,5
5,141,THU 5 FEB 2026,Round Robin Session 2 - Sheet B,"10:05 Girone Sessione 2 - Campo B / Tour préliminaire, session 2 - piste B",CZE,SWE,4,7
5,142,THU 5 FEB 2026,Round Robin Session 2 - Sheet C,"10:05 Girone Sessione 2 - Campo C / Tour préliminaire, session 2 - piste C",NOR,USA,6,8
5,143,THU 5 FEB 2026,Round Robin Session 2 - Sheet D,"10:05 Girone Sessione 2 - Campo D / Tour préliminaire, session 2 - piste D",KOR,ITA,4,8
5,144,WED 4 FEB 2026,Round Robin Session 1 - Sheet A,"19:05 Girone Sessione 1 - Campo A / Tour préliminaire, session 1 - piste A",SWE,KOR,10,3
5,145,WED 4 FEB 2026,Round Robin Session 1 - Sheet B,"19:05 Girone Sessione 1 - Campo B / Tour préliminaire, session 1 - piste B",GBR,NOR,8,6
5,146,WED 4 FEB 2026,Round Robin Session 1 - Sheet C,"19:05 Girone Sessione 1 - Campo C / Tour préliminaire, session 1 - piste C",CAN,CZE,10,5
5,147,WED 4 FEB 2026,Round Robin Session 1 - Sheet D,"19:05 Girone Sessione 1 - Campo D / Tour préliminaire, session 1 - piste D",EST,SUI,7,9
9,1,THU 11 DEC 2025,Qualification Game 2,15:00,CHN,JPN,9,4
9,2,WED 10 DEC 2025,Qualification Game 1,19:00,USA,CHN,9,4
9,3,WED 10 DEC 2025,Round Robin Session 7 - Sheet A,9:00,PHI,KOR,5,10
9,4,WED 10 DEC 2025,Round Robin Session 7 - Sheet B,9:00,NZL,POL,10,8
9,5,WED 10 DEC 2025,Round Robin Session 7 - Sheet C,9:00,JPN,CHN,9,6
9,6,WED 10 DEC 2025,Round Robin Session 7 - Sheet D,9:00,USA,NED,7,3
9,7,TUE 9 DEC 2025,Round Robin Session 6 - Sheet A,14:00,CHN,POL,7,0
9,8,TUE 9 DEC 2025,Round Robin Session 6 - Sheet B,14:00,NED,KOR,7,9
9,9,TUE 9 DEC 2025,Round Robin Session 6 - Sheet C,14:00,PHI,USA,3,9
9,10,TUE 9 DEC 2025,Round Robin Session 6 - Sheet D,14:00,NZL,JPN,3,7
9,11,MON 8 DEC 2025,Round Robin Session 5 - Sheet A,19:00,USA,NZL,6,5
9,12,MON 8 DEC 2025,Round Robin Session 5 - Sheet B,19:00,JPN,PHI,7,9
9,13,MON 8 DEC 2025,Round Robin Session 5 - Sheet C,19:00,POL,NED,2,9
9,14,MON 8 DEC 2025,Round Robin Session 5 - Sheet D,19:00,KOR,CHN,3,9
9,15,MON 8 DEC 2025,Round Robin Session 4 - Sheet A,9:00,KOR,JPN,5,8
9,16,MON 8 DEC 2025,Round Robin Session 4 - Sheet B,9:00,POL,USA,4,7
9,17,MON 8 DEC 2025,Round Robin Session 4 - Sheet C,9:00,CHN,NZL,7,2
9,18,MON 8 DEC 2025,Round Robin Session 4 - Sheet D,9:00,NED,PHI,10,4
9,19,SUN 7 DEC 2025,Round Robin Session 3 - Sheet A,14:00,NZL,NED,4,7
9,20,SUN 7 DEC 2025,Round Robin Session 3 - Sheet B,14:00,PHI,CHN,2,5
9,21,SUN 7 DEC 2025,Round Robin Session 3 - Sheet C,14:00,USA,KOR,7,5
9,22,SUN 7 DEC 2025,Round Robin Session 3 - Sheet D,14:00,JPN,POL,10,7
9,23,SAT 6 DEC 2025,Round Robin Session 2 - Sheet A,19:00,POL,PHI,3,9
9,24,SAT 6 DEC 2025,Round Robin Session 2 - Sheet B,19:00,KOR,NZL,6,7
9,25,SAT 6 DEC 2025,Round Robin Session 2 - Sheet C,19:00,NED,JPN,5,7
9,26,SAT 6 DEC 2025,Round Robin Session 2 - Sheet D,19:00,CHN,USA,9,8
9,27,SAT 6 DEC 2025,Round Robin Session 1 - Sheet A,9:00,JPN,USA,2,5
9,28,SAT 6 DEC 2025,Round Robin Session 1 - Sheet B,9:00,CHN,NED,8,6
9,29,SAT 6 DEC 2025,Round Robin Session 1 - Sheet C,9:00,KOR,POL,7,5
9,30,SAT 6 DEC 2025,Round Robin Session 1 - Sheet D,9:00,PHI,NZL,6,2
10,1,THU 11 DEC 2025,Qualification Game 2,10:00,USA,NOR,8,4
10,2,WED 10 DEC 2025,Qualification Game 1,14:00,JPN,NOR,6,5
10,3,TUE 9 DEC 2025,Round Robin Session 7 - Sheet A,19:00,AUS,TUR,7,8
10,4,TUE 9 DEC 2025,Round Robin Session 7 - Sheet B,19:00,CZE,EST,4,7
10,5,TUE 9 DEC 2025,Round Robin Session 7 - Sheet C,19:00,NOR,JPN,10,9
10,6,TUE 9 DEC 2025,Round Robin Session 7 - Sheet D,19:00,GER,USA,5,9
10,7,TUE 9 DEC 2025,Round Robin Session 6 - Sheet A,9:00,JPN,EST,9,2
10,8,TUE 9 DEC 2025,Round Robin Session 6 - Sheet B,9:00,USA,TUR,10,4
10,9,TUE 9 DEC 2025,Round Robin Session 6 - Sheet C,9:00,AUS,GER,4,8
10,10,TUE 9 DEC 2025,Round Robin Session 6 - Sheet D,9:00,CZE,NOR,5,6
10,11,MON 8 DEC 2025,Round Robin Session 5 - Sheet A,14:00,GER,CZE,9,4
10,12,MON 8 DEC 2025,Round Robin Session 5 - Sheet B,14:00,NOR,AUS,12,5
10,13,MON 8 DEC 2025,Round Robin Session 5 - Sheet C,14:00,EST,USA,6,8
10,14,MON 8 DEC 2025,Round Robin Session 5 - Sheet D,14:00,TUR,JPN,5,10
10,15,SUN 7 DEC 2025,Round Robin Session 4 - Sheet A,19:00,TUR,NOR,4,6
10,16,SUN 7 DEC 2025,Round Robin Session 4 - Sheet B,19:00,EST,GER,3,10
10,17,SUN 7 DEC 2025,Round Robin Session 4 - Sheet C,19:00,JPN,CZE,10,3
10,18,SUN 7 DEC 2025,Round Robin Session 4 - Sheet D,19:00,USA,AUS,10,4
10,19,SUN 7 DEC 2025,Round Robin Session 3 - Sheet A,9:00,CZE,USA,9,7
10,20,SUN 7 DEC 2025,Round Robin Session 3 - Sheet B,9:00,AUS,JPN,5,7
10,21,SUN 7 DEC 2025,Round Robin Session 3 - Sheet C,9:00,GER,TUR,8,4
10,22,SUN 7 DEC 2025,Round Robin Session 3 - Sheet D,9:00,NOR,EST,9,8
10,23,SAT 6 DEC 2025,Round Robin Session 2 - Sheet A,14:00,EST,AUS,12,4
10,24,SAT 6 DEC 2025,Round Robin Session 2 - Sheet B,14:00,TUR,CZE,8,5
10,25,SAT 6 DEC 2025,Round Robin Session 2 - Sheet C,14:00,USA,NOR,8,7
10,26,SAT 6 DEC 2025,Round Robin Session 2 - Sheet D,14:00,JPN,GER,8,6
10,27,FRI 5 DEC 2025,Round Robin Session 1 - Sheet A,19:00,NOR,GER,6,3
10,28,FRI 5 DEC 2025,Round Robin Session 1 - Sheet B,19:00,JPN,USA,8,4
10,29,FRI 5 DEC 2025,Round Robin Session 1 - Sheet C,19:00,TUR,EST,8,7
10,30,FRI 5 DEC 2025,Round Robin Session 1 - Sheet D,19:00,AUS,CZE,8,5
11,1,THU 18 DEC 2025,Qualification Round 2,17:00,KOR,AUS,10,5
11,2,THU 18 DEC 2025,Qualification Round 1 - A2 v B2,10:00,CHN,KOR,3,7
11,3,THU 18 DEC 2025,Qualification Round 1 - A1 v B1,10:00,CZE,AUS,6,5
11,4,WED 17 DEC 2025,Round Robin Session 7,18:00 Group B - Sheet A,HUN,FRA,7,6
11,5,WED 17 DEC 2025,Round Robin Session 7,18:00 Group B - Sheet B,CHN,AUS,5,6
11,6,WED 17 DEC 2025,Round Robin Session 7,18:00 Group B - Sheet C,ESP,DEN,1,9
11,7,WED 17 DEC 2025,Round Robin Session 7,18:00 Group B - Sheet D,NZL,NED,8,5
11,9,WED 17 DEC 2025,Round Robin Session 7,14:00 Group A - Sheet B,CZE,KOR,9,3
11,10,WED 17 DEC 2025,Round Robin Session 7,14:00 Group A - Sheet C,GER,FIN,7,5
11,11,WED 17 DEC 2025,Round Robin Session 7,14:00 Group A - Sheet D,LAT,TUR,6,7
11,12,WED 17 DEC 2025,Round Robin Session 6,10:00 Group B - Sheet A,DEN,AUS,7,8
11,13,WED 17 DEC 2025,Round Robin Session 6,10:00 Group B - Sheet B,NED,FRA,6,5
11,14,WED 17 DEC 2025,Round Robin Session 6,10:00 Group B - Sheet C,HUN,NZL,6,7
11,15,WED 17 DEC 2025,Round Robin Session 6,10:00 Group B - Sheet D,CHN,ESP,8,7
11,16,TUE 16 DEC 2025,Round Robin Session 6,18:00 Group A - Sheet A,FIN,KOR,5,6
11,17,TUE 16 DEC 2025,Round Robin Session 6,18:00 Group A - Sheet B,TUR,JPN,2,11
11,19,TUE 16 DEC 2025,Round Robin Session 6,18:00 Group A - Sheet D,CZE,GER,8,4
11,20,TUE 16 DEC 2025,Round Robin Session 5,14:00 Group B - Sheet A,NZL,CHN,5,6
11,21,TUE 16 DEC 2025,Round Robin Session 5,14:00 Group B - Sheet B,ESP,HUN,6,7
11,22,TUE 16 DEC 2025,Round Robin Session 5,14:00 Group B - Sheet C,AUS,NED,6,7
11,23,TUE 16 DEC 2025,Round Robin Session 5,14:00 Group B - Sheet D,FRA,DEN,5,7
11,24,TUE 16 DEC 2025,Round Robin Session 5,10:00 Group A - Sheet A,LAT,CZE,4,8
11,26,TUE 16 DEC 2025,Round Robin Session 5,10:00 Group A - Sheet C,KOR,TUR,8,2
11,27,TUE 16 DEC 2025,Round Robin Session 5,10:00 Group A - Sheet D,JPN,FIN,7,3
11,28,MON 15 DEC 2025,Round Robin Session 4,18:00 Group B - Sheet A,FRA,ESP,9,6
11,29,MON 15 DEC 2025,Round Robin Session 4,18:00 Group B - Sheet B,AUS,NZL,8,4
11,30,MON 15 DEC 2025,Round Robin Session 4,18:00 Group B - Sheet C,DEN,CHN,4,7
11,31,MON 15 DEC 2025,Round Robin Session 4,18:00 Group B - Sheet D,NED,HUN,8,2
11,32,MON 15 DEC 2025,Round Robin Session 4,14:00 Group A - Sheet A,JPN,GER,7,3
11,33,MON 15 DEC 2025,Round Robin Session 4,14:00 Group A - Sheet B,KOR,LAT,7,5
11,34,MON 15 DEC 2025,Round Robin Session 4,14:00 Group A - Sheet C,FIN,CZE,6,7
11,36,MON 15 DEC 2025,Round Robin Session 3,10:00 Group B - Sheet A,CHN,NED,7,5
11,37,MON 15 DEC 2025,Round Robin Session 3,10:00 Group B - Sheet B,HUN,DEN,4,7
11,38,MON 15 DEC 2025,Round Robin Session 3,10:00 Group B - Sheet C,NZL,FRA,7,11
11,39,MON 15 DEC 2025,Round Robin Session 3,10:00 Group B - Sheet D,ESP,AUS,4,9
11,40,SUN 14 DEC 2025,Round Robin Session 3,18:00 Group A - Sheet A,CZE,TUR,8,5
11,42,SUN 14 DEC 2025,Round Robin Session 3,18:00 Group A - Sheet C,LAT,JPN,7,6
11,43,SUN 14 DEC 2025,Round Robin Session 3,18:00 Group A - Sheet D,GER,KOR,2,8
11,44,SUN 14 DEC 2025,Round Robin Session 2,14:00 Group B - Sheet A,AUS,HUN,9,6
11,45,SUN 14 DEC 2025,Round Robin Session 2,14:00 Group B - Sheet B,FRA,CHN,4,12
11,46,SUN 14 DEC 2025,Round Robin Session 2,14:00 Group B - Sheet C,NED,ESP,8,2
11,47,SUN 14 DEC 2025,Round Robin Session 2,14:00 Group B - Sheet D,DEN,NZL,11,4
11,49,SUN 14 DEC 2025,Round Robin Session 2,10:00 Group A - Sheet B,JPN,CZE,8,3
11,50,SUN 14 DEC 2025,Round Robin Session 2,10:00 Group A - Sheet C,TUR,GER,6,4
11,51,SUN 14 DEC 2025,Round Robin Session 2,10:00 Group A - Sheet D,FIN,LAT,6,13
11,52,SAT 13 DEC 2025,Round Robin Session 1,19:30 Group B - Sheet A,ESP,NZL,5,6
11,53,SAT 13 DEC 2025,Round Robin Session 1,19:30 Group B - Sheet B,DEN,NED,4,6
11,54,SAT 13 DEC 2025,Round Robin Session 1,19:30 Group B - Sheet C,FRA,AUS,4,5
11,55,SAT 13 DEC 2025,Round Robin Session 1,19:30 Group B - Sheet D,HUN,CHN,3,9
11,56,SAT 13 DEC 2025,Round Robin Session 1,15:30 Group A - Sheet A,GER,LAT,6,4
11,57,SAT 13 DEC 2025,Round Robin Session 1,15:30 Group A - Sheet B,FIN,TUR,6,7
11,58,SAT 13 DEC 2025,Round Robin Session 1,15:30 Group A - Sheet C,JPN,KOR,4,7
11,59,SAT 13 DEC 2025,Round Robin Session 1,15:30 Group A - Sheet D,AUT,CZE,2,15
12,1,SAT 29 NOV 2025,Gold Medal Game,15:00,SUI,SWE,4,5
12,2,FRI 28 NOV 2025,Bronze Medal Game,19:00,ITA,SCO,3,9
12,3,FRI 28 NOV 2025,Semi-final - Sheet A,9:00,SUI,ITA,8,7
12,4,FRI 28 NOV 2025,Semi-final - Sheet D,9:00,SWE,SCO,8,5
12,5,THU 27 NOV 2025,Round Robin Session 9 - Sheet A,14:00,CZE,DEN,6,7
12,6,THU 27 NOV 2025,Round Robin Session 9 - Sheet B,14:00,AUT,SWE,5,7
12,7,THU 27 NOV 2025,Round Robin Session 9 - Sheet C,14:00,GER,POL,6,5
12,8,THU 27 NOV 2025,Round Robin Session 9 - Sheet D,14:00,SCO,ITA,8,5
12,9,THU 27 NOV 2025,Round Robin Session 9 - Sheet E,14:00,SUI,NOR,8,4
12,10,WED 26 NOV 2025,Round Robin Session 8 - Sheet A,19:00,ITA,SUI,8,9
12,11,WED 26 NOV 2025,Round Robin Session 8 - Sheet B,19:00,CZE,POL,9,2
12,12,WED 26 NOV 2025,Round Robin Session 8 - Sheet C,19:00,AUT,DEN,4,6
12,13,WED 26 NOV 2025,Round Robin Session 8 - Sheet D,19:00,NOR,GER,3,7
12,14,WED 26 NOV 2025,Round Robin Session 8 - Sheet E,19:00,SWE,SCO,4,11
12,15,WED 26 NOV 2025,Round Robin Session 7 - Sheet A,9:00,GER,AUT,8,2
12,16,WED 26 NOV 2025,Round Robin Session 7 - Sheet B,9:00,DEN,SUI,3,9
12,17,WED 26 NOV 2025,Round Robin Session 7 - Sheet C,9:00,SWE,ITA,4,6
12,18,WED 26 NOV 2025,Round Robin Session 7 - Sheet D,9:00,POL,SCO,2,7
12,19,WED 26 NOV 2025,Round Robin Session 7 - Sheet E,9:00,NOR,CZE,4,6
12,20,TUE 25 NOV 2025,Round Robin Session 6 - Sheet A,14:00,POL,SWE,4,8
12,21,TUE 25 NOV 2025,Round Robin Session 6 - Sheet B,14:00,SCO,NOR,7,4
12,22,TUE 25 NOV 2025,Round Robin Session 6 - Sheet C,14:00,CZE,GER,6,9
12,23,TUE 25 NOV 2025,Round Robin Session 6 - Sheet D,14:00,AUT,SUI,2,10
12,24,TUE 25 NOV 2025,Round Robin Session 6 - Sheet E,14:00,DEN,ITA,5,7
12,25,MON 24 NOV 2025,Round Robin Session 5 - Sheet A,20:00,SUI,SCO,4,8
12,26,MON 24 NOV 2025,Round Robin Session 5 - Sheet B,20:00,POL,ITA,6,9
12,27,MON 24 NOV 2025,Round Robin Session 5 - Sheet C,20:00,NOR,AUT,9,7
12,28,MON 24 NOV 2025,Round Robin Session 5 - Sheet D,20:00,GER,DEN,10,2
12,29,MON 24 NOV 2025,Round Robin Session 5 - Sheet E,20:00,CZE,SWE,2,7
12,30,MON 24 NOV 2025,Round Robin Session 4 - Sheet A,12:00,AUT,POL,3,12
12,31,MON 24 NOV 2025,Round Robin Session 4 - Sheet B,12:00,SUI,CZE,10,9
12,32,MON 24 NOV 2025,Round Robin Session 4 - Sheet C,12:00,DEN,SCO,4,9
12,33,MON 24 NOV 2025,Round Robin Session 4 - Sheet D,12:00,SWE,NOR,9,5
12,34,MON 24 NOV 2025,Round Robin Session 4 - Sheet E,12:00,ITA,GER,9,7
12,35,SUN 23 NOV 2025,Round Robin Session 3 - Sheet A,19:00,SWE,GER,5,3
12,36,SUN 23 NOV 2025,Round Robin Session 3 - Sheet B,19:00,NOR,DEN,8,3
12,37,SUN 23 NOV 2025,Round Robin Session 3 - Sheet C,19:00,ITA,CZE,8,9
12,38,SUN 23 NOV 2025,Round Robin Session 3 - Sheet D,19:00,SUI,POL,9,3
12,39,SUN 23 NOV 2025,Round Robin Session 3 - Sheet E,19:00,SCO,AUT,7,4
12,40,SUN 23 NOV 2025,Round Robin Session 2 - Sheet A,9:00,SCO,CZE,10,5
12,41,SUN 23 NOV 2025,Round Robin Session 2 - Sheet B,9:00,ITA,AUT,10,1
12,42,SUN 23 NOV 2025,Round Robin Session 2 - Sheet C,9:00,POL,NOR,9,8
12,43,SUN 23 NOV 2025,Round Robin Session 2 - Sheet D,9:00,DEN,SWE,4,10
12,44,SUN 23 NOV 2025,Round Robin Session 2 - Sheet E,9:00,GER,SUI,8,6
12,45,SAT 22 NOV 2025,Round Robin Session 1 - Sheet A,14:30,NOR,ITA,4,9
12,46,SAT 22 NOV 2025,Round Robin Session 1 - Sheet B,14:30,GER,SCO,7,8
12,47,SAT 22 NOV 2025,Round Robin Session 1 - Sheet C,14:30,SUI,SWE,8,4
12,48,SAT 22 NOV 2025,Round Robin Session 1 - Sheet D,14:30,CZE,AUT,8,7
12,49,SAT 22 NOV 2025,Round Robin Session 1 - Sheet E,14:30,POL,DEN,7,5
13,1,SAT 29 NOV 2025,Gold Medal Game,10:00,SCO,SWE,5,7
13,2,FRI 28 NOV 2025,Bronze Medal Game,14:00,SUI,NOR,8,4
13,3,THU 27 NOV 2025,Semi-final - Sheet B,19:00,SUI,SCO,5,8
13,4,THU 27 NOV 2025,Semi-final - Sheet D,19:00,NOR,SWE,6,7
13,5,THU 27 NOV 2025,Round Robin Session 9 - Sheet A,9:00,SCO,GER,6,5
13,6,THU 27 NOV 2025,Round Robin Session 9 - Sheet B,9:00,TUR,LTU,13,2
13,7,THU 27 NOV 2025,Round Robin Session 9 - Sheet C,9:00,SUI,NOR,6,5
13,8,THU 27 NOV 2025,Round Robin Session 9 - Sheet D,9:00,SWE,DEN,9,4
13,9,THU 27 NOV 2025,Round Robin Session 9 - Sheet E,9:00,ITA,CZE,6,7
13,10,WED 26 NOV 2025,Round Robin Session 8 - Sheet A,14:00,DEN,ITA,5,6
13,11,WED 26 NOV 2025,Round Robin Session 8 - Sheet B,14:00,SCO,NOR,8,5
13,12,WED 26 NOV 2025,Round Robin Session 8 - Sheet C,14:00,TUR,GER,3,5
13,13,WED 26 NOV 2025,Round Robin Session 8 - Sheet D,14:00,CZE,SUI,5,7
13,14,WED 26 NOV 2025,Round Robin Session 8 - Sheet E,14:00,LTU,SWE,3,9
13,15,TUE 25 NOV 2025,Round Robin Session 7 - Sheet A,19:00,SUI,TUR,5,8
13,16,TUE 25 NOV 2025,Round Robin Session 7 - Sheet B,19:00,GER,ITA,3,5
13,17,TUE 25 NOV 2025,Round Robin Session 7 - Sheet C,19:00,LTU,DEN,4,8
13,18,TUE 25 NOV 2025,Round Robin Session 7 - Sheet D,19:00,NOR,SWE,4,7
13,19,TUE 25 NOV 2025,Round Robin Session 7 - Sheet E,19:00,CZE,SCO,3,8
13,20,TUE 25 NOV 2025,Round Robin Session 6 - Sheet A,9:00,NOR,LTU,9,6
13,21,TUE 25 NOV 2025,Round Robin Session 6 - Sheet B,9:00,SWE,CZE,7,6
13,22,TUE 25 NOV 2025,Round Robin Session 6 - Sheet C,9:00,SCO,SUI,3,8
13,23,TUE 25 NOV 2025,Round Robin Session 6 - Sheet D,9:00,TUR,ITA,7,6
13,24,TUE 25 NOV 2025,Round Robin Session 6 - Sheet E,9:00,GER,DEN,3,9
13,25,MON 24 NOV 2025,Round Robin Session 5 - Sheet A,16:00,ITA,SWE,3,7
13,26,MON 24 NOV 2025,Round Robin Session 5 - Sheet B,16:00,NOR,DEN,8,6
13,27,MON 24 NOV 2025,Round Robin Session 5 - Sheet C,16:00,CZE,TUR,6,12
13,28,MON 24 NOV 2025,Round Robin Session 5 - Sheet D,16:00,SUI,GER,8,4
13,29,MON 24 NOV 2025,Round Robin Session 5 - Sheet E,16:00,SCO,LTU,6,5
13,30,MON 24 NOV 2025,Round Robin Session 4 - Sheet A,8:00,TUR,NOR,4,5
13,31,MON 24 NOV 2025,Round Robin Session 4 - Sheet B,8:00,ITA,SCO,9,2
13,32,MON 24 NOV 2025,Round Robin Session 4 - Sheet C,8:00,GER,SWE,4,8
13,33,MON 24 NOV 2025,Round Robin Session 4 - Sheet D,8:00,LTU,CZE,11,3
13,34,MON 24 NOV 2025,Round Robin Session 4 - Sheet E,8:00,DEN,SUI,8,7
13,35,SUN 23 NOV 2025,Round Robin Session 3 - Sheet A,14:00,LTU,SUI,10,5
13,36,SUN 23 NOV 2025,Round Robin Session 3 - Sheet B,14:00,CZE,GER,8,11
13,37,SUN 23 NOV 2025,Round Robin Session 3 - Sheet C,14:00,DEN,SCO,4,8
13,38,SUN 23 NOV 2025,Round Robin Session 3 - Sheet D,14:00,ITA,NOR,2,9
13,39,SUN 23 NOV 2025,Round Robin Session 3 - Sheet E,14:00,SWE,TUR,7,3
13,40,SAT 22 NOV 2025,Round Robin Session 2 - Sheet A,19:30,SWE,SCO,7,6
13,41,SAT 22 NOV 2025,Round Robin Session 2 - Sheet B,19:30,DEN,TUR,6,4
13,42,SAT 22 NOV 2025,Round Robin Session 2 - Sheet C,19:30,NOR,CZE,7,4
13,43,SAT 22 NOV 2025,Round Robin Session 2 - Sheet D,19:30,GER,LTU,5,8
13,44,SAT 22 NOV 2025,Round Robin Session 2 - Sheet E,19:30,SUI,ITA,8,4
13,45,SAT 22 NOV 2025,Round Robin Session 1 - Sheet A,9:00,CZE,DEN,4,10
13,46,SAT 22 NOV 2025,Round Robin Session 1 - Sheet B,9:00,SUI,SWE,10,5
13,47,SAT 22 NOV 2025,Round Robin Session 1 - Sheet C,9:00,ITA,LTU,8,7
13,48,SAT 22 NOV 2025,Round Robin Session 1 - Sheet D,9:00,SCO,TUR,0,9
13,49,SAT 22 NOV 2025,Round Robin Session 1 - Sheet E,9:00,NOR,GER,5,6
16,1,SUN 26 OCT 2025,Gold Medal Game,12:30,CAN,USA,7,3
16,2,SUN 26 OCT 2025,Bronze Medal Game,8:30,JPN,CHN,6,5
16,3,SAT 25 OCT 2025,Semi-final - Sheet A,14:00,CAN,CHN,5,4
16,4,SAT 25 OCT 2025,Semi-final - Sheet D,14:00,USA,JPN,9,3
16,5,FRI 24 OCT 2025,Round Robin Session 7 - Sheet A,19:00,CHN,JPN,7,9
16,6,FRI 24 OCT 2025,Round Robin Session 7 - Sheet B,19:00,CAN,USA,6,5
16,7,FRI 24 OCT 2025,Round Robin Session 7 - Sheet C,19:00,AUS,NZL,5,9
16,8,FRI 24 OCT 2025,Round Robin Session 7 - Sheet D,19:00,KOR,PHI,9,8
16,9,FRI 24 OCT 2025,Round Robin Session 6 - Sheet A,9:00,PHI,NZL,7,3
16,10,FRI 24 OCT 2025,Round Robin Session 6 - Sheet B,9:00,AUS,KOR,2,9
16,11,FRI 24 OCT 2025,Round Robin Session 6 - Sheet C,9:00,JPN,CAN,3,8
16,12,FRI 24 OCT 2025,Round Robin Session 6 - Sheet D,9:00,USA,CHN,8,5
16,13,THU 23 OCT 2025,Round Robin Session 5 - Sheet A,14:00,JPN,KOR,7,6
16,14,THU 23 OCT 2025,Round Robin Session 5 - Sheet B,14:00,PHI,CHN,5,7
16,15,THU 23 OCT 2025,Round Robin Session 5 - Sheet C,14:00,NZL,USA,4,11
16,16,THU 23 OCT 2025,Round Robin Session 5 - Sheet D,14:00,CAN,AUS,8,2
16,17,WED 22 OCT 2025,Round Robin Session 4 - Sheet A,19:00,USA,AUS,13,2
16,18,WED 22 OCT 2025,Round Robin Session 4 - Sheet B,19:00,NZL,CAN,1,7
16,19,WED 22 OCT 2025,Round Robin Session 4 - Sheet C,19:00,PHI,JPN,4,7
16,20,WED 22 OCT 2025,Round Robin Session 4 - Sheet D,19:00,CHN,KOR,10,3
16,21,WED 22 OCT 2025,Round Robin Session 3 - Sheet A,9:00,KOR,CAN,6,14
16,22,WED 22 OCT 2025,Round Robin Session 3 - Sheet B,9:00,USA,PHI,9,2
16,23,WED 22 OCT 2025,Round Robin Session 3 - Sheet C,9:00,CHN,AUS,9,3
16,24,WED 22 OCT 2025,Round Robin Session 3 - Sheet D,9:00,NZL,JPN,3,7
16,25,TUE 21 OCT 2025,Round Robin Session 2 - Sheet A,14:00,NZL,CHN,2,8
16,26,TUE 21 OCT 2025,Round Robin Session 2 - Sheet B,14:00,JPN,AUS,9,3
16,27,TUE 21 OCT 2025,Round Robin Session 2 - Sheet C,14:00,USA,KOR,7,3
16,28,TUE 21 OCT 2025,Round Robin Session 2 - Sheet D,14:00,PHI,CAN,3,10
16,29,MON 20 OCT 2025,Round Robin Session 1 - Sheet A,19:00,AUS,PHI,3,9
16,30,MON 20 OCT 2025,Round Robin Session 1 - Sheet B,19:00,KOR,NZL,11,4
16,31,MON 20 OCT 2025,Round Robin Session 1 - Sheet C,19:00,CAN,CHN,10,4
16,32,MON 20 OCT 2025,Round Robin Session 1 - Sheet D,19:00,JPN,USA,3,8
17,1,SUN 26 OCT 2025,Gold Medal Game,16:30,CAN,CHN,6,7
17,2,SUN 26 OCT 2025,Bronze Medal Game,8:30,USA,KOR,8,11
17,3,SAT 25 OCT 2025,Semi-final - Sheet A,19:00,KOR,CHN,5,6
17,4,SAT 25 OCT 2025,Semi-final - Sheet D,19:00,CAN,USA,8,3
17,5,SAT 25 OCT 2025,Round Robin Session 7 - Sheet A,9:00,USA,CAN,2,3
17,6,SAT 25 OCT 2025,Round Robin Session 7 - Sheet B,9:00,AUS,CHN,0,11
17,7,SAT 25 OCT 2025,Round Robin Session 7 - Sheet C,9:00,JPN,KOR,3,4
17,8,SAT 25 OCT 2025,Round Robin Session 7 - Sheet D,9:00,MEX,NZL,7,9
17,9,FRI 24 OCT 2025,Round Robin Session 6 - Sheet A,14:00,KOR,MEX,12,2
17,10,FRI 24 OCT 2025,Round Robin Session 6 - Sheet B,14:00,JPN,NZL,7,2
17,11,FRI 24 OCT 2025,Round Robin Session 6 - Sheet C,14:00,USA,CHN,6,7
17,12,FRI 24 OCT 2025,Round Robin Session 6 - Sheet D,14:00,AUS,CAN,1,9
17,13,THU 23 OCT 2025,Round Robin Session 5 - Sheet A,19:00,CAN,CHN,6,7
17,14,THU 23 OCT 2025,Round Robin Session 5 - Sheet B,19:00,USA,AUS,11,5
17,15,THU 23 OCT 2025,Round Robin Session 5 - Sheet C,19:00,MEX,JPN,2,12
17,16,THU 23 OCT 2025,Round Robin Session 5 - Sheet D,19:00,NZL,KOR,4,9
17,17,THU 23 OCT 2025,Round Robin Session 4 - Sheet A,9:00,MEX,AUS,2,10
17,18,THU 23 OCT 2025,Round Robin Session 4 - Sheet B,9:00,CAN,KOR,11,9
17,19,THU 23 OCT 2025,Round Robin Session 4 - Sheet C,9:00,CHN,NZL,10,4
17,20,THU 23 OCT 2025,Round Robin Session 4 - Sheet D,9:00,JPN,USA,5,6
17,21,WED 22 OCT 2025,Round Robin Session 3 - Sheet A,14:00,NZL,USA,1,7
17,22,WED 22 OCT 2025,Round Robin Session 3 - Sheet B,14:00,CHN,JPN,5,4
17,23,WED 22 OCT 2025,Round Robin Session 3 - Sheet C,14:00,CAN,MEX,9,3
17,24,WED 22 OCT 2025,Round Robin Session 3 - Sheet D,14:00,KOR,AUS,11,2
17,25,TUE 21 OCT 2025,Round Robin Session 2 - Sheet A,19:00,AUS,JPN,6,8
17,26,TUE 21 OCT 2025,Round Robin Session 2 - Sheet B,19:00,NZL,CAN,2,10
17,27,TUE 21 OCT 2025,Round Robin Session 2 - Sheet C,19:00,KOR,USA,5,8
17,28,TUE 21 OCT 2025,Round Robin Session 2 - Sheet D,19:00,CHN,MEX,11,2
17,29,TUE 21 OCT 2025,Round Robin Session 1 - Sheet A,9:00,CHN,KOR,6,5
17,30,TUE 21 OCT 2025,Round Robin Session 1 - Sheet B,9:00,MEX,USA,3,11
17,31,TUE 21 OCT 2025,Round Robin Session 1 - Sheet C,9:00,NZL,AUS,5,11
17,32,TUE 21 OCT 2025,Round Robin Session 1 - Sheet D,9:00,CAN,JPN,5,11
25,1,SAT 3 MAY 2025,Gold Medal Game,14:00,SCO,ITA,4,9
25,2,SAT 3 MAY 2025,Bronze Medal Game,9:30,AUS,EST,9,2
25,3,FRI 2 MAY 2025,Semi-final - Sheet B,18:00,ITA,EST,7,6
25,4,FRI 2 MAY 2025,Ranking Game - Sheet C,18:00,CAN,USA,4,8
25,5,FRI 2 MAY 2025,Semi-final - Sheet D,18:00,AUS,SCO,6,9
25,6,FRI 2 MAY 2025,Relegation Game - Sheet A,10:00,DEN,TUR,9,0
25,7,FRI 2 MAY 2025,Relegation Game - Sheet E,10:00,CZE,CHN,7,5
25,8,FRI 2 MAY 2025,Qualification Game - Sheet B,10:00,USA,SCO,5,7
25,9,FRI 2 MAY 2025,Qualification Game - Sheet D,10:00,EST,CAN,7,5
25,10,THU 1 MAY 2025,Round Robin Session 18,18:00 Group B - Sheet A,CZE,EST,5,6
25,11,THU 1 MAY 2025,Round Robin Session 18,18:00 Group B - Sheet B,NOR,TUR,7,4
25,12,THU 1 MAY 2025,Round Robin Session 18,18:00 Group B - Sheet C,AUS,NZL,7,5
25,13,THU 1 MAY 2025,Round Robin Session 18,18:00 Group B - Sheet D,SUI,JPN,7,6
25,14,THU 1 MAY 2025,Round Robin Session 18,18:00 Group B - Sheet E,USA,ESP,10,2
25,15,THU 1 MAY 2025,Round Robin Session 17,14:00 Group A - Sheet A,FIN,SWE,3,7
25,16,THU 1 MAY 2025,Round Robin Session 17,14:00 Group A - Sheet B,ITA,NED,8,5
25,17,THU 1 MAY 2025,Round Robin Session 17,14:00 Group A - Sheet C,CHN,DEN,5,6
25,18,THU 1 MAY 2025,Round Robin Session 17,14:00 Group A - Sheet D,KOR,GER,8,4
25,19,THU 1 MAY 2025,Round Robin Session 17,14:00 Group A - Sheet E,SCO,CAN,8,7
25,20,THU 1 MAY 2025,Round Robin Session 16,10:00 Group B - Sheet A,JPN,USA,8,6
25,21,THU 1 MAY 2025,Round Robin Session 16,10:00 Group B - Sheet B,CZE,NZL,5,7
25,22,THU 1 MAY 2025,Round Robin Session 16,10:00 Group B - Sheet C,NOR,EST,10,9
25,23,THU 1 MAY 2025,Round Robin Session 16,10:00 Group B - Sheet D,ESP,AUS,3,8
25,24,THU 1 MAY 2025,Round Robin Session 16,10:00 Group B - Sheet E,TUR,SUI,3,9
25,25,WED 30 APR 2025,Round Robin Session 15,18:00 Group A - Sheet A,GER,SCO,1,7
25,26,WED 30 APR 2025,Round Robin Session 15,18:00 Group A - Sheet B,FIN,DEN,10,3
25,27,WED 30 APR 2025,Round Robin Session 15,18:00 Group A - Sheet C,ITA,SWE,6,4
25,28,WED 30 APR 2025,Round Robin Session 15,18:00 Group A - Sheet D,CAN,CHN,9,4
25,29,WED 30 APR 2025,Round Robin Session 15,18:00 Group A - Sheet E,NED,KOR,5,9
25,30,WED 30 APR 2025,Round Robin Session 14,14:00 Group B - Sheet A,AUS,NOR,8,7
25,31,WED 30 APR 2025,Round Robin Session 14,14:00 Group B - Sheet B,EST,USA,7,6
25,32,WED 30 APR 2025,Round Robin Session 14,14:00 Group B - Sheet C,TUR,JPN,3,9
25,33,WED 30 APR 2025,Round Robin Session 14,14:00 Group B - Sheet D,NZL,SUI,8,7
25,34,WED 30 APR 2025,Round Robin Session 14,14:00 Group B - Sheet E,ESP,CZE,2,6
25,35,WED 30 APR 2025,Round Robin Session 13,10:00 Group A - Sheet A,CHN,ITA,2,8
25,36,WED 30 APR 2025,Round Robin Session 13,10:00 Group A - Sheet B,SWE,SCO,6,7
25,37,WED 30 APR 2025,Round Robin Session 13,10:00 Group A - Sheet C,NED,GER,7,5
25,38,WED 30 APR 2025,Round Robin Session 13,10:00 Group A - Sheet D,DEN,KOR,4,6
25,39,WED 30 APR 2025,Round Robin Session 13,10:00 Group A - Sheet E,CAN,FIN,13,2
25,40,TUE 29 APR 2025,Round Robin Session 12,18:00 Group B - Sheet A,NZL,TUR,8,5
25,41,TUE 29 APR 2025,Round Robin Session 12,18:00 Group B - Sheet B,SUI,ESP,10,1
25,42,TUE 29 APR 2025,Round Robin Session 12,18:00 Group B - Sheet C,CZE,AUS,2,7
25,43,TUE 29 APR 2025,Round Robin Session 12,18:00 Group B - Sheet D,NOR,USA,3,9
25,44,TUE 29 APR 2025,Round Robin Session 12,18:00 Group B - Sheet E,EST,JPN,10,8
25,45,TUE 29 APR 2025,Round Robin Session 11,14:00 Group A - Sheet A,DEN,NED,7,5
25,46,TUE 29 APR 2025,Round Robin Session 11,14:00 Group A - Sheet B,KOR,CAN,6,11
25,47,TUE 29 APR 2025,Round Robin Session 11,14:00 Group A - Sheet C,FIN,CHN,9,7
25,48,TUE 29 APR 2025,Round Robin Session 11,14:00 Group A - Sheet D,ITA,SCO,7,4
25,49,TUE 29 APR 2025,Round Robin Session 11,14:00 Group A - Sheet E,SWE,GER,8,6
25,50,TUE 29 APR 2025,Round Robin Session 10,10:00 Group B - Sheet A,USA,SUI,9,5
25,51,TUE 29 APR 2025,Round Robin Session 10,10:00 Group B - Sheet B,NZL,JPN,6,3
25,52,TUE 29 APR 2025,Round Robin Session 10,10:00 Group B - Sheet C,ESP,NOR,2,10
25,53,TUE 29 APR 2025,Round Robin Session 10,10:00 Group B - Sheet D,AUS,EST,7,4
25,54,TUE 29 APR 2025,Round Robin Session 10,10:00 Group B - Sheet E,CZE,TUR,8,3
25,55,MON 28 APR 2025,Round Robin Session 9,18:00 Group A - Sheet A,SCO,KOR,7,10
25,56,MON 28 APR 2025,Round Robin Session 9,18:00 Group A - Sheet B,DEN,GER,1,7
25,57,MON 28 APR 2025,Round Robin Session 9,18:00 Group A - Sheet C,CAN,ITA,5,7
25,58,MON 28 APR 2025,Round Robin Session 9,18:00 Group A - Sheet D,CHN,SWE,5,10
25,59,MON 28 APR 2025,Round Robin Session 9,18:00 Group A - Sheet E,FIN,NED,6,3
25,60,MON 28 APR 2025,Round Robin Session 8,14:00 Group B - Sheet A,NOR,NZL,10,6
25,61,MON 28 APR 2025,Round Robin Session 8,14:00 Group B - Sheet B,USA,CZE,6,3
25,62,MON 28 APR 2025,Round Robin Session 8,14:00 Group B - Sheet C,EST,SUI,4,6
25,63,MON 28 APR 2025,Round Robin Session 8,14:00 Group B - Sheet D,TUR,ESP,8,6
25,64,MON 28 APR 2025,Round Robin Session 8,14:00 Group B - Sheet E,JPN,AUS,7,4
25,65,MON 28 APR 2025,Round Robin Session 7,10:00 Group A - Sheet A,ITA,DEN,8,5
25,66,MON 28 APR 2025,Round Robin Session 7,10:00 Group A - Sheet B,SCO,FIN,9,2
25,67,MON 28 APR 2025,Round Robin Session 7,10:00 Group A - Sheet C,SWE,KOR,9,6
25,68,MON 28 APR 2025,Round Robin Session 7,10:00 Group A - Sheet D,NED,CAN,3,7
25,69,MON 28 APR 2025,Round Robin Session 7,10:00 Group A - Sheet E,GER,CHN,7,6
25,70,SUN 27 APR 2025,Round Robin Session 6,18:00 Group B - Sheet A,TUR,AUS,2,10
25,71,SUN 27 APR 2025,Round Robin Session 6,18:00 Group B - Sheet B,ESP,EST,5,6
25,72,SUN 27 APR 2025,Round Robin Session 6,18:00 Group B - Sheet C,JPN,CZE,7,6
25,73,SUN 27 APR 2025,Round Robin Session 6,18:00 Group B - Sheet D,USA,NZL,10,2
25,74,SUN 27 APR 2025,Round Robin Session 6,18:00 Group B - Sheet E,SUI,NOR,8,3
25,75,SUN 27 APR 2025,Round Robin Session 5,14:00 Group A - Sheet A,NED,CHN,3,5
25,76,SUN 27 APR 2025,Round Robin Session 5,14:00 Group A - Sheet B,CAN,SWE,8,6
25,77,SUN 27 APR 2025,Round Robin Session 5,14:00 Group A - Sheet C,GER,FIN,6,12
25,78,SUN 27 APR 2025,Round Robin Session 5,14:00 Group A - Sheet D,SCO,DEN,7,3
25,79,SUN 27 APR 2025,Round Robin Session 5,14:00 Group A - Sheet E,KOR,ITA,4,9
25,80,SUN 27 APR 2025,Round Robin Session 4,10:00 Group B - Sheet A,SUI,CZE,6,7
25,81,SUN 27 APR 2025,Round Robin Session 4,10:00 Group B - Sheet B,JPN,NOR,5,8
25,82,SUN 27 APR 2025,Round Robin Session 4,10:00 Group B - Sheet C,NZL,ESP,13,5
25,83,SUN 27 APR 2025,Round Robin Session 4,10:00 Group B - Sheet D,EST,TUR,9,2
25,84,SUN 27 APR 2025,Round Robin Session 4,10:00 Group B - Sheet E,AUS,USA,10,7
25,85,SAT 26 APR 2025,Round Robin Session 3,18:00 Group A - Sheet A,KOR,FIN,6,8
25,86,SAT 26 APR 2025,Round Robin Session 3,18:00 Group A - Sheet B,GER,ITA,3,10
25,87,SAT 26 APR 2025,Round Robin Session 3,18:00 Group A - Sheet C,DEN,CAN,4,6
25,88,SAT 26 APR 2025,Round Robin Session 3,18:00 Group A - Sheet D,SWE,NED,9,4
25,89,SAT 26 APR 2025,Round Robin Session 3,18:00 Group A - Sheet E,CHN,SCO,5,8
25,90,SAT 26 APR 2025,Round Robin Session 2,13:00 Group B - Sheet A,ESP,JPN,1,9
25,91,SAT 26 APR 2025,Round Robin Session 2,13:00 Group B - Sheet B,AUS,SUI,7,3
25,92,SAT 26 APR 2025,Round Robin Session 2,13:00 Group B - Sheet C,USA,TUR,11,3
25,93,SAT 26 APR 2025,Round Robin Session 2,13:00 Group B - Sheet D,CZE,NOR,8,9
25,94,SAT 26 APR 2025,Round Robin Session 2,13:00 Group B - Sheet E,NZL,EST,4,8
25,95,SAT 26 APR 2025,Round Robin Session 1,9:00 Group A - Sheet A,CAN,GER,10,5
25,96,SAT 26 APR 2025,Round Robin Session 1,9:00 Group A - Sheet B,CHN,KOR,7,4
25,97,SAT 26 APR 2025,Round Robin Session 1,9:00 Group A - Sheet C,SCO,NED,10,3
25,98,SAT 26 APR 2025,Round Robin Session 1,9:00 Group A - Sheet D,FIN,ITA,3,10
25,99,SAT 26 APR 2025,Round Robin Session 1,9:00 Group A - Sheet E,DEN,SWE,4,5
28,1,MON 21 APR 2025,Gold Medal Game,16:00 Partita per la medaglia d'oro / Finales,NOR,ITA,5,9
28,2,MON 21 APR 2025,Bronze Medal Game,16:00 Partita per la medaglia di bronzo / Match médaille de bronze,KOR,SCO,2,7
28,3,SUN 20 APR 2025,Semi-final - Sheet A,15:30 Semifinale - Campo A - piste A / Demi-finale - piste A - Sheet A,NOR,SCO,7,6
28,4,SUN 20 APR 2025,Semi-final - Sheet C,15:30 Semifinale - Campo C - piste C / Demi-finale - piste C - Sheet C,KOR,ITA,2,9
28,5,SAT 19 APR 2025,Round Robin Session 12 - Sheet A,"18:30 Girone Sessione 12 - Campo A / Tour préliminaire, session 12 - piste A",ITA,KOR,5,6
28,6,SAT 19 APR 2025,Round Robin Session 12 - Sheet B,"18:30 Girone Sessione 12 - Campo B / Tour préliminaire, session 12 - piste B",CAN,JPN,7,8
28,7,SAT 19 APR 2025,Round Robin Session 12 - Sheet C,"18:30 Girone Sessione 12 - Campo C / Tour préliminaire, session 12 - piste C",GER,SCO,3,5
28,8,SAT 19 APR 2025,Round Robin Session 12 - Sheet D,"18:30 Girone Sessione 12 - Campo D / Tour préliminaire, session 12 - piste D",NOR,USA,12,8
28,9,SAT 19 APR 2025,Round Robin Session 11 - Sheet A,"9:30 Girone Sessione 11 - Campo A / Tour préliminaire, session 11 - piste A",DEN,JPN,9,3
28,10,SAT 19 APR 2025,Round Robin Session 11 - Sheet B,"9:30 Girone Sessione 11 - Campo B / Tour préliminaire, session 11 - piste B",SCO,SUI,6,7
28,11,SAT 19 APR 2025,Round Robin Session 11 - Sheet C,"9:30 Girone Sessione 11 - Campo C / Tour préliminaire, session 11 - piste C",USA,ITA,3,8
28,12,FRI 18 APR 2025,Round Robin Session 10 - Sheet A,"14:00 Girone Sessione 10 - Campo A / Tour préliminaire, session 10 - piste A",CAN,SCO,9,7
28,13,FRI 18 APR 2025,Round Robin Session 10 - Sheet B,"14:00 Girone Sessione 10 - Campo B / Tour préliminaire, session 10 - piste B",USA,KOR,10,2
28,14,FRI 18 APR 2025,Round Robin Session 10 - Sheet C,"14:00 Girone Sessione 10 - Campo C / Tour préliminaire, session 10 - piste C",NOR,DEN,8,2
28,15,FRI 18 APR 2025,Round Robin Session 10 - Sheet D,"14:00 Girone Sessione 10 - Campo D / Tour préliminaire, session 10 - piste D",SUI,GER,11,4
28,16,THU 17 APR 2025,Round Robin Session 9 - Sheet A,"18:30 Girone Sessione 9 - Campo A / Tour préliminaire, session 9 - piste A",SUI,NOR,4,6
28,17,THU 17 APR 2025,Round Robin Session 9 - Sheet B,"18:30 Girone Sessione 9 - Campo B / Tour préliminaire, session 9 - piste B",GER,DEN,4,10
28,18,THU 17 APR 2025,Round Robin Session 9 - Sheet C,"18:30 Girone Sessione 9 - Campo C / Tour préliminaire, session 9 - piste C",JPN,KOR,3,10
28,19,THU 17 APR 2025,Round Robin Session 9 - Sheet D,"18:30 Girone Sessione 9 - Campo D / Tour préliminaire, session 9 - piste D",CAN,ITA,3,9
28,20,THU 17 APR 2025,Round Robin Session 8 - Sheet A,"9:30 Girone Sessione 8 - Campo A / Tour préliminaire, session 8 - piste A",GER,USA,7,9
28,21,THU 17 APR 2025,Round Robin Session 8 - Sheet B,"9:30 Girone Sessione 8 - Campo B / Tour préliminaire, session 8 - piste B",ITA,NOR,11,7
28,22,THU 17 APR 2025,Round Robin Session 8 - Sheet D,"9:30 Girone Sessione 8 - Campo D / Tour préliminaire, session 8 - piste D",JPN,SCO,4,9
28,23,WED 16 APR 2025,Round Robin Session 7 - Sheet A,"14:00 Girone Sessione 7 - Campo A / Tour préliminaire, session 7 - piste A",SCO,ITA,4,9
28,24,WED 16 APR 2025,Round Robin Session 7 - Sheet B,"14:00 Girone Sessione 7 - Campo B / Tour préliminaire, session 7 - piste B",JPN,USA,8,6
28,25,WED 16 APR 2025,Round Robin Session 7 - Sheet C,"14:00 Girone Sessione 7 - Campo C / Tour préliminaire, session 7 - piste C",SUI,CAN,7,9
28,26,WED 16 APR 2025,Round Robin Session 7 - Sheet D,"14:00 Girone Sessione 7 - Campo D / Tour préliminaire, session 7 - piste D",DEN,KOR,9,10
28,27,TUE 15 APR 2025,Round Robin Session 6 - Sheet A,"18:30 Girone Sessione 6 - Campo A / Tour préliminaire, session 6 - piste A",NOR,CAN,9,6
28,28,TUE 15 APR 2025,Round Robin Session 6 - Sheet B,"18:30 Girone Sessione 6 - Campo B / Tour préliminaire, session 6 - piste B",DEN,SCO,7,8
28,29,TUE 15 APR 2025,Round Robin Session 6 - Sheet C,"18:30 Girone Sessione 6 - Campo C / Tour préliminaire, session 6 - piste C",KOR,GER,8,4
28,30,TUE 15 APR 2025,Round Robin Session 6 - Sheet D,"18:30 Girone Sessione 6 - Campo D / Tour préliminaire, session 6 - piste D",USA,SUI,4,5
28,31,TUE 15 APR 2025,Round Robin Session 5 - Sheet B,"9:30 Girone Sessione 5 - Campo B / Tour préliminaire, session 5 - piste B",GER,CAN,7,1
28,32,TUE 15 APR 2025,Round Robin Session 5 - Sheet C,"9:30 Girone Sessione 5 - Campo C / Tour préliminaire, session 5 - piste C",ITA,JPN,10,3
28,33,TUE 15 APR 2025,Round Robin Session 5 - Sheet D,"9:30 Girone Sessione 5 - Campo D / Tour préliminaire, session 5 - piste D",KOR,NOR,2,8
28,34,MON 14 APR 2025,Round Robin Session 4 - Sheet A,"14:00 Girone Sessione 4 - Campo A / Tour préliminaire, session 4 - piste A",USA,DEN,5,3
28,35,MON 14 APR 2025,Round Robin Session 4 - Sheet B,"14:00 Girone Sessione 4 - Campo B / Tour préliminaire, session 4 - piste B",SUI,ITA,3,6
28,36,MON 14 APR 2025,Round Robin Session 4 - Sheet C,"14:00 Girone Sessione 4 - Campo C / Tour préliminaire, session 4 - piste C",SCO,NOR,8,1
28,37,MON 14 APR 2025,Round Robin Session 4 - Sheet D,"14:00 Girone Sessione 4 - Campo D / Tour préliminaire, session 4 - piste D",GER,JPN,5,7
28,38,SUN 13 APR 2025,Round Robin Session 3 - Sheet A,"18:30 Girone Sessione 3 - Campo A / Tour préliminaire, session 3 - piste A",JPN,SUI,6,1
28,39,SUN 13 APR 2025,Round Robin Session 3 - Sheet B,"18:30 Girone Sessione 3 - Campo B / Tour préliminaire, session 3 - piste B",SCO,KOR,9,7
28,40,SUN 13 APR 2025,Round Robin Session 3 - Sheet C,"18:30 Girone Sessione 3 - Campo C / Tour préliminaire, session 3 - piste C",CAN,USA,7,5
28,41,SUN 13 APR 2025,Round Robin Session 3 - Sheet D,"18:30 Girone Sessione 3 - Campo D / Tour préliminaire, session 3 - piste D",ITA,DEN,10,5
28,42,SUN 13 APR 2025,Round Robin Session 2 - Sheet A,"9:30 Girone Sessione 2 - Campo A / Tour préliminaire, session 2 - piste A",KOR,CAN,5,6
28,43,SUN 13 APR 2025,Round Robin Session 2 - Sheet B,"9:30 Girone Sessione 2 - Campo B / Tour préliminaire, session 2 - piste B",NOR,GER,9,1
28,44,SUN 13 APR 2025,Round Robin Session 2 - Sheet C,"9:30 Girone Sessione 2 - Campo C / Tour préliminaire, session 2 - piste C",DEN,SUI,10,6
28,45,SUN 13 APR 2025,Round Robin Session 2 - Sheet D,"9:30 Girone Sessione 2 - Campo D / Tour préliminaire, session 2 - piste D",SCO,USA,11,10
28,46,SAT 12 APR 2025,Round Robin Session 1 - Sheet A,"14:00 Girone Sessione 1 - Campo A / Tour préliminaire, session 1 - piste A",ITA,GER,5,3
28,47,SAT 12 APR 2025,Round Robin Session 1 - Sheet B,"14:00 Girone Sessione 1 - Campo B / Tour préliminaire, session 1 - piste B",KOR,SUI,9,4
28,48,SAT 12 APR 2025,Round Robin Session 1 - Sheet C,"14:00 Girone Sessione 1 - Campo C / Tour préliminaire, session 1 - piste C",NOR,JPN,12,1
28,49,SAT 12 APR 2025,Round Robin Session 1 - Sheet D,"14:00 Girone Sessione 1 - Campo D / Tour préliminaire, session 1 - piste D",DEN,CAN,10,4
29,1,MON 21 APR 2025,Gold Medal Game,10:00 Partita per la medaglia d'oro / Finales,KOR,GER,8,2
29,2,MON 21 APR 2025,Bronze Medal Game,10:00 Partita per la medaglia di bronzo / Match médaille de bronze,CAN,SWE,7,4
29,3,SUN 20 APR 2025,Semi-final - Sheet A,11:00 Semifinale - Campo A - piste A / Demi-finale - piste A - Sheet A,KOR,SWE,7,6
29,4,SUN 20 APR 2025,Semi-final - Sheet C,11:00 Semifinale - Campo C - piste C / Demi-finale - piste C - Sheet C,CAN,GER,5,8
29,5,SAT 19 APR 2025,Round Robin Session 12 - Sheet A,"14:00 Girone Sessione 12 - Campo A / Tour préliminaire, session 12 - piste A",CAN,NOR,9,2
29,6,SAT 19 APR 2025,Round Robin Session 12 - Sheet B,"14:00 Girone Sessione 12 - Campo B / Tour préliminaire, session 12 - piste B",GER,KOR,10,9
29,7,SAT 19 APR 2025,Round Robin Session 12 - Sheet C,"14:00 Girone Sessione 12 - Campo C / Tour préliminaire, session 12 - piste C",SWE,JPN,7,4
29,8,SAT 19 APR 2025,Round Robin Session 12 - Sheet D,"14:00 Girone Sessione 12 - Campo D / Tour préliminaire, session 12 - piste D",CHN,SUI,10,3
29,9,FRI 18 APR 2025,Round Robin Session 11 - Sheet A,"18:30 Girone Sessione 11 - Campo A / Tour préliminaire, session 11 - piste A",CHN,SWE,8,7
29,10,FRI 18 APR 2025,Round Robin Session 11 - Sheet B,"18:30 Girone Sessione 11 - Campo B / Tour préliminaire, session 11 - piste B",CAN,LAT,11,9
29,11,FRI 18 APR 2025,Round Robin Session 11 - Sheet C,"18:30 Girone Sessione 11 - Campo C / Tour préliminaire, session 11 - piste C",GER,SUI,8,6
29,12,FRI 18 APR 2025,Round Robin Session 11 - Sheet D,"18:30 Girone Sessione 11 - Campo D / Tour préliminaire, session 11 - piste D",JPN,ITA,7,9
29,13,FRI 18 APR 2025,Round Robin Session 10 - Sheet A,"9:30 Girone Sessione 10 - Campo A / Tour préliminaire, session 10 - piste A",JPN,LAT,8,6
29,14,FRI 18 APR 2025,Round Robin Session 10 - Sheet B,"9:30 Girone Sessione 10 - Campo B / Tour préliminaire, session 10 - piste B",NOR,CHN,8,5
29,15,FRI 18 APR 2025,Round Robin Session 10 - Sheet C,"9:30 Girone Sessione 10 - Campo C / Tour préliminaire, session 10 - piste C",ITA,KOR,5,9
29,16,THU 17 APR 2025,Round Robin Session 9 - Sheet A,"14:00 Girone Sessione 9 - Campo A / Tour préliminaire, session 9 - piste A",ITA,GER,6,7
29,17,THU 17 APR 2025,Round Robin Session 9 - Sheet B,"14:00 Girone Sessione 9 - Campo B / Tour préliminaire, session 9 - piste B",SUI,SWE,6,9
29,18,THU 17 APR 2025,Round Robin Session 9 - Sheet C,"14:00 Girone Sessione 9 - Campo C / Tour préliminaire, session 9 - piste C",LAT,NOR,7,6
29,19,THU 17 APR 2025,Round Robin Session 9 - Sheet D,"14:00 Girone Sessione 9 - Campo D / Tour préliminaire, session 9 - piste D",KOR,CAN,7,4
29,20,WED 16 APR 2025,Round Robin Session 8 - Sheet A,"18:30 Girone Sessione 8 - Campo A / Tour préliminaire, session 8 - piste A",NOR,SUI,11,6
29,21,WED 16 APR 2025,Round Robin Session 8 - Sheet B,"18:30 Girone Sessione 8 - Campo B / Tour préliminaire, session 8 - piste B",KOR,JPN,10,4
29,22,WED 16 APR 2025,Round Robin Session 8 - Sheet C,"18:30 Girone Sessione 8 - Campo C / Tour préliminaire, session 8 - piste C",CAN,CHN,8,2
29,23,WED 16 APR 2025,Round Robin Session 8 - Sheet D,"18:30 Girone Sessione 8 - Campo D / Tour préliminaire, session 8 - piste D",SWE,GER,7,8
29,24,WED 16 APR 2025,Round Robin Session 7 - Sheet B,"9:30 Girone Sessione 7 - Campo B / Tour préliminaire, session 7 - piste B",ITA,CAN,8,4
29,25,WED 16 APR 2025,Round Robin Session 7 - Sheet C,"9:30 Girone Sessione 7 - Campo C / Tour préliminaire, session 7 - piste C",JPN,GER,5,8
29,26,WED 16 APR 2025,Round Robin Session 7 - Sheet D,"9:30 Girone Sessione 7 - Campo D / Tour préliminaire, session 7 - piste D",LAT,CHN,5,8
29,27,TUE 15 APR 2025,Round Robin Session 6 - Sheet A,"14:00 Girone Sessione 6 - Campo A / Tour préliminaire, session 6 - piste A",SWE,KOR,12,2
29,28,TUE 15 APR 2025,Round Robin Session 6 - Sheet B,"14:00 Girone Sessione 6 - Campo B / Tour préliminaire, session 6 - piste B",LAT,SUI,6,10
29,29,TUE 15 APR 2025,Round Robin Session 6 - Sheet C,"14:00 Girone Sessione 6 - Campo C / Tour préliminaire, session 6 - piste C",CHN,ITA,9,8
29,30,TUE 15 APR 2025,Round Robin Session 6 - Sheet D,"14:00 Girone Sessione 6 - Campo D / Tour préliminaire, session 6 - piste D",NOR,JPN,6,8
29,31,MON 14 APR 2025,Round Robin Session 5 - Sheet A,"18:30 Girone Sessione 5 - Campo A / Tour préliminaire, session 5 - piste A",GER,CAN,7,9
29,32,MON 14 APR 2025,Round Robin Session 5 - Sheet B,"18:30 Girone Sessione 5 - Campo B / Tour préliminaire, session 5 - piste B",SWE,NOR,4,9
29,33,MON 14 APR 2025,Round Robin Session 5 - Sheet C,"18:30 Girone Sessione 5 - Campo C / Tour préliminaire, session 5 - piste C",KOR,LAT,7,0
29,34,MON 14 APR 2025,Round Robin Session 5 - Sheet D,"18:30 Girone Sessione 5 - Campo D / Tour préliminaire, session 5 - piste D",SUI,ITA,7,4
29,35,MON 14 APR 2025,Round Robin Session 4 - Sheet A,"9:30 Girone Sessione 4 - Campo A / Tour préliminaire, session 4 - piste A",SUI,JPN,9,3
29,36,MON 14 APR 2025,Round Robin Session 4 - Sheet B,"9:30 Girone Sessione 4 - Campo B / Tour préliminaire, session 4 - piste B",CHN,GER,10,8
29,37,MON 14 APR 2025,Round Robin Session 4 - Sheet D,"9:30 Girone Sessione 4 - Campo D / Tour préliminaire, session 4 - piste D",CAN,SWE,8,11
29,38,SUN 13 APR 2025,Round Robin Session 3 - Sheet A,"14:00 Girone Sessione 3 - Campo A / Tour préliminaire, session 3 - piste A",LAT,ITA,7,5
29,39,SUN 13 APR 2025,Round Robin Session 3 - Sheet B,"14:00 Girone Sessione 3 - Campo B / Tour préliminaire, session 3 - piste B",JPN,CAN,7,8
29,40,SUN 13 APR 2025,Round Robin Session 3 - Sheet C,"14:00 Girone Sessione 3 - Campo C / Tour préliminaire, session 3 - piste C",NOR,GER,6,7
29,41,SUN 13 APR 2025,Round Robin Session 3 - Sheet D,"14:00 Girone Sessione 3 - Campo D / Tour préliminaire, session 3 - piste D",CHN,KOR,4,9
29,42,SAT 12 APR 2025,Round Robin Session 2 - Sheet A,"19:00 Girone Sessione 2 - Campo A / Tour préliminaire, session 2 - piste A",JPN,CHN,12,8
29,43,SAT 12 APR 2025,Round Robin Session 2 - Sheet B,"19:00 Girone Sessione 2 - Campo B / Tour préliminaire, session 2 - piste B",SUI,KOR,9,7
29,44,SAT 12 APR 2025,Round Robin Session 2 - Sheet C,"19:00 Girone Sessione 2 - Campo C / Tour préliminaire, session 2 - piste C",LAT,SWE,9,10
29,45,SAT 12 APR 2025,Round Robin Session 2 - Sheet D,"19:00 Girone Sessione 2 - Campo D / Tour préliminaire, session 2 - piste D",ITA,NOR,6,10
29,46,SAT 12 APR 2025,Round Robin Session 1 - Sheet A,"9:30 Girone Sessione 1 - Campo A / Tour préliminaire, session 1 - piste A",KOR,NOR,7,3
29,47,SAT 12 APR 2025,Round Robin Session 1 - Sheet B,"9:30 Girone Sessione 1 - Campo B / Tour préliminaire, session 1 - piste B",SWE,ITA,6,1
29,48,SAT 12 APR 2025,Round Robin Session 1 - Sheet C,"9:30 Girone Sessione 1 - Campo C / Tour préliminaire, session 1 - piste C",SUI,CAN,8,7
29,49,SAT 12 APR 2025,Round Robin Session 1 - Sheet D,"9:30 Girone Sessione 1 - Campo D / Tour préliminaire, session 1 - piste D",GER,LAT,10,7
30,1,SUN 6 APR 2025,Gold Medal Game,15:00,SUI,SCO,4,5
30,2,SUN 6 APR 2025,Bronze Medal Game,9:00,CAN,CHN,11,2
30,3,SAT 5 APR 2025,Semi-final - Sheet B,15:00,CAN,SCO,4,7
30,4,SAT 5 APR 2025,Semi-final - Sheet D,15:00,SUI,CHN,7,3
30,5,SAT 5 APR 2025,Qualification Game 3 v 6 - Sheet B,9:00,NOR,CHN,7,8
30,6,SAT 5 APR 2025,Qualification Game 4 v 5 - Sheet D,9:00,SWE,SCO,7,8
30,7,FRI 4 APR 2025,Round Robin Session 20 - Sheet A,19:00,CHN,SCO,9,2
30,8,FRI 4 APR 2025,Round Robin Session 20 - Sheet B,19:00,NOR,SWE,4,6
30,9,FRI 4 APR 2025,Round Robin Session 20 - Sheet C,19:00,CAN,USA,8,3
30,10,FRI 4 APR 2025,Round Robin Session 20 - Sheet D,19:00,SUI,KOR,9,5
30,11,FRI 4 APR 2025,Round Robin Session 19 - Sheet A,14:00,USA,GER,4,9
30,12,FRI 4 APR 2025,Round Robin Session 19 - Sheet B,14:00,CAN,AUT,8,2
30,13,FRI 4 APR 2025,Round Robin Session 19 - Sheet C,14:00,CZE,SUI,5,6
30,14,FRI 4 APR 2025,Round Robin Session 19 - Sheet D,14:00,JPN,ITA,9,7
30,15,FRI 4 APR 2025,Round Robin Session 18 - Sheet A,9:00,ITA,SWE,10,8
30,16,FRI 4 APR 2025,Round Robin Session 18 - Sheet B,9:00,SCO,GER,6,1
30,17,FRI 4 APR 2025,Round Robin Session 18 - Sheet C,9:00,KOR,CHN,1,10
30,18,FRI 4 APR 2025,Round Robin Session 18 - Sheet D,9:00,AUT,NOR,2,8
30,19,THU 3 APR 2025,Round Robin Session 17 - Sheet A,19:00,SUI,CAN,4,10
30,20,THU 3 APR 2025,Round Robin Session 17 - Sheet B,19:00,KOR,USA,5,3
30,21,THU 3 APR 2025,Round Robin Session 17 - Sheet C,19:00,NOR,JPN,11,5
30,22,THU 3 APR 2025,Round Robin Session 17 - Sheet D,19:00,SWE,CZE,5,4
30,23,THU 3 APR 2025,Round Robin Session 16 - Sheet A,14:00,CZE,AUT,7,2
30,24,THU 3 APR 2025,Round Robin Session 16 - Sheet B,14:00,CHN,JPN,6,7
30,25,THU 3 APR 2025,Round Robin Session 16 - Sheet C,14:00,GER,ITA,3,9
30,26,THU 3 APR 2025,Round Robin Session 16 - Sheet D,14:00,USA,SCO,6,8
30,27,THU 3 APR 2025,Round Robin Session 15 - Sheet A,9:00,NOR,KOR,10,5
30,28,THU 3 APR 2025,Round Robin Session 15 - Sheet B,9:00,ITA,SUI,3,8
30,29,THU 3 APR 2025,Round Robin Session 15 - Sheet C,9:00,SWE,SCO,10,4
30,30,THU 3 APR 2025,Round Robin Session 15 - Sheet D,9:00,CAN,CHN,8,2
30,31,WED 2 APR 2025,Round Robin Session 14 - Sheet A,19:00,JPN,USA,6,9
30,32,WED 2 APR 2025,Round Robin Session 14 - Sheet B,19:00,CZE,CAN,3,8
30,33,WED 2 APR 2025,Round Robin Session 14 - Sheet C,19:00,AUT,KOR,11,4
30,34,WED 2 APR 2025,Round Robin Session 14 - Sheet D,19:00,SUI,GER,7,3
30,35,WED 2 APR 2025,Round Robin Session 13 - Sheet A,14:00,GER,SWE,8,5
30,36,WED 2 APR 2025,Round Robin Session 13 - Sheet B,14:00,SCO,NOR,8,4
30,37,WED 2 APR 2025,Round Robin Session 13 - Sheet C,14:00,CHN,CZE,3,10
30,38,WED 2 APR 2025,Round Robin Session 13 - Sheet D,14:00,ITA,AUT,8,2
30,39,WED 2 APR 2025,Round Robin Session 12 - Sheet A,9:00,SCO,SUI,7,11
30,40,WED 2 APR 2025,Round Robin Session 12 - Sheet B,9:00,USA,SWE,1,7
30,41,WED 2 APR 2025,Round Robin Session 12 - Sheet C,9:00,NOR,CAN,3,8
30,42,WED 2 APR 2025,Round Robin Session 12 - Sheet D,9:00,KOR,JPN,4,7
30,43,TUE 1 APR 2025,Round Robin Session 11 - Sheet A,19:00,CAN,ITA,4,2
30,44,TUE 1 APR 2025,Round Robin Session 11 - Sheet B,19:00,AUT,CHN,7,8
30,45,TUE 1 APR 2025,Round Robin Session 11 - Sheet C,19:00,JPN,GER,3,11
30,46,TUE 1 APR 2025,Round Robin Session 11 - Sheet D,19:00,CZE,USA,7,6
30,47,TUE 1 APR 2025,Round Robin Session 10 - Sheet A,14:00,CHN,NOR,8,6
30,48,TUE 1 APR 2025,Round Robin Session 10 - Sheet B,14:00,GER,KOR,11,2
30,49,TUE 1 APR 2025,Round Robin Session 10 - Sheet C,14:00,SWE,SUI,6,4
30,50,TUE 1 APR 2025,Round Robin Session 10 - Sheet D,14:00,ITA,SCO,7,9
30,51,TUE 1 APR 2025,Round Robin Session 9 - Sheet B,9:00,JPN,CZE,6,4
30,52,TUE 1 APR 2025,Round Robin Session 9 - Sheet C,9:00,USA,AUT,7,1
30,53,TUE 1 APR 2025,Round Robin Session 9 - Sheet D,9:00,SWE,CAN,6,8
30,54,MON 31 MAR 2025,Round Robin Session 8 - Sheet A,19:00,AUT,JPN,7,9
30,55,MON 31 MAR 2025,Round Robin Session 8 - Sheet B,19:00,ITA,NOR,8,9
30,56,MON 31 MAR 2025,Round Robin Session 8 - Sheet C,19:00,SCO,CZE,2,8
30,57,MON 31 MAR 2025,Round Robin Session 8 - Sheet D,19:00,CHN,GER,11,10
30,58,MON 31 MAR 2025,Round Robin Session 7 - Sheet A,14:00,SUI,CHN,7,5
30,59,MON 31 MAR 2025,Round Robin Session 7 - Sheet B,14:00,CAN,SCO,5,6
30,60,MON 31 MAR 2025,Round Robin Session 7 - Sheet C,14:00,KOR,SWE,3,6
30,61,MON 31 MAR 2025,Round Robin Session 7 - Sheet D,14:00,NOR,USA,8,6
30,62,MON 31 MAR 2025,Round Robin Session 6 - Sheet A,9:00,CZE,ITA,5,7
30,63,MON 31 MAR 2025,Round Robin Session 6 - Sheet B,9:00,SUI,JPN,8,5
30,64,MON 31 MAR 2025,Round Robin Session 6 - Sheet C,9:00,GER,AUT,9,3
30,65,SUN 30 MAR 2025,Round Robin Session 5 - Sheet A,19:00,GER,NOR,3,8
30,66,SUN 30 MAR 2025,Round Robin Session 5 - Sheet B,19:00,SWE,AUT,8,4
30,67,SUN 30 MAR 2025,Round Robin Session 5 - Sheet C,19:00,ITA,CHN,4,9
30,68,SUN 30 MAR 2025,Round Robin Session 5 - Sheet D,19:00,SCO,KOR,9,3
30,69,SUN 30 MAR 2025,Round Robin Session 4 - Sheet A,14:00,USA,SUI,12,7
30,70,SUN 30 MAR 2025,Round Robin Session 4 - Sheet B,14:00,NOR,CZE,7,3
30,71,SUN 30 MAR 2025,Round Robin Session 4 - Sheet C,14:00,CAN,KOR,9,3
30,72,SUN 30 MAR 2025,Round Robin Session 4 - Sheet D,14:00,JPN,SWE,5,10
30,73,SUN 30 MAR 2025,Round Robin Session 3 - Sheet A,9:00,SCO,JPN,9,6
30,74,SUN 30 MAR 2025,Round Robin Session 3 - Sheet B,9:00,CHN,USA,8,2
30,75,SUN 30 MAR 2025,Round Robin Session 3 - Sheet C,9:00,CZE,GER,8,7
30,76,SUN 30 MAR 2025,Round Robin Session 3 - Sheet D,9:00,AUT,SUI,4,9
30,77,SAT 29 MAR 2025,Round Robin Session 2 - Sheet A,19:00,SWE,CHN,5,9
30,78,SAT 29 MAR 2025,Round Robin Session 2 - Sheet B,19:00,KOR,ITA,2,9
30,79,SAT 29 MAR 2025,Round Robin Session 2 - Sheet C,19:00,AUT,SCO,2,12
30,80,SAT 29 MAR 2025,Round Robin Session 2 - Sheet D,19:00,GER,CAN,5,7
30,81,SAT 29 MAR 2025,Round Robin Session 1 - Sheet A,14:00,KOR,CZE,5,6
30,82,SAT 29 MAR 2025,Round Robin Session 1 - Sheet B,14:00,JPN,CAN,3,7
30,83,SAT 29 MAR 2025,Round Robin Session 1 - Sheet C,14:00,SUI,NOR,7,4
30,84,SAT 29 MAR 2025,Round Robin Session 1 - Sheet D,14:00,USA,ITA,7,6
31,1,SUN 23 MAR 2025,Gold Medal Game,16:00,CAN,SUI,7,3
31,2,SUN 23 MAR 2025,Bronze Medal Game,10:00,CHN,KOR,9,4
31,3,SAT 22 MAR 2025,Semi-final - Sheet B,16:00,CHN,SUI,2,4
31,4,SAT 22 MAR 2025,Semi-final - Sheet D,16:00,CAN,KOR,6,5
31,5,SAT 22 MAR 2025,Qualification Game - Sheet B,10:00,CAN,SCO,10,4
31,6,SAT 22 MAR 2025,Qualification Game - Sheet D,10:00,CHN,SWE,8,7
31,7,FRI 21 MAR 2025,Round Robin Session 20 - Sheet A,19:00,SUI,DEN,7,6
31,8,FRI 21 MAR 2025,Round Robin Session 20 - Sheet B,19:00,KOR,USA,8,7
31,9,FRI 21 MAR 2025,Round Robin Session 20 - Sheet C,19:00,CAN,CHN,7,5
31,10,FRI 21 MAR 2025,Round Robin Session 20 - Sheet D,19:00,JPN,SWE,6,7
31,11,FRI 21 MAR 2025,Round Robin Session 19 - Sheet A,14:00,CHN,SCO,7,2
31,12,FRI 21 MAR 2025,Round Robin Session 19 - Sheet B,14:00,CAN,ITA,9,2
31,13,FRI 21 MAR 2025,Round Robin Session 19 - Sheet C,14:00,NOR,JPN,3,6
31,14,FRI 21 MAR 2025,Round Robin Session 19 - Sheet D,14:00,LTU,TUR,2,8
31,15,FRI 21 MAR 2025,Round Robin Session 18 - Sheet A,9:00,TUR,USA,8,3
31,16,FRI 21 MAR 2025,Round Robin Session 18 - Sheet B,9:00,DEN,SCO,5,10
31,17,FRI 21 MAR 2025,Round Robin Session 18 - Sheet C,9:00,SWE,SUI,7,11
31,18,FRI 21 MAR 2025,Round Robin Session 18 - Sheet D,9:00,ITA,KOR,2,6
31,19,THU 20 MAR 2025,Round Robin Session 17 - Sheet A,19:00,JPN,CAN,2,11
31,20,THU 20 MAR 2025,Round Robin Session 17 - Sheet B,19:00,SWE,CHN,8,4
31,21,THU 20 MAR 2025,Round Robin Session 17 - Sheet C,19:00,KOR,LTU,10,4
31,22,THU 20 MAR 2025,Round Robin Session 17 - Sheet D,19:00,USA,NOR,3,6
31,23,THU 20 MAR 2025,Round Robin Session 16 - Sheet A,14:00,NOR,ITA,2,9
31,24,THU 20 MAR 2025,Round Robin Session 16 - Sheet B,14:00,SUI,LTU,9,8
31,25,THU 20 MAR 2025,Round Robin Session 16 - Sheet C,14:00,SCO,TUR,10,6
31,26,THU 20 MAR 2025,Round Robin Session 16 - Sheet D,14:00,CHN,DEN,9,5
31,27,THU 20 MAR 2025,Round Robin Session 15 - Sheet A,9:00,KOR,SWE,5,7
31,28,THU 20 MAR 2025,Round Robin Session 15 - Sheet B,9:00,TUR,JPN,4,3
31,29,THU 20 MAR 2025,Round Robin Session 15 - Sheet C,9:00,USA,DEN,9,10
31,30,THU 20 MAR 2025,Round Robin Session 15 - Sheet D,9:00,CAN,SUI,7,6
31,31,WED 19 MAR 2025,Round Robin Session 14 - Sheet A,19:00,LTU,CHN,2,8
31,32,WED 19 MAR 2025,Round Robin Session 14 - Sheet B,19:00,NOR,CAN,6,8
31,33,WED 19 MAR 2025,Round Robin Session 14 - Sheet C,19:00,ITA,SWE,6,7
31,34,WED 19 MAR 2025,Round Robin Session 14 - Sheet D,19:00,JPN,SCO,5,6
31,35,WED 19 MAR 2025,Round Robin Session 13 - Sheet A,14:00,SCO,USA,7,6
31,36,WED 19 MAR 2025,Round Robin Session 13 - Sheet B,14:00,DEN,KOR,3,7
31,37,WED 19 MAR 2025,Round Robin Session 13 - Sheet C,14:00,SUI,NOR,8,4
31,38,WED 19 MAR 2025,Round Robin Session 13 - Sheet D,14:00,TUR,ITA,6,8
31,39,WED 19 MAR 2025,Round Robin Session 12 - Sheet A,9:00,DEN,JPN,2,8
31,40,WED 19 MAR 2025,Round Robin Session 12 - Sheet B,9:00,CHN,USA,7,1
31,41,WED 19 MAR 2025,Round Robin Session 12 - Sheet C,9:00,KOR,CAN,11,7
31,42,WED 19 MAR 2025,Round Robin Session 12 - Sheet D,9:00,SWE,LTU,8,2
31,43,TUE 18 MAR 2025,Round Robin Session 11 - Sheet A,19:00,CAN,TUR,8,3
31,44,TUE 18 MAR 2025,Round Robin Session 11 - Sheet B,19:00,ITA,SUI,5,8
31,45,TUE 18 MAR 2025,Round Robin Session 11 - Sheet C,19:00,LTU,SCO,2,9
31,46,TUE 18 MAR 2025,Round Robin Session 11 - Sheet D,19:00,NOR,CHN,9,8
31,47,TUE 18 MAR 2025,Round Robin Session 10 - Sheet A,14:00,SUI,KOR,9,6
31,48,TUE 18 MAR 2025,Round Robin Session 10 - Sheet B,14:00,SCO,SWE,3,5
31,49,TUE 18 MAR 2025,Round Robin Session 10 - Sheet C,14:00,USA,JPN,9,6
31,50,TUE 18 MAR 2025,Round Robin Session 10 - Sheet D,14:00,TUR,DEN,3,9
31,51,TUE 18 MAR 2025,Round Robin Session 9 - Sheet B,9:00,LTU,NOR,7,8
31,52,TUE 18 MAR 2025,Round Robin Session 9 - Sheet C,9:00,CHN,ITA,8,7
31,53,TUE 18 MAR 2025,Round Robin Session 9 - Sheet D,9:00,USA,CAN,4,8
31,54,MON 17 MAR 2025,Round Robin Session 8 - Sheet A,19:00,ITA,LTU,8,2
31,55,MON 17 MAR 2025,Round Robin Session 8 - Sheet B,19:00,TUR,KOR,4,9
31,56,MON 17 MAR 2025,Round Robin Session 8 - Sheet C,19:00,DEN,NOR,13,7
31,57,MON 17 MAR 2025,Round Robin Session 8 - Sheet D,19:00,SUI,SCO,6,5
31,58,MON 17 MAR 2025,Round Robin Session 7 - Sheet A,14:00,JPN,SUI,5,9
31,59,MON 17 MAR 2025,Round Robin Session 7 - Sheet B,14:00,CAN,DEN,9,3
31,60,MON 17 MAR 2025,Round Robin Session 7 - Sheet C,14:00,SWE,USA,5,6
31,61,MON 17 MAR 2025,Round Robin Session 7 - Sheet D,14:00,KOR,CHN,9,6
31,62,MON 17 MAR 2025,Round Robin Session 6 - Sheet A,9:00,NOR,TUR,7,6
31,63,MON 17 MAR 2025,Round Robin Session 6 - Sheet B,9:00,JPN,LTU,10,3
31,64,MON 17 MAR 2025,Round Robin Session 6 - Sheet C,9:00,SCO,ITA,7,5
31,65,SUN 16 MAR 2025,Round Robin Session 5 - Sheet A,19:00,SCO,KOR,4,5
31,66,SUN 16 MAR 2025,Round Robin Session 5 - Sheet B,19:00,USA,ITA,7,8
31,67,SUN 16 MAR 2025,Round Robin Session 5 - Sheet C,19:00,TUR,SUI,4,8
31,68,SUN 16 MAR 2025,Round Robin Session 5 - Sheet D,19:00,DEN,SWE,5,7
31,69,SUN 16 MAR 2025,Round Robin Session 4 - Sheet A,14:00,CHN,JPN,10,9
31,70,SUN 16 MAR 2025,Round Robin Session 4 - Sheet B,14:00,KOR,NOR,6,4
31,71,SUN 16 MAR 2025,Round Robin Session 4 - Sheet C,14:00,CAN,SWE,9,7
31,72,SUN 16 MAR 2025,Round Robin Session 4 - Sheet D,14:00,LTU,USA,1,8
31,73,SUN 16 MAR 2025,Round Robin Session 3 - Sheet A,9:00,DEN,LTU,11,2
31,74,SUN 16 MAR 2025,Round Robin Session 3 - Sheet B,9:00,SUI,CHN,9,4
31,75,SUN 16 MAR 2025,Round Robin Session 3 - Sheet C,9:00,NOR,SCO,8,7
31,76,SUN 16 MAR 2025,Round Robin Session 3 - Sheet D,9:00,ITA,JPN,5,10
31,77,SAT 15 MAR 2025,Round Robin Session 2 - Sheet A,19:00,USA,SUI,4,5
31,78,SAT 15 MAR 2025,Round Robin Session 2 - Sheet B,19:00,SWE,TUR,8,1
31,79,SAT 15 MAR 2025,Round Robin Session 2 - Sheet C,19:00,ITA,DEN,6,7
31,80,SAT 15 MAR 2025,Round Robin Session 2 - Sheet D,19:00,SCO,CAN,8,7
31,81,SAT 15 MAR 2025,Round Robin Session 1 - Sheet A,14:00,SWE,NOR,6,4
31,82,SAT 15 MAR 2025,Round Robin Session 1 - Sheet B,14:00,LTU,CAN,2,13
31,83,SAT 15 MAR 2025,Round Robin Session 1 - Sheet C,14:00,JPN,KOR,8,10
31,84,SAT 15 MAR 2025,Round Robin Session 1 - Sheet D,14:00,CHN,TUR,5,3
34,1,FRI 14 FEB 2025,Bronze Medal Game,13:00 铜牌赛,KAZ,JPN,3,6
34,2,FRI 14 FEB 2025,Gold Medal Game,13:00 金牌赛,CHN,KOR,2,7
34,3,THU 13 FEB 2025,Semi-final - Sheet B,19:00 半决赛 - 赛道B,CHN,JPN,5,2
34,4,THU 13 FEB 2025,Semi-final - Sheet C,19:00 半决赛 - 赛道C,KAZ,KOR,2,10
34,5,THU 13 FEB 2025,Round Robin Session 14 - Sheet B,9:00 循环赛第14轮 - 赛道B,HKG,KAZ,3,6
34,6,THU 13 FEB 2025,Round Robin Session 14 - Sheet C,9:00 循环赛第14轮 - 赛道C,JPN,CHN,2,6
34,7,WED 12 FEB 2025,Round Robin Session 13 - Sheet B,19:00 循环赛第13轮 - 赛道B,JPN,TPE,12,5
34,8,WED 12 FEB 2025,Round Robin Session 13 - Sheet C,19:00 循环赛第13轮 - 赛道C,PHI,KOR,3,11
34,9,WED 12 FEB 2025,Round Robin Session 11 - Sheet B,9:00 循环赛第11轮 - 赛道B,THA,QAT,10,1
34,10,WED 12 FEB 2025,Round Robin Session 11 - Sheet C,9:00 循环赛第11轮 - 赛道C,HKG,TPE,8,1
34,11,TUE 11 FEB 2025,Round Robin Session 10 - Sheet B,19:00 循环赛第10轮 - 赛道B,CHN,KOR,3,4
34,12,TUE 11 FEB 2025,Round Robin Session 10 - Sheet C,19:00 循环赛第10轮 - 赛道C,KAZ,QAT,11,2
34,13,TUE 11 FEB 2025,Round Robin Session 8 - Sheet B,9:00 循环赛第8轮 - 赛道B,KAZ,PHI,5,4
34,14,TUE 11 FEB 2025,Round Robin Session 8 - Sheet C,9:00 循环赛第8轮 - 赛道C,THA,JPN,2,13
34,15,MON 10 FEB 2025,Round Robin Session 7 - Sheet B,19:00 循环赛第7轮 - 赛道B,TPE,THA,10,2
34,16,MON 10 FEB 2025,Round Robin Session 7 - Sheet C,19:00 循环赛第7轮 - 赛道C,KOR,HKG,9,2
34,17,MON 10 FEB 2025,Round Robin Session 5 - Sheet B,9:00 循环赛第5轮 - 赛道B,QAT,CHN,0,14
34,18,MON 10 FEB 2025,Round Robin Session 5 - Sheet C,9:00 循环赛第5轮 - 赛道C,TPE,KAZ,0,14
34,19,SUN 9 FEB 2025,Round Robin Session 3 - Sheet B,17:00 循环赛第3轮 - 赛道B,KOR,JPN,6,4
34,20,SUN 9 FEB 2025,Round Robin Session 3 - Sheet C,17:00 循环赛第3轮 - 赛道C,QAT,PHI,1,13
34,21,SUN 9 FEB 2025,Round Robin Session 1 - Sheet B,9:00 循环赛第1轮 - 赛道B,PHI,HKG,7,2
34,22,SUN 9 FEB 2025,Round Robin Session 1 - Sheet C,9:00 循环赛第1轮 - 赛道C,CHN,THA,19,1
34,23,FRI 14 FEB 2025,Gold Medal Game,9:00 金牌赛,KOR,PHI,3,5
34,24,FRI 14 FEB 2025,Bronze Medal Game,9:00 铜牌赛,CHN,HKG,10,3
34,25,THU 13 FEB 2025,Qualification - Sheet B,14:00 资格赛 - 赛道B,JPN,PHI,4,10
34,26,THU 13 FEB 2025,Qualification - Sheet C,14:00 资格赛 - 赛道C,KAZ,HKG,5,8
34,27,WED 12 FEB 2025,Round Robin Group A Session 12 - Sheet B,14:00 循环赛A组第12轮 - 赛道B,KGZ,KAZ,3,6
34,28,WED 12 FEB 2025,Round Robin Group A Session 12 - Sheet C,14:00 循环赛A组第12轮 - 赛道C,PHI,TPE,11,3
34,29,TUE 11 FEB 2025,Round Robin Group B Session 9 - Sheet B,14:00 循环赛B组第9轮 - 赛道B,HKG,QAT,10,2
34,30,TUE 11 FEB 2025,Round Robin Group A Session 9 - Sheet C,14:00 循环赛A组第9轮 - 赛道C,KAZ,KOR,2,12
34,31,MON 10 FEB 2025,Round Robin Group A Session 6 - Sheet B,14:00 循环赛A组第6轮 - 赛道B,KOR,TPE,10,1
34,32,MON 10 FEB 2025,Round Robin Group B Session 6 - Sheet C,14:00 循环赛B组第6轮 - 赛道C,THA,KSA,2,12
34,33,SUN 9 FEB 2025,Round Robin Group B Session 4 - Sheet B,21:00 循环赛B组第4轮 - 赛道B,CHN,KSA,19,1
34,34,SUN 9 FEB 2025,Round Robin Group B Session 4 - Sheet C,21:00 循环赛B组第4轮 - 赛道C,JPN,QAT,12,2
34,35,SUN 9 FEB 2025,Round Robin Group B Session 2 - Sheet B,13:00 循环赛B组第2轮 - 赛道B,THA,JPN,0,23
34,36,SUN 9 FEB 2025,Round Robin Group B Session 2 - Sheet C,13:00 循环赛B组第2轮 - 赛道C,CHN,HKG,9,2
34,37,SAT 8 FEB 2025,Bronze Medal Game,9:00 铜牌赛,PHI,CHN,5,6
34,38,SAT 8 FEB 2025,Gold Medal Game,9:00 金牌赛,KOR,JPN,6,7
34,39,FRI 7 FEB 2025,Semi-final - Sheet B,13:00 半决赛 - 赛道B,PHI,JPN,3,10
34,40,FRI 7 FEB 2025,Semi-final - Sheet C,13:00 半决赛 - 赛道C,CHN,KOR,4,8
34,41,FRI 7 FEB 2025,Qualification - Sheet B,9:00 资格赛 - 赛道B,HKG,KOR,4,11
34,42,FRI 7 FEB 2025,Qualification - Sheet C,9:00 资格赛 - 赛道C,PHI,TPE,7,2
34,43,THU 6 FEB 2025,Round Robin Group B Session 8 - Sheet B,18:00 循环赛B组第8轮 - 赛道B,PHI,KAZ,11,2
34,44,THU 6 FEB 2025,Round Robin Group B Session 8 - Sheet C,18:00 循环赛B组第8轮 - 赛道C,KOR,KGZ,14,3
34,45,THU 6 FEB 2025,Round Robin Group A Session 7 - Sheet C,14:00 循环赛A组第7轮 - 赛道C,JPN,KUW,5,0
34,47,THU 6 FEB 2025,Round Robin Group B Session 6 - Sheet B,10:00 循环赛B组第6轮 - 赛道B,KOR,CHN,4,6
34,48,WED 5 FEB 2025,Round Robin Group A Session 5 - Sheet C,18:00 循环赛A组第5轮 - 赛道C,MGL,THA,5,10
34,49,WED 5 FEB 2025,Round Robin Group A Session 4 - Sheet B,14:00 循环赛A组第4轮 - 赛道B,MGL,TPE,4,8
34,50,WED 5 FEB 2025,Round Robin Group A Session 3 - Sheet B,10:00 循环赛A组第3轮 - 赛道B,JPN,HKG,9,3
34,51,WED 5 FEB 2025,Round Robin Group B Session 3 - Sheet C,10:00 循环赛B组第3轮 - 赛道C,PHI,QAT,11,3
34,52,TUE 4 FEB 2025,Round Robin Group A Session 2 - Sheet B,14:00 循环赛A组第2轮 - 赛道B,THA,KUW,12,3
34,53,TUE 4 FEB 2025,Round Robin Group A Session 2 - Sheet C,14:00 循环赛A组第2轮 - 赛道C,HKG,TPE,9,8
34,54,TUE 4 FEB 2025,Round Robin Group B Session 1 - Sheet B,10:00 循环赛B组第1轮 - 赛道B,QAT,KGZ,6,8
34,55,TUE 4 FEB 2025,Round Robin Group B Session 1 - Sheet C,10:00 循环赛B组第1轮 - 赛道C,CHN,KAZ,11,5
39,1,SAT 23 NOV 2024,Gold Medal Game,15:00,SCO,GER,7,9
39,2,FRI 22 NOV 2024,Bronze Medal Game,19:00,NOR,SUI,7,4
39,3,FRI 22 NOV 2024,Semi-final - Sheet B,9:00,GER,NOR,8,2
39,4,FRI 22 NOV 2024,Semi-final - Sheet D,9:00,SCO,SUI,10,8
39,5,THU 21 NOV 2024,Round Robin Session 9 - Sheet A,14:00,SWE,SCO,7,11
39,6,THU 21 NOV 2024,Round Robin Session 9 - Sheet B,14:00,CZE,NOR,3,5
39,7,THU 21 NOV 2024,Round Robin Session 9 - Sheet C,14:00,AUT,NED,8,6
39,8,THU 21 NOV 2024,Round Robin Session 9 - Sheet D,14:00,SUI,ITA,7,4
39,9,THU 21 NOV 2024,Round Robin Session 9 - Sheet E,14:00,GER,ENG,10,2
39,10,WED 20 NOV 2024,Round Robin Session 8 - Sheet A,19:00,ITA,GER,8,5
39,11,WED 20 NOV 2024,Round Robin Session 8 - Sheet B,19:00,SWE,NED,9,6
39,12,WED 20 NOV 2024,Round Robin Session 8 - Sheet C,19:00,CZE,SCO,2,10
39,13,WED 20 NOV 2024,Round Robin Session 8 - Sheet D,19:00,ENG,AUT,2,7
39,14,WED 20 NOV 2024,Round Robin Session 8 - Sheet E,19:00,NOR,SUI,10,5
39,15,WED 20 NOV 2024,Round Robin Session 7 - Sheet A,9:00,AUT,CZE,9,8
39,16,WED 20 NOV 2024,Round Robin Session 7 - Sheet B,9:00,SCO,GER,12,5
39,17,WED 20 NOV 2024,Round Robin Session 7 - Sheet C,9:00,NOR,ITA,10,7
39,18,WED 20 NOV 2024,Round Robin Session 7 - Sheet D,9:00,NED,SUI,6,8
39,19,WED 20 NOV 2024,Round Robin Session 7 - Sheet E,9:00,ENG,SWE,3,8
39,20,TUE 19 NOV 2024,Round Robin Session 6 - Sheet A,14:00,NED,NOR,9,7
39,21,TUE 19 NOV 2024,Round Robin Session 6 - Sheet B,14:00,SUI,ENG,11,1
39,22,TUE 19 NOV 2024,Round Robin Session 6 - Sheet C,14:00,SWE,AUT,7,6
39,23,TUE 19 NOV 2024,Round Robin Session 6 - Sheet D,14:00,CZE,GER,6,8
39,24,TUE 19 NOV 2024,Round Robin Session 6 - Sheet E,14:00,SCO,ITA,7,10
39,25,MON 18 NOV 2024,Round Robin Session 5 - Sheet A,20:10,GER,SUI,9,3
39,26,MON 18 NOV 2024,Round Robin Session 5 - Sheet B,20:10,NED,ITA,6,11
39,27,MON 18 NOV 2024,Round Robin Session 5 - Sheet C,20:10,ENG,CZE,5,12
39,28,MON 18 NOV 2024,Round Robin Session 5 - Sheet D,20:10,AUT,SCO,2,10
39,29,MON 18 NOV 2024,Round Robin Session 5 - Sheet E,20:10,SWE,NOR,9,8
39,30,MON 18 NOV 2024,Round Robin Session 4 - Sheet A,12:00,CZE,NED,10,7
39,31,MON 18 NOV 2024,Round Robin Session 4 - Sheet B,12:00,GER,SWE,6,5
39,32,MON 18 NOV 2024,Round Robin Session 4 - Sheet C,12:00,SCO,SUI,7,6
39,33,MON 18 NOV 2024,Round Robin Session 4 - Sheet D,12:00,NOR,ENG,9,4
39,34,MON 18 NOV 2024,Round Robin Session 4 - Sheet E,12:00,ITA,AUT,6,4
39,35,SUN 17 NOV 2024,Round Robin Session 3 - Sheet A,19:00,NOR,AUT,7,2
39,36,SUN 17 NOV 2024,Round Robin Session 3 - Sheet B,19:00,ENG,SCO,1,8
39,37,SUN 17 NOV 2024,Round Robin Session 3 - Sheet C,19:00,ITA,SWE,3,7
39,38,SUN 17 NOV 2024,Round Robin Session 3 - Sheet D,19:00,GER,NED,9,5
39,39,SUN 17 NOV 2024,Round Robin Session 3 - Sheet E,19:00,SUI,CZE,10,7
39,40,SUN 17 NOV 2024,Round Robin Session 2 - Sheet A,9:00,SUI,SWE,6,5
39,41,SUN 17 NOV 2024,Round Robin Session 2 - Sheet B,9:00,ITA,CZE,8,7
39,42,SUN 17 NOV 2024,Round Robin Session 2 - Sheet C,9:00,NED,ENG,7,5
39,43,SUN 17 NOV 2024,Round Robin Session 2 - Sheet D,9:00,SCO,NOR,6,5
39,44,SUN 17 NOV 2024,Round Robin Session 2 - Sheet E,9:00,AUT,GER,2,10
39,45,SAT 16 NOV 2024,Round Robin Session 1 - Sheet A,14:30,ENG,ITA,3,8
39,46,SAT 16 NOV 2024,Round Robin Session 1 - Sheet B,14:30,AUT,SUI,1,7
39,47,SAT 16 NOV 2024,Round Robin Session 1 - Sheet C,14:30,GER,NOR,4,8
39,48,SAT 16 NOV 2024,Round Robin Session 1 - Sheet D,14:30,SWE,CZE,9,6
39,49,SAT 16 NOV 2024,Round Robin Session 1 - Sheet E,14:30,NED,SCO,6,8
40,1,SAT 23 NOV 2024,Gold Medal Game,10:00,SWE,SUI,4,8
40,2,FRI 22 NOV 2024,Bronze Medal Game,14:00,ITA,SCO,4,6
40,3,THU 21 NOV 2024,Semi-final - Sheet B,19:00,SWE,SCO,6,4
40,4,THU 21 NOV 2024,Semi-final - Sheet D,19:00,ITA,SUI,3,7
40,5,THU 21 NOV 2024,Round Robin Session 9 - Sheet A,9:00,SUI,EST,6,5
40,6,THU 21 NOV 2024,Round Robin Session 9 - Sheet B,9:00,DEN,LTU,9,2
40,7,THU 21 NOV 2024,Round Robin Session 9 - Sheet C,9:00,TUR,HUN,12,2
40,8,THU 21 NOV 2024,Round Robin Session 9 - Sheet D,9:00,NOR,SCO,4,5
40,9,THU 21 NOV 2024,Round Robin Session 9 - Sheet E,9:00,ITA,SWE,4,8
40,10,WED 20 NOV 2024,Round Robin Session 8 - Sheet A,14:00,SCO,ITA,9,5
40,11,WED 20 NOV 2024,Round Robin Session 8 - Sheet B,14:00,SUI,HUN,13,1
40,12,WED 20 NOV 2024,Round Robin Session 8 - Sheet C,14:00,DEN,EST,9,4
40,13,WED 20 NOV 2024,Round Robin Session 8 - Sheet D,14:00,SWE,TUR,5,7
40,14,WED 20 NOV 2024,Round Robin Session 8 - Sheet E,14:00,LTU,NOR,1,9
40,15,TUE 19 NOV 2024,Round Robin Session 7 - Sheet A,19:00,TUR,DEN,7,8
40,16,TUE 19 NOV 2024,Round Robin Session 7 - Sheet B,19:00,EST,ITA,6,12
40,17,TUE 19 NOV 2024,Round Robin Session 7 - Sheet C,19:00,LTU,SCO,2,9
40,18,TUE 19 NOV 2024,Round Robin Session 7 - Sheet D,19:00,HUN,NOR,5,9
40,19,TUE 19 NOV 2024,Round Robin Session 7 - Sheet E,19:00,SWE,SUI,5,7
40,20,TUE 19 NOV 2024,Round Robin Session 6 - Sheet A,9:00,HUN,LTU,6,8
40,21,TUE 19 NOV 2024,Round Robin Session 6 - Sheet B,9:00,NOR,SWE,6,8
40,22,TUE 19 NOV 2024,Round Robin Session 6 - Sheet C,9:00,SUI,TUR,10,4
40,23,TUE 19 NOV 2024,Round Robin Session 6 - Sheet D,9:00,DEN,ITA,5,6
40,24,TUE 19 NOV 2024,Round Robin Session 6 - Sheet E,9:00,EST,SCO,1,8
40,25,MON 18 NOV 2024,Round Robin Session 5 - Sheet A,16:15,ITA,NOR,7,6
40,26,MON 18 NOV 2024,Round Robin Session 5 - Sheet B,16:15,HUN,SCO,3,9
40,27,MON 18 NOV 2024,Round Robin Session 5 - Sheet C,16:15,SWE,DEN,7,5
40,28,MON 18 NOV 2024,Round Robin Session 5 - Sheet D,16:15,TUR,EST,5,4
40,29,MON 18 NOV 2024,Round Robin Session 5 - Sheet E,16:15,SUI,LTU,8,7
40,30,MON 18 NOV 2024,Round Robin Session 4 - Sheet A,8:00,DEN,HUN,8,1
40,31,MON 18 NOV 2024,Round Robin Session 4 - Sheet B,8:00,ITA,SUI,6,7
40,32,MON 18 NOV 2024,Round Robin Session 4 - Sheet C,8:00,EST,NOR,3,9
40,33,MON 18 NOV 2024,Round Robin Session 4 - Sheet D,8:00,LTU,SWE,5,8
40,34,MON 18 NOV 2024,Round Robin Session 4 - Sheet E,8:00,SCO,TUR,4,5
40,35,SUN 17 NOV 2024,Round Robin Session 3 - Sheet A,14:00,LTU,TUR,4,12
40,36,SUN 17 NOV 2024,Round Robin Session 3 - Sheet B,14:00,SWE,EST,8,2
40,37,SUN 17 NOV 2024,Round Robin Session 3 - Sheet C,14:00,SCO,SUI,1,8
40,38,SUN 17 NOV 2024,Round Robin Session 3 - Sheet D,14:00,ITA,HUN,9,6
40,39,SUN 17 NOV 2024,Round Robin Session 3 - Sheet E,14:00,NOR,DEN,4,11
40,40,SAT 16 NOV 2024,Round Robin Session 2 - Sheet A,19:30,NOR,SUI,4,9
40,41,SAT 16 NOV 2024,Round Robin Session 2 - Sheet B,19:30,SCO,DEN,11,9
40,42,SAT 16 NOV 2024,Round Robin Session 2 - Sheet C,19:30,HUN,SWE,8,10
40,43,SAT 16 NOV 2024,Round Robin Session 2 - Sheet D,19:30,EST,LTU,10,7
40,44,SAT 16 NOV 2024,Round Robin Session 2 - Sheet E,19:30,TUR,ITA,7,11
40,45,SAT 16 NOV 2024,Round Robin Session 1 - Sheet A,9:00,SWE,SCO,8,5
40,46,SAT 16 NOV 2024,Round Robin Session 1 - Sheet B,9:00,TUR,NOR,6,10
40,47,SAT 16 NOV 2024,Round Robin Session 1 - Sheet C,9:00,ITA,LTU,11,4
40,48,SAT 16 NOV 2024,Round Robin Session 1 - Sheet D,9:00,SUI,DEN,4,2
40,49,SAT 16 NOV 2024,Round Robin Session 1 - Sheet E,9:00,HUN,EST,10,6
44,1,SAT 2 NOV 2024,Gold Medal Game,10:00,JPN,CHN,4,6
44,2,FRI 1 NOV 2024,Bronze Medal Game,14:00,USA,CAN,10,8
44,3,THU 31 OCT 2024,Semi-final - Sheet A,19:00,JPN,CAN,8,4
44,4,THU 31 OCT 2024,Semi-final - Sheet C,19:00,USA,CHN,4,7
44,5,THU 31 OCT 2024,Round Robin Session 7 - Sheet A,9:00,USA,JPN,8,2
44,6,THU 31 OCT 2024,Round Robin Session 7 - Sheet B,9:00,NZL,TPE,13,3
44,7,THU 31 OCT 2024,Round Robin Session 7 - Sheet C,9:00,AUS,KOR,7,9
44,8,THU 31 OCT 2024,Round Robin Session 7 - Sheet D,9:00,CAN,CHN,7,4
44,9,WED 30 OCT 2024,Round Robin Session 6 - Sheet A,14:00,CHN,KOR,4,5
44,10,WED 30 OCT 2024,Round Robin Session 6 - Sheet B,14:00,AUS,CAN,8,13
44,11,WED 30 OCT 2024,Round Robin Session 6 - Sheet C,14:00,JPN,NZL,9,1
44,12,WED 30 OCT 2024,Round Robin Session 6 - Sheet D,14:00,TPE,USA,3,9
44,13,TUE 29 OCT 2024,Round Robin Session 5 - Sheet A,19:00,JPN,CAN,5,7
44,14,TUE 29 OCT 2024,Round Robin Session 5 - Sheet B,19:00,CHN,USA,6,8
44,15,TUE 29 OCT 2024,Round Robin Session 5 - Sheet C,19:00,KOR,TPE,19,1
44,16,TUE 29 OCT 2024,Round Robin Session 5 - Sheet D,19:00,NZL,AUS,6,8
44,17,TUE 29 OCT 2024,Round Robin Session 4 - Sheet A,9:00,TPE,AUS,2,11
44,18,TUE 29 OCT 2024,Round Robin Session 4 - Sheet B,9:00,KOR,NZL,1,9
44,19,TUE 29 OCT 2024,Round Robin Session 4 - Sheet C,9:00,CHN,JPN,5,4
44,20,TUE 29 OCT 2024,Round Robin Session 4 - Sheet D,9:00,USA,CAN,5,7
44,21,MON 28 OCT 2024,Round Robin Session 3 - Sheet A,14:00,CAN,NZL,10,5
44,22,MON 28 OCT 2024,Round Robin Session 3 - Sheet B,14:00,TPE,CHN,4,12
44,23,MON 28 OCT 2024,Round Robin Session 3 - Sheet C,14:00,USA,AUS,9,2
44,24,MON 28 OCT 2024,Round Robin Session 3 - Sheet D,14:00,KOR,JPN,4,6
44,25,SUN 27 OCT 2024,Round Robin Session 2 - Sheet A,19:30,KOR,USA,6,7
44,26,SUN 27 OCT 2024,Round Robin Session 2 - Sheet B,19:30,JPN,AUS,7,4
44,27,SUN 27 OCT 2024,Round Robin Session 2 - Sheet C,19:30,TPE,CAN,1,17
44,28,SUN 27 OCT 2024,Round Robin Session 2 - Sheet D,19:30,CHN,NZL,7,5
44,29,SUN 27 OCT 2024,Round Robin Session 1 - Sheet A,8:30,AUS,CHN,4,8
44,30,SUN 27 OCT 2024,Round Robin Session 1 - Sheet B,8:30,CAN,KOR,10,3
44,31,SUN 27 OCT 2024,Round Robin Session 1 - Sheet C,8:30,NZL,USA,2,10
44,32,SUN 27 OCT 2024,Round Robin Session 1 - Sheet D,8:30,JPN,TPE,9,1
45,1,SAT 2 NOV 2024,Gold Medal Game,15:00,KOR,CAN,5,6
45,2,FRI 1 NOV 2024,Bronze Medal Game,19:00,JPN,CHN,3,7
45,3,FRI 1 NOV 2024,Semi-final - Sheet A,9:00,CHN,CAN,5,6
45,4,FRI 1 NOV 2024,Semi-final - Sheet C,9:00,JPN,KOR,6,7
45,5,THU 31 OCT 2024,Round Robin Session 7 - Sheet A,14:00,TPE,NZL,3,10
45,6,THU 31 OCT 2024,Round Robin Session 7 - Sheet B,14:00,CHN,USA,9,4
45,7,THU 31 OCT 2024,Round Robin Session 7 - Sheet C,14:00,JPN,CAN,6,8
45,8,THU 31 OCT 2024,Round Robin Session 7 - Sheet D,14:00,MEX,KOR,4,11
45,9,WED 30 OCT 2024,Round Robin Session 6 - Sheet A,19:00,CAN,MEX,10,1
45,10,WED 30 OCT 2024,Round Robin Session 6 - Sheet B,19:00,JPN,KOR,6,4
45,11,WED 30 OCT 2024,Round Robin Session 6 - Sheet C,19:00,TPE,USA,0,19
45,12,WED 30 OCT 2024,Round Robin Session 6 - Sheet D,19:00,CHN,NZL,9,4
45,13,WED 30 OCT 2024,Round Robin Session 5 - Sheet A,9:00,NZL,USA,2,6
45,14,WED 30 OCT 2024,Round Robin Session 5 - Sheet B,9:00,TPE,CHN,2,14
45,15,WED 30 OCT 2024,Round Robin Session 5 - Sheet C,9:00,MEX,JPN,3,11
45,16,WED 30 OCT 2024,Round Robin Session 5 - Sheet D,9:00,KOR,CAN,2,8
45,17,TUE 29 OCT 2024,Round Robin Session 4 - Sheet A,14:00,MEX,CHN,0,14
45,18,TUE 29 OCT 2024,Round Robin Session 4 - Sheet B,14:00,NZL,CAN,2,9
45,19,TUE 29 OCT 2024,Round Robin Session 4 - Sheet C,14:00,USA,KOR,8,10
45,20,TUE 29 OCT 2024,Round Robin Session 4 - Sheet D,14:00,JPN,TPE,12,1
45,21,MON 28 OCT 2024,Round Robin Session 3 - Sheet A,19:00,KOR,TPE,11,1
45,22,MON 28 OCT 2024,Round Robin Session 3 - Sheet B,19:00,USA,JPN,5,6
45,23,MON 28 OCT 2024,Round Robin Session 3 - Sheet C,19:00,NZL,MEX,10,9
45,24,MON 28 OCT 2024,Round Robin Session 3 - Sheet D,19:00,CAN,CHN,7,5
45,25,MON 28 OCT 2024,Round Robin Session 2 - Sheet A,9:00,CHN,JPN,6,11
45,26,MON 28 OCT 2024,Round Robin Session 2 - Sheet B,9:00,KOR,NZL,13,3
45,27,MON 28 OCT 2024,Round Robin Session 2 - Sheet C,9:00,CAN,TPE,13,0
45,28,MON 28 OCT 2024,Round Robin Session 2 - Sheet D,9:00,USA,MEX,10,2
45,29,SUN 27 OCT 2024,Round Robin Session 1 - Sheet A,13:30,USA,CAN,2,9
45,30,SUN 27 OCT 2024,Round Robin Session 1 - Sheet B,13:30,MEX,TPE,9,8
45,31,SUN 27 OCT 2024,Round Robin Session 1 - Sheet C,13:30,KOR,CHN,5,2
45,32,SUN 27 OCT 2024,Round Robin Session 1 - Sheet D,13:30,NZL,JPN,4,7
51,1,SAT 27 APR 2024,Gold Medal Game,14:00,EST,SWE,4,8
51,2,SAT 27 APR 2024,Bronze Medal Game,10:00,NOR,SUI,6,5
51,3,FRI 26 APR 2024,Semi-final - Sheet B,18:00,NOR,EST,6,8
51,4,FRI 26 APR 2024,Semi-final - Sheet D,18:00,SUI,SWE,3,6
51,5,FRI 26 APR 2024,Relegation Game - Sheet A,10:00,CZE,TUR,8,4
51,6,FRI 26 APR 2024,Relegation Game - Sheet E,10:00,AUS,FRA,7,5
51,7,FRI 26 APR 2024,Qualification - Sheet B,10:00,SUI,SCO,8,6
51,8,FRI 26 APR 2024,Qualification - Sheet D,10:00,EST,CAN,6,5
51,9,THU 25 APR 2024,Round Robin Session 18,18:00 Group B - Sheet A,NZL,AUS,2,7
51,10,THU 25 APR 2024,Round Robin Session 18,18:00 Group B - Sheet B,CAN,USA,12,6
51,11,THU 25 APR 2024,Round Robin Session 18,18:00 Group B - Sheet C,CHN,KOR,5,7
51,12,THU 25 APR 2024,Round Robin Session 18,18:00 Group B - Sheet D,NED,CZE,7,1
51,13,THU 25 APR 2024,Round Robin Session 18,18:00 Group B - Sheet E,SWE,SCO,4,8
51,14,THU 25 APR 2024,Round Robin Session 17,14:00 Group A - Sheet A,SUI,JPN,7,8
51,15,THU 25 APR 2024,Round Robin Session 17,14:00 Group A - Sheet B,FRA,EST,3,8
51,16,THU 25 APR 2024,Round Robin Session 17,14:00 Group A - Sheet C,ESP,NOR,3,9
51,17,THU 25 APR 2024,Round Robin Session 17,14:00 Group A - Sheet D,ITA,GER,8,6
51,18,THU 25 APR 2024,Round Robin Session 17,14:00 Group A - Sheet E,TUR,DEN,7,5
51,19,THU 25 APR 2024,Round Robin Session 16,10:00 Group B - Sheet A,CZE,SWE,4,7
51,20,THU 25 APR 2024,Round Robin Session 16,10:00 Group B - Sheet B,NZL,KOR,8,5
51,21,THU 25 APR 2024,Round Robin Session 16,10:00 Group B - Sheet C,CAN,AUS,11,4
51,22,THU 25 APR 2024,Round Robin Session 16,10:00 Group B - Sheet D,SCO,CHN,6,4
51,23,THU 25 APR 2024,Round Robin Session 16,10:00 Group B - Sheet E,USA,NED,10,0
51,24,WED 24 APR 2024,Round Robin Session 15,18:00 Group A - Sheet A,GER,TUR,8,5
51,25,WED 24 APR 2024,Round Robin Session 15,18:00 Group A - Sheet B,SUI,NOR,5,6
51,26,WED 24 APR 2024,Round Robin Session 15,18:00 Group A - Sheet C,FRA,JPN,8,7
51,27,WED 24 APR 2024,Round Robin Session 15,18:00 Group A - Sheet D,DEN,ESP,10,7
51,28,WED 24 APR 2024,Round Robin Session 15,18:00 Group A - Sheet E,EST,ITA,8,6
51,29,WED 24 APR 2024,Round Robin Session 14,14:00 Group B - Sheet A,CHN,CAN,4,10
51,30,WED 24 APR 2024,Round Robin Session 14,14:00 Group B - Sheet B,AUS,SWE,6,7
51,31,WED 24 APR 2024,Round Robin Session 14,14:00 Group B - Sheet C,USA,CZE,4,7
51,32,WED 24 APR 2024,Round Robin Session 14,14:00 Group B - Sheet D,KOR,NED,7,6
51,33,WED 24 APR 2024,Round Robin Session 14,14:00 Group B - Sheet E,SCO,NZL,9,3
51,34,WED 24 APR 2024,Round Robin Session 13,10:00 Group A - Sheet A,ESP,FRA,10,6
51,35,WED 24 APR 2024,Round Robin Session 13,10:00 Group A - Sheet B,JPN,TUR,7,5
51,36,WED 24 APR 2024,Round Robin Session 13,10:00 Group A - Sheet C,EST,GER,10,2
51,37,WED 24 APR 2024,Round Robin Session 13,10:00 Group A - Sheet D,NOR,ITA,7,4
51,38,WED 24 APR 2024,Round Robin Session 13,10:00 Group A - Sheet E,DEN,SUI,9,4
51,39,TUE 23 APR 2024,Round Robin Session 12,18:00 Group B - Sheet A,KOR,USA,7,5
51,40,TUE 23 APR 2024,Round Robin Session 12,18:00 Group B - Sheet B,NED,SCO,5,7
51,41,TUE 23 APR 2024,Round Robin Session 12,18:00 Group B - Sheet C,NZL,CHN,4,8
51,42,TUE 23 APR 2024,Round Robin Session 12,18:00 Group B - Sheet D,CAN,SWE,5,6
51,43,TUE 23 APR 2024,Round Robin Session 12,18:00 Group B - Sheet E,AUS,CZE,7,6
51,44,TUE 23 APR 2024,Round Robin Session 11,14:00 Group A - Sheet A,NOR,EST,9,4
51,45,TUE 23 APR 2024,Round Robin Session 11,14:00 Group A - Sheet B,ITA,DEN,9,4
51,46,TUE 23 APR 2024,Round Robin Session 11,14:00 Group A - Sheet C,SUI,ESP,8,1
51,47,TUE 23 APR 2024,Round Robin Session 11,14:00 Group A - Sheet D,FRA,TUR,4,7
51,48,TUE 23 APR 2024,Round Robin Session 11,14:00 Group A - Sheet E,JPN,GER,7,5
51,49,TUE 23 APR 2024,Round Robin Session 10,10:00 Group B - Sheet A,SWE,NED,6,2
51,50,TUE 23 APR 2024,Round Robin Session 10,10:00 Group B - Sheet B,KOR,CZE,9,3
51,51,TUE 23 APR 2024,Round Robin Session 10,10:00 Group B - Sheet C,SCO,CAN,5,12
51,52,TUE 23 APR 2024,Round Robin Session 10,10:00 Group B - Sheet D,CHN,AUS,6,5
51,53,TUE 23 APR 2024,Round Robin Session 10,10:00 Group B - Sheet E,NZL,USA,4,5
51,54,MON 22 APR 2024,Round Robin Session 9,18:00 Group A - Sheet A,TUR,ITA,3,8
51,55,MON 22 APR 2024,Round Robin Session 9,18:00 Group A - Sheet B,NOR,GER,7,4
51,56,MON 22 APR 2024,Round Robin Session 9,18:00 Group A - Sheet C,DEN,FRA,8,10
51,57,MON 22 APR 2024,Round Robin Session 9,18:00 Group A - Sheet D,ESP,JPN,4,7
51,58,MON 22 APR 2024,Round Robin Session 9,18:00 Group A - Sheet E,SUI,EST,8,4
51,59,MON 22 APR 2024,Round Robin Session 8,14:00 Group B - Sheet A,CAN,KOR,6,4
51,60,MON 22 APR 2024,Round Robin Session 8,14:00 Group B - Sheet B,SWE,NZL,7,1
51,61,MON 22 APR 2024,Round Robin Session 8,14:00 Group B - Sheet C,AUS,NED,4,9
51,62,MON 22 APR 2024,Round Robin Session 8,14:00 Group B - Sheet D,USA,SCO,8,4
51,63,MON 22 APR 2024,Round Robin Session 8,14:00 Group B - Sheet E,CZE,CHN,9,2
51,64,MON 22 APR 2024,Round Robin Session 7,10:00 Group A - Sheet A,FRA,NOR,2,8
51,65,MON 22 APR 2024,Round Robin Session 7,10:00 Group A - Sheet B,TUR,SUI,3,10
51,66,MON 22 APR 2024,Round Robin Session 7,10:00 Group A - Sheet C,JPN,ITA,2,8
51,67,MON 22 APR 2024,Round Robin Session 7,10:00 Group A - Sheet D,EST,DEN,7,8
51,68,MON 22 APR 2024,Round Robin Session 7,10:00 Group A - Sheet E,GER,ESP,7,4
51,69,SUN 21 APR 2024,Round Robin Session 6,18:00 Group B - Sheet A,USA,CHN,8,6
51,70,SUN 21 APR 2024,Round Robin Session 6,18:00 Group B - Sheet B,SCO,AUS,7,5
51,71,SUN 21 APR 2024,Round Robin Session 6,18:00 Group B - Sheet C,CZE,NZL,8,6
51,72,SUN 21 APR 2024,Round Robin Session 6,18:00 Group B - Sheet D,SWE,KOR,8,5
51,73,SUN 21 APR 2024,Round Robin Session 6,18:00 Group B - Sheet E,NED,CAN,0,11
51,74,SUN 21 APR 2024,Round Robin Session 5,14:00 Group A - Sheet A,EST,ESP,10,2
51,75,SUN 21 APR 2024,Round Robin Session 5,14:00 Group A - Sheet B,DEN,JPN,3,8
51,76,SUN 21 APR 2024,Round Robin Session 5,14:00 Group A - Sheet C,GER,SUI,3,9
51,77,SUN 21 APR 2024,Round Robin Session 5,14:00 Group A - Sheet D,TUR,NOR,5,6
51,78,SUN 21 APR 2024,Round Robin Session 5,14:00 Group A - Sheet E,ITA,FRA,10,6
51,79,SUN 21 APR 2024,Round Robin Session 4,10:00 Group B - Sheet A,NED,NZL,6,2
51,80,SUN 21 APR 2024,Round Robin Session 4,10:00 Group B - Sheet B,CZE,CAN,3,8
51,81,SUN 21 APR 2024,Round Robin Session 4,10:00 Group B - Sheet C,KOR,SCO,6,4
51,82,SUN 21 APR 2024,Round Robin Session 4,10:00 Group B - Sheet D,AUS,USA,7,8
51,83,SUN 21 APR 2024,Round Robin Session 4,10:00 Group B - Sheet E,CHN,SWE,3,9
51,84,SAT 20 APR 2024,Round Robin Session 3,18:00 Group A - Sheet A,ITA,SUI,4,8
51,85,SAT 20 APR 2024,Round Robin Session 3,18:00 Group A - Sheet B,GER,FRA,9,5
51,86,SAT 20 APR 2024,Round Robin Session 3,18:00 Group A - Sheet C,NOR,DEN,6,7
51,87,SAT 20 APR 2024,Round Robin Session 3,18:00 Group A - Sheet D,JPN,EST,4,7
51,88,SAT 20 APR 2024,Round Robin Session 3,18:00 Group A - Sheet E,ESP,TUR,3,7
51,89,SAT 20 APR 2024,Round Robin Session 2,14:00 Group B - Sheet A,SCO,CZE,7,3
51,90,SAT 20 APR 2024,Round Robin Session 2,14:00 Group B - Sheet B,CHN,NED,9,5
51,91,SAT 20 APR 2024,Round Robin Session 2,14:00 Group B - Sheet C,SWE,USA,6,5
51,92,SAT 20 APR 2024,Round Robin Session 2,14:00 Group B - Sheet D,NZL,CAN,2,7
51,93,SAT 20 APR 2024,Round Robin Session 2,14:00 Group B - Sheet E,KOR,AUS,5,6
51,94,SAT 20 APR 2024,Round Robin Session 1,10:00 Group A - Sheet A,DEN,GER,4,6
51,95,SAT 20 APR 2024,Round Robin Session 1,10:00 Group A - Sheet B,ESP,ITA,2,5
51,96,SAT 20 APR 2024,Round Robin Session 1,10:00 Group A - Sheet C,TUR,EST,5,7
51,97,SAT 20 APR 2024,Round Robin Session 1,10:00 Group A - Sheet D,SUI,FRA,8,4
51,98,SAT 20 APR 2024,Round Robin Session 1,10:00 Group A - Sheet E,NOR,JPN,5,6
54,1,SUN 7 APR 2024,Gold Medal Game,15:00,CAN,SWE,5,6
54,2,SUN 7 APR 2024,Bronze Medal Game,10:00,SCO,ITA,6,7
54,3,SAT 6 APR 2024,Semi-final - Sheet B,16:00,ITA,SWE,3,5
54,4,SAT 6 APR 2024,Semi-final - Sheet D,16:00,CAN,SCO,9,4
54,5,SAT 6 APR 2024,Qualification - Sheet B,10:00,SCO,USA,8,4
54,6,SAT 6 APR 2024,Qualification - Sheet D,10:00,GER,ITA,3,8
54,7,FRI 5 APR 2024,Round Robin Session 20 - Sheet A,19:00,NOR,ITA,2,8
54,8,FRI 5 APR 2024,Round Robin Session 20 - Sheet B,19:00,NED,NZL,7,5
54,9,FRI 5 APR 2024,Round Robin Session 20 - Sheet C,19:00,CAN,SUI,8,1
54,10,FRI 5 APR 2024,Round Robin Session 20 - Sheet D,19:00,SWE,SCO,6,8
54,11,FRI 5 APR 2024,Round Robin Session 19 - Sheet A,14:00,SUI,GER,6,7
54,12,FRI 5 APR 2024,Round Robin Session 19 - Sheet B,14:00,CAN,JPN,9,3
54,13,FRI 5 APR 2024,Round Robin Session 19 - Sheet C,14:00,KOR,SWE,4,7
54,14,FRI 5 APR 2024,Round Robin Session 19 - Sheet D,14:00,CZE,USA,3,6
54,15,FRI 5 APR 2024,Round Robin Session 18 - Sheet A,9:00,USA,NZL,10,4
54,16,FRI 5 APR 2024,Round Robin Session 18 - Sheet B,9:00,ITA,GER,7,8
54,17,FRI 5 APR 2024,Round Robin Session 18 - Sheet C,9:00,SCO,NOR,9,8
54,18,FRI 5 APR 2024,Round Robin Session 18 - Sheet D,9:00,JPN,NED,5,7
54,19,THU 4 APR 2024,Round Robin Session 17 - Sheet A,19:00,SWE,CAN,6,5
54,20,THU 4 APR 2024,Round Robin Session 17 - Sheet B,19:00,SCO,SUI,8,7
54,21,THU 4 APR 2024,Round Robin Session 17 - Sheet C,19:00,NED,CZE,8,5
54,22,THU 4 APR 2024,Round Robin Session 17 - Sheet D,19:00,NZL,KOR,2,5
54,23,THU 4 APR 2024,Round Robin Session 16 - Sheet A,14:00,KOR,JPN,11,10
54,24,THU 4 APR 2024,Round Robin Session 16 - Sheet B,14:00,NOR,CZE,8,10
54,25,THU 4 APR 2024,Round Robin Session 16 - Sheet C,14:00,GER,USA,2,10
54,26,THU 4 APR 2024,Round Robin Session 16 - Sheet D,14:00,SUI,ITA,5,6
54,27,THU 4 APR 2024,Round Robin Session 15 - Sheet A,9:00,NED,SCO,3,5
54,28,THU 4 APR 2024,Round Robin Session 15 - Sheet B,9:00,USA,SWE,4,6
54,29,THU 4 APR 2024,Round Robin Session 15 - Sheet C,9:00,NZL,ITA,4,10
54,30,THU 4 APR 2024,Round Robin Session 15 - Sheet D,9:00,CAN,NOR,7,4
54,31,WED 3 APR 2024,Round Robin Session 14 - Sheet A,19:00,CZE,SUI,4,7
54,32,WED 3 APR 2024,Round Robin Session 14 - Sheet B,19:00,KOR,CAN,4,7
54,33,WED 3 APR 2024,Round Robin Session 14 - Sheet C,19:00,JPN,SCO,5,7
54,34,WED 3 APR 2024,Round Robin Session 14 - Sheet D,19:00,SWE,GER,8,5
54,35,WED 3 APR 2024,Round Robin Session 13 - Sheet A,14:00,GER,NZL,9,2
54,36,WED 3 APR 2024,Round Robin Session 13 - Sheet B,14:00,ITA,NED,8,5
54,37,WED 3 APR 2024,Round Robin Session 13 - Sheet C,14:00,NOR,KOR,8,7
54,38,WED 3 APR 2024,Round Robin Session 13 - Sheet D,14:00,USA,JPN,5,6
54,39,WED 3 APR 2024,Round Robin Session 12 - Sheet A,9:00,ITA,SWE,5,7
54,40,WED 3 APR 2024,Round Robin Session 12 - Sheet B,9:00,SUI,NZL,8,3
54,41,WED 3 APR 2024,Round Robin Session 12 - Sheet C,9:00,NED,CAN,4,7
54,42,WED 3 APR 2024,Round Robin Session 12 - Sheet D,9:00,SCO,CZE,6,3
54,43,TUE 2 APR 2024,Round Robin Session 11 - Sheet A,19:00,CAN,USA,8,2
54,44,TUE 2 APR 2024,Round Robin Session 11 - Sheet B,19:00,JPN,NOR,7,4
54,45,TUE 2 APR 2024,Round Robin Session 11 - Sheet C,19:00,CZE,GER,4,6
54,46,TUE 2 APR 2024,Round Robin Session 11 - Sheet D,19:00,KOR,SUI,7,9
54,47,TUE 2 APR 2024,Round Robin Session 10 - Sheet A,14:00,NOR,NED,8,6
54,48,TUE 2 APR 2024,Round Robin Session 10 - Sheet B,14:00,GER,SCO,8,7
54,49,TUE 2 APR 2024,Round Robin Session 10 - Sheet C,14:00,NZL,SWE,7,11
54,50,TUE 2 APR 2024,Round Robin Session 10 - Sheet D,14:00,USA,ITA,5,4
54,51,TUE 2 APR 2024,Round Robin Session 9 - Sheet B,9:00,CZE,KOR,10,6
54,52,TUE 2 APR 2024,Round Robin Session 9 - Sheet C,9:00,SUI,JPN,10,4
54,53,TUE 2 APR 2024,Round Robin Session 9 - Sheet D,9:00,NZL,CAN,4,7
54,54,MON 1 APR 2024,Round Robin Session 8 - Sheet A,19:00,JPN,CZE,6,8
54,55,MON 1 APR 2024,Round Robin Session 8 - Sheet B,19:00,USA,NED,6,7
54,56,MON 1 APR 2024,Round Robin Session 8 - Sheet C,19:00,ITA,KOR,8,5
54,57,MON 1 APR 2024,Round Robin Session 8 - Sheet D,19:00,NOR,GER,8,6
54,58,MON 1 APR 2024,Round Robin Session 7 - Sheet A,14:00,SWE,NOR,10,8
54,59,MON 1 APR 2024,Round Robin Session 7 - Sheet B,14:00,CAN,ITA,6,7
54,60,MON 1 APR 2024,Round Robin Session 7 - Sheet C,14:00,SCO,NZL,8,2
54,61,MON 1 APR 2024,Round Robin Session 7 - Sheet D,14:00,NED,SUI,5,8
54,62,MON 1 APR 2024,Round Robin Session 6 - Sheet A,9:00,KOR,USA,4,9
54,63,MON 1 APR 2024,Round Robin Session 6 - Sheet B,9:00,SWE,CZE,8,6
54,64,MON 1 APR 2024,Round Robin Session 6 - Sheet C,9:00,GER,JPN,8,1
54,65,SUN 31 MAR 2024,Round Robin Session 5 - Sheet A,19:00,GER,NED,9,4
54,66,SUN 31 MAR 2024,Round Robin Session 5 - Sheet B,19:00,NZL,JPN,3,8
54,67,SUN 31 MAR 2024,Round Robin Session 5 - Sheet C,19:00,USA,NOR,9,3
54,68,SUN 31 MAR 2024,Round Robin Session 5 - Sheet D,19:00,ITA,SCO,3,8
54,69,SUN 31 MAR 2024,Round Robin Session 4 - Sheet A,14:00,SUI,SWE,7,8
54,70,SUN 31 MAR 2024,Round Robin Session 4 - Sheet B,14:00,NED,KOR,9,4
54,71,SUN 31 MAR 2024,Round Robin Session 4 - Sheet C,14:00,CAN,SCO,8,4
54,72,SUN 31 MAR 2024,Round Robin Session 4 - Sheet D,14:00,CZE,NZL,7,4
54,73,SUN 31 MAR 2024,Round Robin Session 3 - Sheet A,9:00,ITA,CZE,8,7
54,74,SUN 31 MAR 2024,Round Robin Session 3 - Sheet B,9:00,NOR,SUI,5,10
54,75,SUN 31 MAR 2024,Round Robin Session 3 - Sheet C,9:00,KOR,GER,6,8
54,76,SUN 31 MAR 2024,Round Robin Session 3 - Sheet D,9:00,JPN,SWE,5,9
54,77,SAT 30 MAR 2024,Round Robin Session 2 - Sheet A,19:00,NZL,NOR,5,9
54,78,SAT 30 MAR 2024,Round Robin Session 2 - Sheet B,19:00,SCO,USA,10,3
54,79,SAT 30 MAR 2024,Round Robin Session 2 - Sheet C,19:00,JPN,ITA,4,6
54,80,SAT 30 MAR 2024,Round Robin Session 2 - Sheet D,19:00,GER,CAN,5,8
54,81,SAT 30 MAR 2024,Round Robin Session 1 - Sheet A,14:00,SCO,KOR,10,3
54,82,SAT 30 MAR 2024,Round Robin Session 1 - Sheet B,14:00,CZE,CAN,8,9
54,83,SAT 30 MAR 2024,Round Robin Session 1 - Sheet C,14:00,SWE,NED,8,1
54,84,SAT 30 MAR 2024,Round Robin Session 1 - Sheet D,14:00,SUI,USA,3,5
55,1,SUN 24 MAR 2024,Gold Medal Game,17:00,CAN,SUI,7,5
55,2,SUN 24 MAR 2024,Bronze Medal Game,11:00,ITA,KOR,3,6
55,3,SAT 23 MAR 2024,Semi-final - Sheet B,17:00,CAN,KOR,9,7
55,4,SAT 23 MAR 2024,Semi-final - Sheet D,17:00,ITA,SUI,3,6
55,5,SAT 23 MAR 2024,Qualification - Sheet B,11:00,ITA,DEN,7,4
55,6,SAT 23 MAR 2024,Qualification - Sheet D,11:00,SWE,KOR,3,6
55,7,FRI 22 MAR 2024,Round Robin Session 20 - Sheet A,19:00,EST,NOR,8,6
55,8,FRI 22 MAR 2024,Round Robin Session 20 - Sheet B,19:00,JPN,ITA,8,10
55,9,FRI 22 MAR 2024,Round Robin Session 20 - Sheet C,19:00,CAN,KOR,5,6
55,10,FRI 22 MAR 2024,Round Robin Session 20 - Sheet D,19:00,NZL,USA,3,9
55,11,FRI 22 MAR 2024,Round Robin Session 19 - Sheet A,14:00,KOR,DEN,9,5
55,12,FRI 22 MAR 2024,Round Robin Session 19 - Sheet B,14:00,CAN,SCO,8,2
55,13,FRI 22 MAR 2024,Round Robin Session 19 - Sheet C,14:00,TUR,NZL,9,6
55,14,FRI 22 MAR 2024,Round Robin Session 19 - Sheet D,14:00,SWE,SUI,2,4
55,15,FRI 22 MAR 2024,Round Robin Session 18 - Sheet A,9:00,SUI,ITA,6,2
55,16,FRI 22 MAR 2024,Round Robin Session 18 - Sheet B,9:00,NOR,DEN,9,3
55,17,FRI 22 MAR 2024,Round Robin Session 18 - Sheet C,9:00,USA,EST,12,4
55,18,FRI 22 MAR 2024,Round Robin Session 18 - Sheet D,9:00,SCO,JPN,7,2
55,19,THU 21 MAR 2024,Round Robin Session 17 - Sheet A,19:00,NZL,CAN,2,9
55,20,THU 21 MAR 2024,Round Robin Session 17 - Sheet B,19:00,USA,KOR,3,9
55,21,THU 21 MAR 2024,Round Robin Session 17 - Sheet C,19:00,JPN,SWE,3,5
55,22,THU 21 MAR 2024,Round Robin Session 17 - Sheet D,19:00,ITA,TUR,7,6
55,23,THU 21 MAR 2024,Round Robin Session 16 - Sheet A,14:00,TUR,SCO,5,6
55,24,THU 21 MAR 2024,Round Robin Session 16 - Sheet B,14:00,EST,SWE,5,8
55,25,THU 21 MAR 2024,Round Robin Session 16 - Sheet C,14:00,DEN,SUI,1,9
55,26,THU 21 MAR 2024,Round Robin Session 16 - Sheet D,14:00,KOR,NOR,7,4
55,27,THU 21 MAR 2024,Round Robin Session 15 - Sheet A,9:00,JPN,USA,7,9
55,28,THU 21 MAR 2024,Round Robin Session 15 - Sheet B,9:00,SUI,NZL,10,2
55,29,THU 21 MAR 2024,Round Robin Session 15 - Sheet C,9:00,ITA,NOR,10,2
55,30,THU 21 MAR 2024,Round Robin Session 15 - Sheet D,9:00,CAN,EST,9,4
55,31,WED 20 MAR 2024,Round Robin Session 14 - Sheet A,19:00,SWE,KOR,5,7
55,32,WED 20 MAR 2024,Round Robin Session 14 - Sheet B,19:00,TUR,CAN,5,9
55,33,WED 20 MAR 2024,Round Robin Session 14 - Sheet C,19:00,SCO,USA,6,8
55,34,WED 20 MAR 2024,Round Robin Session 14 - Sheet D,19:00,NZL,DEN,1,7
55,35,WED 20 MAR 2024,Round Robin Session 13 - Sheet A,14:00,DEN,ITA,6,8
55,36,WED 20 MAR 2024,Round Robin Session 13 - Sheet B,14:00,NOR,JPN,5,8
55,37,WED 20 MAR 2024,Round Robin Session 13 - Sheet C,14:00,EST,TUR,6,8
55,38,WED 20 MAR 2024,Round Robin Session 13 - Sheet D,14:00,SUI,SCO,5,6
55,39,WED 20 MAR 2024,Round Robin Session 12 - Sheet A,9:00,NOR,NZL,11,4
55,40,WED 20 MAR 2024,Round Robin Session 12 - Sheet B,9:00,KOR,ITA,9,10
55,41,WED 20 MAR 2024,Round Robin Session 12 - Sheet C,9:00,JPN,CAN,2,7
55,42,WED 20 MAR 2024,Round Robin Session 12 - Sheet D,9:00,USA,SWE,5,10
55,43,TUE 19 MAR 2024,Round Robin Session 11 - Sheet A,19:00,CAN,SUI,8,5
55,44,TUE 19 MAR 2024,Round Robin Session 11 - Sheet B,19:00,SCO,EST,12,8
55,45,TUE 19 MAR 2024,Round Robin Session 11 - Sheet C,19:00,SWE,DEN,6,5
55,46,TUE 19 MAR 2024,Round Robin Session 11 - Sheet D,19:00,TUR,KOR,3,10
55,47,TUE 19 MAR 2024,Round Robin Session 10 - Sheet A,14:00,EST,JPN,4,10
55,48,TUE 19 MAR 2024,Round Robin Session 10 - Sheet B,14:00,DEN,USA,7,4
55,49,TUE 19 MAR 2024,Round Robin Session 10 - Sheet C,14:00,ITA,NZL,11,3
55,50,TUE 19 MAR 2024,Round Robin Session 10 - Sheet D,14:00,SUI,NOR,6,3
55,51,TUE 19 MAR 2024,Round Robin Session 9 - Sheet B,9:00,SWE,TUR,9,6
55,52,TUE 19 MAR 2024,Round Robin Session 9 - Sheet C,9:00,KOR,SCO,9,3
55,53,TUE 19 MAR 2024,Round Robin Session 9 - Sheet D,9:00,ITA,CAN,7,8
55,54,MON 18 MAR 2024,Round Robin Session 8 - Sheet A,19:00,SCO,SWE,1,8
55,55,MON 18 MAR 2024,Round Robin Session 8 - Sheet B,19:00,SUI,JPN,10,3
55,56,MON 18 MAR 2024,Round Robin Session 8 - Sheet C,19:00,NOR,TUR,11,5
55,57,MON 18 MAR 2024,Round Robin Session 8 - Sheet D,19:00,EST,DEN,9,10
55,58,MON 18 MAR 2024,Round Robin Session 7 - Sheet A,14:00,NZL,EST,7,10
55,59,MON 18 MAR 2024,Round Robin Session 7 - Sheet B,14:00,CAN,NOR,9,4
55,60,MON 18 MAR 2024,Round Robin Session 7 - Sheet C,14:00,USA,ITA,3,10
55,61,MON 18 MAR 2024,Round Robin Session 7 - Sheet D,14:00,JPN,KOR,4,9
55,62,MON 18 MAR 2024,Round Robin Session 6 - Sheet A,9:00,TUR,SUI,7,8
55,63,MON 18 MAR 2024,Round Robin Session 6 - Sheet B,9:00,NZL,SWE,2,8
55,64,MON 18 MAR 2024,Round Robin Session 6 - Sheet C,9:00,DEN,SCO,9,2
55,65,SUN 17 MAR 2024,Round Robin Session 5 - Sheet A,19:00,DEN,JPN,6,5
55,66,SUN 17 MAR 2024,Round Robin Session 5 - Sheet B,19:00,ITA,SCO,8,2
55,67,SUN 17 MAR 2024,Round Robin Session 5 - Sheet C,19:00,SUI,EST,9,3
55,68,SUN 17 MAR 2024,Round Robin Session 5 - Sheet D,19:00,NOR,USA,5,7
55,69,SUN 17 MAR 2024,Round Robin Session 4 - Sheet A,14:00,KOR,NZL,12,4
55,70,SUN 17 MAR 2024,Round Robin Session 4 - Sheet B,14:00,JPN,TUR,4,6
55,71,SUN 17 MAR 2024,Round Robin Session 4 - Sheet C,14:00,CAN,USA,10,6
55,72,SUN 17 MAR 2024,Round Robin Session 4 - Sheet D,14:00,SWE,ITA,4,6
55,73,SUN 17 MAR 2024,Round Robin Session 3 - Sheet A,9:00,NOR,SWE,8,7
55,74,SUN 17 MAR 2024,Round Robin Session 3 - Sheet B,9:00,EST,KOR,6,9
55,75,SUN 17 MAR 2024,Round Robin Session 3 - Sheet C,9:00,TUR,DEN,4,10
55,76,SUN 17 MAR 2024,Round Robin Session 3 - Sheet D,9:00,SCO,NZL,6,8
55,77,SAT 16 MAR 2024,Round Robin Session 2 - Sheet A,19:00,ITA,EST,8,4
55,78,SAT 16 MAR 2024,Round Robin Session 2 - Sheet B,19:00,USA,SUI,3,10
55,79,SAT 16 MAR 2024,Round Robin Session 2 - Sheet C,19:00,SCO,NOR,6,4
55,80,SAT 16 MAR 2024,Round Robin Session 2 - Sheet D,19:00,DEN,CAN,4,7
55,81,SAT 16 MAR 2024,Round Robin Session 1 - Sheet A,14:00,USA,TUR,8,4
55,82,SAT 16 MAR 2024,Round Robin Session 1 - Sheet B,14:00,SWE,CAN,6,7
55,83,SAT 16 MAR 2024,Round Robin Session 1 - Sheet C,14:00,NZL,JPN,6,8
55,84,SAT 16 MAR 2024,Round Robin Session 1 - Sheet D,14:00,KOR,SUI,4,7
58,1,SAT 24 FEB 2024,Gold Medal Game,15:00,NOR,ITA,7,6
58,2,FRI 23 FEB 2024,Semi-final - Sheet D,19:00,USA,NOR,4,10
58,3,THU 22 FEB 2024,Round Robin Session 9 - Sheet D,19:00,NOR,SCO,5,7
58,4,WED 21 FEB 2024,Round Robin Session 7 - Sheet A,14:00,GER,ITA,9,2
58,5,TUE 20 FEB 2024,Round Robin Session 5 - Sheet D,9:00,GER,SUI,6,4
58,6,MON 19 FEB 2024,Round Robin Session 4 - Sheet D,14:00,CHN,CAN,3,6
58,7,SUN 18 FEB 2024,Round Robin Session 2 - Sheet A,9:00,NOR,USA,7,8
58,8,SAT 17 FEB 2024,Round Robin Session 1 - Sheet A,14:00,CAN,SCO,4,9
59,1,SAT 24 FEB 2024,Gold Medal Game,10:00,SUI,JPN,10,3
59,2,FRI 23 FEB 2024,Semi-final - Sheet D,14:00,SUI,CAN,5,4
59,3,THU 22 FEB 2024,Round Robin Session 9 - Sheet A,14:00,NOR,GER,4,5
59,4,WED 21 FEB 2024,Round Robin Session 7 - Sheet C,9:00,SUI,SWE,9,2
59,5,TUE 20 FEB 2024,Round Robin Session 6 - Sheet C,14:00,NOR,KOR,6,7
59,6,MON 19 FEB 2024,Round Robin Session 4 - Sheet A,9:00,CAN,SCO,6,7
59,7,SUN 18 FEB 2024,Round Robin Session 3 - Sheet E,14:00,CHN,CAN,6,7
59,8,SAT 17 FEB 2024,Round Robin Session 2 - Sheet C,19:30,SCO,JPN,5,8
64,1,SAT 25 NOV 2023,Gold Medal Game,14:00,SCO,SWE,6,5
64,2,FRI 24 NOV 2023,Bronze Medal Game,19:00,ITA,SUI,4,8
64,3,FRI 24 NOV 2023,Semi-final - Sheet B,9:00,SCO,SUI,7,4
64,4,FRI 24 NOV 2023,Semi-final - Sheet D,9:00,ITA,SWE,6,7
64,5,THU 23 NOV 2023,Round Robin Session 9 - Sheet A,14:00,ITA,GER,10,4
64,6,THU 23 NOV 2023,Round Robin Session 9 - Sheet B,14:00,NED,CZE,10,7
64,7,THU 23 NOV 2023,Round Robin Session 9 - Sheet C,14:00,SCO,FIN,8,7
64,8,THU 23 NOV 2023,Round Robin Session 9 - Sheet D,14:00,NOR,SUI,6,4
64,9,THU 23 NOV 2023,Round Robin Session 9 - Sheet E,14:00,SWE,TUR,10,2
64,10,WED 22 NOV 2023,Round Robin Session 8 - Sheet A,19:00,SUI,SWE,6,3
64,11,WED 22 NOV 2023,Round Robin Session 8 - Sheet B,19:00,ITA,FIN,10,2
64,12,WED 22 NOV 2023,Round Robin Session 8 - Sheet C,19:00,NED,GER,4,8
64,13,WED 22 NOV 2023,Round Robin Session 8 - Sheet D,19:00,TUR,SCO,3,10
64,14,WED 22 NOV 2023,Round Robin Session 8 - Sheet E,19:00,CZE,NOR,5,9
64,15,WED 22 NOV 2023,Round Robin Session 7 - Sheet A,9:00,SCO,NED,9,4
64,16,WED 22 NOV 2023,Round Robin Session 7 - Sheet B,9:00,GER,SWE,4,9
64,17,WED 22 NOV 2023,Round Robin Session 7 - Sheet C,9:00,CZE,SUI,7,10
64,18,WED 22 NOV 2023,Round Robin Session 7 - Sheet D,9:00,FIN,NOR,3,6
64,19,WED 22 NOV 2023,Round Robin Session 7 - Sheet E,9:00,TUR,ITA,4,10
64,20,TUE 21 NOV 2023,Round Robin Session 6 - Sheet A,14:00,FIN,CZE,8,5
64,21,TUE 21 NOV 2023,Round Robin Session 6 - Sheet B,14:00,NOR,TUR,11,5
64,22,TUE 21 NOV 2023,Round Robin Session 6 - Sheet C,14:00,ITA,SCO,7,6
64,23,TUE 21 NOV 2023,Round Robin Session 6 - Sheet D,14:00,NED,SWE,7,11
64,24,TUE 21 NOV 2023,Round Robin Session 6 - Sheet E,14:00,GER,SUI,4,8
64,25,MON 20 NOV 2023,Round Robin Session 4 - Sheet A,12:00,NED,FIN,10,3
64,26,MON 20 NOV 2023,Round Robin Session 4 - Sheet B,12:00,SWE,ITA,5,7
64,27,MON 20 NOV 2023,Round Robin Session 4 - Sheet C,12:00,GER,NOR,3,7
64,28,MON 20 NOV 2023,Round Robin Session 4 - Sheet D,12:00,CZE,TUR,7,4
64,29,MON 20 NOV 2023,Round Robin Session 4 - Sheet E,12:00,SUI,SCO,6,9
64,30,SUN 19 NOV 2023,Round Robin Session 3 - Sheet A,19:00,CZE,SCO,5,6
64,31,SUN 19 NOV 2023,Round Robin Session 3 - Sheet B,19:00,TUR,GER,7,8
64,32,SUN 19 NOV 2023,Round Robin Session 3 - Sheet C,19:00,SUI,ITA,8,11
64,33,SUN 19 NOV 2023,Round Robin Session 3 - Sheet D,19:00,SWE,FIN,8,3
64,34,SUN 19 NOV 2023,Round Robin Session 3 - Sheet E,19:00,NOR,NED,7,5
64,35,SUN 19 NOV 2023,Round Robin Session 2 - Sheet A,9:00,NOR,ITA,7,12
64,36,SUN 19 NOV 2023,Round Robin Session 2 - Sheet B,9:00,SUI,NED,8,4
64,37,SUN 19 NOV 2023,Round Robin Session 2 - Sheet C,9:00,FIN,TUR,7,8
64,38,SUN 19 NOV 2023,Round Robin Session 2 - Sheet D,9:00,GER,CZE,9,4
64,39,SUN 19 NOV 2023,Round Robin Session 2 - Sheet E,9:00,SCO,SWE,5,8
64,40,SAT 18 NOV 2023,Round Robin Session 1 - Sheet A,14:30,TUR,SUI,3,6
64,41,SAT 18 NOV 2023,Round Robin Session 1 - Sheet B,14:30,SCO,NOR,5,3
64,42,SAT 18 NOV 2023,Round Robin Session 1 - Sheet C,14:30,SWE,CZE,6,7
64,43,SAT 18 NOV 2023,Round Robin Session 1 - Sheet D,14:30,ITA,NED,10,1
64,44,SAT 18 NOV 2023,Round Robin Session 1 - Sheet E,14:30,FIN,GER,5,7
65,1,SAT 25 NOV 2023,Gold Medal Game,9:00,SUI,ITA,6,5
65,2,FRI 24 NOV 2023,Bronze Medal Game,14:00,SWE,NOR,3,10
65,3,THU 23 NOV 2023,Semi-final - Sheet B,19:00,ITA,SWE,11,2
65,4,THU 23 NOV 2023,Semi-final - Sheet D,19:00,SUI,NOR,8,3
65,5,THU 23 NOV 2023,Round Robin Session 9 - Sheet A,9:00,NOR,SCO,9,7
65,6,THU 23 NOV 2023,Round Robin Session 9 - Sheet B,9:00,EST,DEN,8,7
65,7,THU 23 NOV 2023,Round Robin Session 9 - Sheet C,9:00,SWE,TUR,10,3
65,8,THU 23 NOV 2023,Round Robin Session 9 - Sheet D,9:00,CZE,GER,9,8
65,9,THU 23 NOV 2023,Round Robin Session 9 - Sheet E,9:00,SUI,ITA,7,2
65,10,WED 22 NOV 2023,Round Robin Session 8 - Sheet A,14:00,GER,SUI,6,8
65,11,WED 22 NOV 2023,Round Robin Session 8 - Sheet B,14:00,NOR,TUR,7,6
65,12,WED 22 NOV 2023,Round Robin Session 8 - Sheet C,14:00,EST,SCO,4,6
65,13,WED 22 NOV 2023,Round Robin Session 8 - Sheet D,14:00,ITA,SWE,9,8
65,14,WED 22 NOV 2023,Round Robin Session 8 - Sheet E,14:00,DEN,CZE,9,2
65,15,TUE 21 NOV 2023,Round Robin Session 7 - Sheet A,19:00,SWE,EST,9,5
65,16,TUE 21 NOV 2023,Round Robin Session 7 - Sheet B,19:00,SCO,SUI,2,5
65,17,TUE 21 NOV 2023,Round Robin Session 7 - Sheet C,19:00,DEN,GER,6,8
65,18,TUE 21 NOV 2023,Round Robin Session 7 - Sheet D,19:00,TUR,CZE,6,5
65,19,TUE 21 NOV 2023,Round Robin Session 7 - Sheet E,19:00,ITA,NOR,7,6
65,20,TUE 21 NOV 2023,Round Robin Session 6 - Sheet A,9:00,TUR,DEN,5,6
65,21,TUE 21 NOV 2023,Round Robin Session 6 - Sheet B,9:00,CZE,ITA,3,10
65,22,TUE 21 NOV 2023,Round Robin Session 6 - Sheet C,9:00,NOR,SWE,4,7
65,23,TUE 21 NOV 2023,Round Robin Session 6 - Sheet D,9:00,EST,SUI,5,6
65,24,TUE 21 NOV 2023,Round Robin Session 6 - Sheet E,9:00,SCO,GER,5,3
65,25,MON 20 NOV 2023,Round Robin Session 5 - Sheet A,16:00,SUI,CZE,8,4
65,26,MON 20 NOV 2023,Round Robin Session 5 - Sheet B,16:00,TUR,GER,9,5
65,27,MON 20 NOV 2023,Round Robin Session 5 - Sheet C,16:00,ITA,EST,11,7
65,28,MON 20 NOV 2023,Round Robin Session 5 - Sheet D,16:00,SWE,SCO,7,9
65,29,MON 20 NOV 2023,Round Robin Session 5 - Sheet E,16:00,NOR,DEN,5,4
65,30,MON 20 NOV 2023,Round Robin Session 4 - Sheet A,8:00,EST,TUR,9,7
65,31,MON 20 NOV 2023,Round Robin Session 4 - Sheet B,8:00,SUI,NOR,8,4
65,32,MON 20 NOV 2023,Round Robin Session 4 - Sheet C,8:00,SCO,CZE,8,1
65,33,MON 20 NOV 2023,Round Robin Session 4 - Sheet D,8:00,DEN,ITA,7,9
65,34,MON 20 NOV 2023,Round Robin Session 4 - Sheet E,8:00,GER,SWE,5,8
65,35,SUN 19 NOV 2023,Round Robin Session 3 - Sheet A,14:00,DEN,SWE,5,8
65,36,SUN 19 NOV 2023,Round Robin Session 3 - Sheet B,14:00,ITA,SCO,7,6
65,37,SUN 19 NOV 2023,Round Robin Session 3 - Sheet C,14:00,GER,NOR,4,6
65,38,SUN 19 NOV 2023,Round Robin Session 3 - Sheet D,14:00,SUI,TUR,7,4
65,39,SUN 19 NOV 2023,Round Robin Session 3 - Sheet E,14:00,CZE,EST,9,6
65,40,SAT 18 NOV 2023,Round Robin Session 2 - Sheet A,19:30,CZE,NOR,3,8
65,41,SAT 18 NOV 2023,Round Robin Session 2 - Sheet B,19:30,GER,EST,3,9
65,42,SAT 18 NOV 2023,Round Robin Session 2 - Sheet C,19:30,TUR,ITA,4,10
65,43,SAT 18 NOV 2023,Round Robin Session 2 - Sheet D,19:30,SCO,DEN,9,11
65,44,SAT 18 NOV 2023,Round Robin Session 2 - Sheet E,19:30,SWE,SUI,4,8
65,45,SAT 18 NOV 2023,Round Robin Session 1 - Sheet A,9:00,ITA,GER,8,11
65,46,SAT 18 NOV 2023,Round Robin Session 1 - Sheet B,9:00,SWE,CZE,10,4
65,47,SAT 18 NOV 2023,Round Robin Session 1 - Sheet C,9:00,SUI,DEN,12,1
65,48,SAT 18 NOV 2023,Round Robin Session 1 - Sheet D,9:00,NOR,EST,8,4
65,49,SAT 18 NOV 2023,Round Robin Session 1 - Sheet E,9:00,TUR,SCO,4,8
69,1,SAT 4 NOV 2023,Gold Medal Game,15:00,CAN,KOR,8,3
69,2,FRI 3 NOV 2023,Bronze Medal Game,19:00,USA,JPN,6,9
69,3,FRI 3 NOV 2023,Semi-final - Sheet B,9:00,CAN,USA,8,3
69,4,FRI 3 NOV 2023,Semi-final - Sheet D,9:00,KOR,JPN,8,7
69,5,THU 2 NOV 2023,Round Robin Session 7 - Sheet A,14:00,USA,NZL,7,2
69,6,THU 2 NOV 2023,Round Robin Session 7 - Sheet B,14:00,KOR,JPN,5,10
69,7,THU 2 NOV 2023,Round Robin Session 7 - Sheet C,14:00,AUS,TPE,6,3
69,8,THU 2 NOV 2023,Round Robin Session 7 - Sheet D,14:00,GUY,CAN,1,11
69,9,WED 1 NOV 2023,Round Robin Session 6 - Sheet A,19:00,TPE,GUY,9,3
69,10,WED 1 NOV 2023,Round Robin Session 6 - Sheet B,19:00,AUS,CAN,4,9
69,11,WED 1 NOV 2023,Round Robin Session 6 - Sheet C,19:00,USA,JPN,2,4
69,12,WED 1 NOV 2023,Round Robin Session 6 - Sheet D,19:00,KOR,NZL,5,8
69,13,WED 1 NOV 2023,Round Robin Session 5 - Sheet A,9:00,NZL,JPN,4,6
69,14,WED 1 NOV 2023,Round Robin Session 5 - Sheet B,9:00,USA,KOR,3,8
69,15,WED 1 NOV 2023,Round Robin Session 5 - Sheet C,9:00,GUY,AUS,4,9
69,16,WED 1 NOV 2023,Round Robin Session 5 - Sheet D,9:00,CAN,TPE,8,1
69,17,TUE 31 OCT 2023,Round Robin Session 4 - Sheet A,14:00,GUY,KOR,4,6
69,18,TUE 31 OCT 2023,Round Robin Session 4 - Sheet B,14:00,NZL,TPE,10,3
69,19,TUE 31 OCT 2023,Round Robin Session 4 - Sheet C,14:00,JPN,CAN,3,6
69,20,TUE 31 OCT 2023,Round Robin Session 4 - Sheet D,14:00,AUS,USA,3,8
69,21,MON 30 OCT 2023,Round Robin Session 3 - Sheet A,19:00,CAN,USA,7,5
69,22,MON 30 OCT 2023,Round Robin Session 3 - Sheet B,19:00,JPN,AUS,11,6
69,23,MON 30 OCT 2023,Round Robin Session 3 - Sheet C,19:00,NZL,GUY,11,1
69,24,MON 30 OCT 2023,Round Robin Session 3 - Sheet D,19:00,TPE,KOR,6,9
69,25,MON 30 OCT 2023,Round Robin Session 2 - Sheet A,9:00,KOR,AUS,9,6
69,26,MON 30 OCT 2023,Round Robin Session 2 - Sheet B,9:00,CAN,NZL,8,2
69,27,MON 30 OCT 2023,Round Robin Session 2 - Sheet C,9:00,TPE,USA,2,8
69,28,MON 30 OCT 2023,Round Robin Session 2 - Sheet D,9:00,JPN,GUY,9,2
70,1,SAT 4 NOV 2023,Gold Medal Game,10:00,JPN,KOR,6,11
70,2,FRI 3 NOV 2023,Bronze Medal Game,14:00,CAN,USA,7,8
70,3,THU 2 NOV 2023,Semi-final - Sheet B,19:00,KOR,CAN,8,4
70,4,THU 2 NOV 2023,Semi-final - Sheet D,19:00,JPN,USA,10,8
70,5,THU 2 NOV 2023,Round Robin Session 7 - Sheet A,9:00,JPN,AUS,10,4
70,6,THU 2 NOV 2023,Round Robin Session 7 - Sheet B,9:00,NZL,USA,3,8
70,7,THU 2 NOV 2023,Round Robin Session 7 - Sheet C,9:00,MEX,CAN,1,17
70,8,THU 2 NOV 2023,Round Robin Session 7 - Sheet D,9:00,TPE,KOR,3,10
70,9,WED 1 NOV 2023,Round Robin Session 6 - Sheet A,14:00,KOR,CAN,9,8
70,10,WED 1 NOV 2023,Round Robin Session 6 - Sheet B,14:00,MEX,TPE,5,6
70,11,WED 1 NOV 2023,Round Robin Session 6 - Sheet C,14:00,AUS,NZL,9,7
70,12,WED 1 NOV 2023,Round Robin Session 6 - Sheet D,14:00,USA,JPN,3,8
70,13,TUE 31 OCT 2023,Round Robin Session 5 - Sheet A,19:00,AUS,TPE,4,7
70,14,TUE 31 OCT 2023,Round Robin Session 5 - Sheet B,19:00,KOR,JPN,8,2
70,15,TUE 31 OCT 2023,Round Robin Session 5 - Sheet C,19:00,CAN,USA,5,7
70,16,TUE 31 OCT 2023,Round Robin Session 5 - Sheet D,19:00,NZL,MEX,12,4
70,17,TUE 31 OCT 2023,Round Robin Session 4 - Sheet A,9:00,USA,MEX,10,2
70,18,TUE 31 OCT 2023,Round Robin Session 4 - Sheet B,9:00,CAN,NZL,10,1
70,19,TUE 31 OCT 2023,Round Robin Session 4 - Sheet C,9:00,KOR,AUS,9,2
70,20,TUE 31 OCT 2023,Round Robin Session 4 - Sheet D,9:00,JPN,TPE,10,1
70,21,MON 30 OCT 2023,Round Robin Session 3 - Sheet A,14:00,TPE,NZL,7,11
70,22,MON 30 OCT 2023,Round Robin Session 3 - Sheet B,14:00,USA,KOR,9,8
70,23,MON 30 OCT 2023,Round Robin Session 3 - Sheet C,14:00,JPN,MEX,9,1
70,24,MON 30 OCT 2023,Round Robin Session 3 - Sheet D,14:00,CAN,AUS,9,5
76,1,SAT 29 APR 2023,Gold Medal Game,14:00,JPN,USA,2,8
76,2,SAT 29 APR 2023,Bronze Medal Game,10:00,NOR,CAN,6,2
76,3,FRI 28 APR 2023,Semi-final - Sheet B,18:00,USA,CAN,6,2
76,4,FRI 28 APR 2023,Semi-final - Sheet D,18:00,JPN,NOR,5,4
76,5,FRI 28 APR 2023,Relegation Game - Sheet A,10:00,GER,CZE,3,5
76,6,FRI 28 APR 2023,Relegation Game - Sheet E,10:00,AUT,KOR,6,8
76,7,FRI 28 APR 2023,Qualification Game - Sheet B,10:00,NOR,EST,8,5
76,8,FRI 28 APR 2023,Qualification Game - Sheet D,10:00,USA,SCO,8,6
76,9,THU 27 APR 2023,Round Robin Session 18,18:00 Group B - Sheet A,TUR,SWE,8,9
76,10,THU 27 APR 2023,Round Robin Session 18,18:00 Group B - Sheet B,AUT,ENG,8,2
76,11,THU 27 APR 2023,Round Robin Session 18,18:00 Group B - Sheet C,ESP,USA,9,8
76,12,THU 27 APR 2023,Round Robin Session 18,18:00 Group B - Sheet D,NOR,GER,6,4
76,13,THU 27 APR 2023,Round Robin Session 18,18:00 Group B - Sheet E,SUI,JPN,9,1
76,14,THU 27 APR 2023,Round Robin Session 17,14:00 Group A - Sheet A,ITA,DEN,9,11
76,15,THU 27 APR 2023,Round Robin Session 17,14:00 Group A - Sheet B,CZE,SCO,5,6
76,16,THU 27 APR 2023,Round Robin Session 17,14:00 Group A - Sheet C,NED,EST,8,6
76,17,THU 27 APR 2023,Round Robin Session 17,14:00 Group A - Sheet D,AUS,HUN,7,5
76,18,THU 27 APR 2023,Round Robin Session 17,14:00 Group A - Sheet E,CAN,KOR,7,6
76,19,THU 27 APR 2023,Round Robin Session 16,10:00 Group B - Sheet A,GER,SUI,7,8
76,20,THU 27 APR 2023,Round Robin Session 16,10:00 Group B - Sheet B,TUR,USA,7,8
76,21,THU 27 APR 2023,Round Robin Session 16,10:00 Group B - Sheet C,AUT,SWE,2,10
76,22,THU 27 APR 2023,Round Robin Session 16,10:00 Group B - Sheet D,JPN,ESP,7,5
76,23,THU 27 APR 2023,Round Robin Session 16,10:00 Group B - Sheet E,ENG,NOR,2,9
76,24,WED 26 APR 2023,Round Robin Session 15,18:00 Group A - Sheet A,HUN,CAN,7,8
76,25,WED 26 APR 2023,Round Robin Session 15,18:00 Group A - Sheet B,ITA,EST,6,7
76,26,WED 26 APR 2023,Round Robin Session 15,18:00 Group A - Sheet C,CZE,DEN,5,6
76,27,WED 26 APR 2023,Round Robin Session 15,18:00 Group A - Sheet D,KOR,NED,4,8
76,28,WED 26 APR 2023,Round Robin Session 15,18:00 Group A - Sheet E,SCO,AUS,8,6
76,29,WED 26 APR 2023,Round Robin Session 14,14:00 Group B - Sheet A,ESP,AUT,7,5
76,30,WED 26 APR 2023,Round Robin Session 14,14:00 Group B - Sheet B,SWE,SUI,4,8
76,31,WED 26 APR 2023,Round Robin Session 14,14:00 Group B - Sheet C,ENG,GER,3,8
76,32,WED 26 APR 2023,Round Robin Session 14,14:00 Group B - Sheet D,USA,NOR,5,3
76,33,WED 26 APR 2023,Round Robin Session 14,14:00 Group B - Sheet E,JPN,TUR,7,4
76,34,WED 26 APR 2023,Round Robin Session 13,10:00 Group A - Sheet A,NED,CZE,5,7
76,35,WED 26 APR 2023,Round Robin Session 13,10:00 Group A - Sheet B,DEN,CAN,2,8
76,36,WED 26 APR 2023,Round Robin Session 13,10:00 Group A - Sheet C,SCO,HUN,7,6
76,37,WED 26 APR 2023,Round Robin Session 13,10:00 Group A - Sheet D,EST,AUS,9,3
76,38,WED 26 APR 2023,Round Robin Session 13,10:00 Group A - Sheet E,KOR,ITA,3,6
76,39,TUE 25 APR 2023,Round Robin Session 12,18:00 Group B - Sheet A,USA,ENG,7,2
76,40,TUE 25 APR 2023,Round Robin Session 12,18:00 Group B - Sheet B,NOR,JPN,8,10
76,41,TUE 25 APR 2023,Round Robin Session 12,18:00 Group B - Sheet C,TUR,ESP,10,4
76,42,TUE 25 APR 2023,Round Robin Session 12,18:00 Group B - Sheet D,AUT,SUI,5,7
76,43,TUE 25 APR 2023,Round Robin Session 12,18:00 Group B - Sheet E,SWE,GER,4,9
76,44,TUE 25 APR 2023,Round Robin Session 11,14:00 Group A - Sheet A,EST,SCO,6,5
76,45,TUE 25 APR 2023,Round Robin Session 11,14:00 Group A - Sheet B,AUS,KOR,10,7
76,46,TUE 25 APR 2023,Round Robin Session 11,14:00 Group A - Sheet C,ITA,NED,8,6
76,47,TUE 25 APR 2023,Round Robin Session 11,14:00 Group A - Sheet D,CZE,CAN,3,8
76,48,TUE 25 APR 2023,Round Robin Session 11,14:00 Group A - Sheet E,DEN,HUN,5,6
76,49,TUE 25 APR 2023,Round Robin Session 10,10:00 Group B - Sheet A,SUI,NOR,5,7
76,50,TUE 25 APR 2023,Round Robin Session 10,10:00 Group B - Sheet B,USA,GER,7,1
76,51,TUE 25 APR 2023,Round Robin Session 10,10:00 Group B - Sheet C,JPN,AUT,9,2
76,52,TUE 25 APR 2023,Round Robin Session 10,10:00 Group B - Sheet D,ESP,SWE,2,11
76,53,TUE 25 APR 2023,Round Robin Session 10,10:00 Group B - Sheet E,TUR,ENG,8,2
76,54,MON 24 APR 2023,Round Robin Session 9,18:00 Group A - Sheet A,CAN,AUS,11,6
76,55,MON 24 APR 2023,Round Robin Session 9,18:00 Group A - Sheet B,EST,HUN,9,2
76,56,MON 24 APR 2023,Round Robin Session 9,18:00 Group A - Sheet C,KOR,CZE,12,7
76,57,MON 24 APR 2023,Round Robin Session 9,18:00 Group A - Sheet D,NED,DEN,8,7
76,58,MON 24 APR 2023,Round Robin Session 9,18:00 Group A - Sheet E,ITA,SCO,6,8
76,59,MON 24 APR 2023,Round Robin Session 8,14:00 Group B - Sheet A,AUT,USA,2,10
76,60,MON 24 APR 2023,Round Robin Session 8,14:00 Group B - Sheet B,SUI,TUR,5,4
76,61,MON 24 APR 2023,Round Robin Session 8,14:00 Group B - Sheet C,SWE,NOR,5,9
76,62,MON 24 APR 2023,Round Robin Session 8,14:00 Group B - Sheet D,ENG,JPN,7,12
76,63,MON 24 APR 2023,Round Robin Session 8,14:00 Group B - Sheet E,GER,ESP,6,7
76,64,MON 24 APR 2023,Round Robin Session 7,10:00 Group A - Sheet A,CZE,EST,6,12
76,65,MON 24 APR 2023,Round Robin Session 7,10:00 Group A - Sheet B,CAN,ITA,8,4
76,66,MON 24 APR 2023,Round Robin Session 7,10:00 Group A - Sheet C,DEN,AUS,7,9
76,67,MON 24 APR 2023,Round Robin Session 7,10:00 Group A - Sheet D,SCO,KOR,11,6
76,68,MON 24 APR 2023,Round Robin Session 7,10:00 Group A - Sheet E,HUN,NED,6,8
76,69,SUN 23 APR 2023,Round Robin Session 6,18:00 Group B - Sheet A,ENG,ESP,3,9
76,70,SUN 23 APR 2023,Round Robin Session 6,18:00 Group B - Sheet B,JPN,SWE,8,7
76,71,SUN 23 APR 2023,Round Robin Session 6,18:00 Group B - Sheet C,GER,TUR,6,12
76,72,SUN 23 APR 2023,Round Robin Session 6,18:00 Group B - Sheet D,SUI,USA,2,8
76,73,SUN 23 APR 2023,Round Robin Session 6,18:00 Group B - Sheet E,NOR,AUT,6,2
76,74,SUN 23 APR 2023,Round Robin Session 5,14:00 Group A - Sheet A,SCO,NED,7,4
76,75,SUN 23 APR 2023,Round Robin Session 5,14:00 Group A - Sheet B,KOR,DEN,6,9
76,76,SUN 23 APR 2023,Round Robin Session 5,14:00 Group A - Sheet C,HUN,ITA,4,8
76,77,SUN 23 APR 2023,Round Robin Session 5,14:00 Group A - Sheet D,CAN,EST,4,7
76,78,SUN 23 APR 2023,Round Robin Session 5,14:00 Group A - Sheet E,AUS,CZE,3,9
76,79,SUN 23 APR 2023,Round Robin Session 4,10:00 Group B - Sheet A,NOR,TUR,6,4
76,80,SUN 23 APR 2023,Round Robin Session 4,10:00 Group B - Sheet B,GER,AUT,6,11
76,81,SUN 23 APR 2023,Round Robin Session 4,10:00 Group B - Sheet C,USA,JPN,5,7
76,82,SUN 23 APR 2023,Round Robin Session 4,10:00 Group B - Sheet D,SWE,ENG,10,3
76,83,SUN 23 APR 2023,Round Robin Session 4,10:00 Group B - Sheet E,ESP,SUI,7,8
76,84,SAT 22 APR 2023,Round Robin Session 3,18:00 Group A - Sheet A,AUS,ITA,7,1
76,85,SAT 22 APR 2023,Round Robin Session 3,18:00 Group A - Sheet B,HUN,CZE,5,6
76,86,SAT 22 APR 2023,Round Robin Session 3,18:00 Group A - Sheet C,EST,KOR,8,5
76,87,SAT 22 APR 2023,Round Robin Session 3,18:00 Group A - Sheet D,DEN,SCO,1,7
76,88,SAT 22 APR 2023,Round Robin Session 3,18:00 Group A - Sheet E,NED,CAN,5,10
76,89,SAT 22 APR 2023,Round Robin Session 2,14:00 Group B - Sheet A,JPN,GER,7,6
76,90,SAT 22 APR 2023,Round Robin Session 2,14:00 Group B - Sheet B,ESP,NOR,6,7
76,91,SAT 22 APR 2023,Round Robin Session 2,14:00 Group B - Sheet C,SUI,ENG,11,2
76,92,SAT 22 APR 2023,Round Robin Session 2,14:00 Group B - Sheet D,TUR,AUT,7,6
76,93,SAT 22 APR 2023,Round Robin Session 2,14:00 Group B - Sheet E,USA,SWE,7,6
76,94,SAT 22 APR 2023,Round Robin Session 1,10:00 Group A - Sheet A,KOR,HUN,11,5
76,95,SAT 22 APR 2023,Round Robin Session 1,10:00 Group A - Sheet B,NED,AUS,6,7
76,96,SAT 22 APR 2023,Round Robin Session 1,10:00 Group A - Sheet C,CAN,SCO,8,4
76,97,SAT 22 APR 2023,Round Robin Session 1,10:00 Group A - Sheet D,ITA,CZE,7,4
76,98,SAT 22 APR 2023,Round Robin Session 1,10:00 Group A - Sheet E,EST,DEN,6,7
79,1,SUN 9 APR 2023,Gold Medal Game,16:00,CAN,SCO,3,9
79,2,SUN 9 APR 2023,Bronze Medal Game,11:00,ITA,SUI,3,11
79,3,SAT 8 APR 2023,Semi-final - Sheet A,19:00,CAN,SUI,7,5
79,4,SAT 8 APR 2023,Semi-final - Sheet C,19:00,ITA,SCO,8,9
79,5,SAT 8 APR 2023,Qualification Game 3 v 6,14:00,NOR,ITA,4,8
79,6,SAT 8 APR 2023,Qualification Game 4 v 5,14:00,CAN,SWE,9,1
79,7,FRI 7 APR 2023,Round Robin Session 20 - Sheet A,19:00,TUR,NOR,4,6
79,8,FRI 7 APR 2023,Round Robin Session 20 - Sheet B,19:00,GER,JPN,8,5
79,9,FRI 7 APR 2023,Round Robin Session 20 - Sheet C,19:00,NZL,SCO,4,10
79,10,FRI 7 APR 2023,Round Robin Session 20 - Sheet D,19:00,SWE,CAN,5,8
79,11,FRI 7 APR 2023,Round Robin Session 19 - Sheet A,14:00,SCO,CZE,9,3
79,12,FRI 7 APR 2023,Round Robin Session 19 - Sheet B,14:00,NZL,USA,3,8
79,13,FRI 7 APR 2023,Round Robin Session 19 - Sheet C,14:00,SUI,SWE,8,5
79,14,FRI 7 APR 2023,Round Robin Session 19 - Sheet D,14:00,KOR,ITA,2,9
79,15,FRI 7 APR 2023,Round Robin Session 18 - Sheet A,9:00,ITA,JPN,12,5
79,16,FRI 7 APR 2023,Round Robin Session 18 - Sheet B,9:00,NOR,CZE,8,6
79,17,FRI 7 APR 2023,Round Robin Session 18 - Sheet C,9:00,CAN,TUR,9,5
79,18,FRI 7 APR 2023,Round Robin Session 18 - Sheet D,9:00,USA,GER,12,4
79,19,THU 6 APR 2023,Round Robin Session 17 - Sheet A,19:00,SWE,NZL,7,1
79,20,THU 6 APR 2023,Round Robin Session 17 - Sheet B,19:00,CAN,SCO,3,6
79,21,THU 6 APR 2023,Round Robin Session 17 - Sheet C,19:00,GER,KOR,7,4
79,22,THU 6 APR 2023,Round Robin Session 17 - Sheet D,19:00,JPN,SUI,6,7
79,23,THU 6 APR 2023,Round Robin Session 16 - Sheet A,14:00,SUI,USA,12,9
79,24,THU 6 APR 2023,Round Robin Session 16 - Sheet B,14:00,TUR,KOR,8,3
79,25,THU 6 APR 2023,Round Robin Session 16 - Sheet C,14:00,CZE,ITA,4,8
79,26,THU 6 APR 2023,Round Robin Session 16 - Sheet D,14:00,SCO,NOR,9,5
79,27,THU 6 APR 2023,Round Robin Session 15 - Sheet A,9:00,GER,CAN,4,9
79,28,THU 6 APR 2023,Round Robin Session 15 - Sheet B,9:00,ITA,SWE,2,8
79,29,THU 6 APR 2023,Round Robin Session 15 - Sheet C,9:00,JPN,NOR,4,7
79,30,THU 6 APR 2023,Round Robin Session 15 - Sheet D,9:00,NZL,TUR,5,8
79,31,WED 5 APR 2023,Round Robin Session 14 - Sheet A,19:00,KOR,SCO,3,9
79,32,WED 5 APR 2023,Round Robin Session 14 - Sheet B,19:00,SUI,NZL,7,5
79,33,WED 5 APR 2023,Round Robin Session 14 - Sheet C,19:00,USA,CAN,6,9
79,34,WED 5 APR 2023,Round Robin Session 14 - Sheet D,19:00,SWE,CZE,10,3
79,35,WED 5 APR 2023,Round Robin Session 13 - Sheet A,14:00,CZE,JPN,3,9
79,36,WED 5 APR 2023,Round Robin Session 13 - Sheet B,14:00,NOR,GER,5,3
79,37,WED 5 APR 2023,Round Robin Session 13 - Sheet C,14:00,TUR,SUI,2,8
79,38,WED 5 APR 2023,Round Robin Session 13 - Sheet D,14:00,ITA,USA,11,4
79,39,WED 5 APR 2023,Round Robin Session 12 - Sheet A,9:00,NOR,SWE,8,7
79,40,WED 5 APR 2023,Round Robin Session 12 - Sheet B,9:00,SCO,JPN,9,2
79,41,WED 5 APR 2023,Round Robin Session 12 - Sheet C,9:00,GER,NZL,8,11
79,42,WED 5 APR 2023,Round Robin Session 12 - Sheet D,9:00,CAN,KOR,9,4
79,43,TUE 4 APR 2023,Round Robin Session 11 - Sheet A,19:00,NZL,ITA,3,8
79,44,TUE 4 APR 2023,Round Robin Session 11 - Sheet B,19:00,USA,TUR,10,4
79,45,TUE 4 APR 2023,Round Robin Session 11 - Sheet C,19:00,KOR,CZE,3,8
79,46,TUE 4 APR 2023,Round Robin Session 11 - Sheet D,19:00,SUI,SCO,7,4
79,47,TUE 4 APR 2023,Round Robin Session 10 - Sheet A,14:00,TUR,GER,6,9
79,48,TUE 4 APR 2023,Round Robin Session 10 - Sheet B,14:00,CZE,CAN,3,8
79,49,TUE 4 APR 2023,Round Robin Session 10 - Sheet C,14:00,JPN,SWE,6,9
79,50,TUE 4 APR 2023,Round Robin Session 10 - Sheet D,14:00,ITA,NOR,8,9
79,51,TUE 4 APR 2023,Round Robin Session 9 - Sheet B,9:00,KOR,SUI,4,8
79,52,TUE 4 APR 2023,Round Robin Session 9 - Sheet C,9:00,SCO,USA,10,8
79,53,TUE 4 APR 2023,Round Robin Session 9 - Sheet D,9:00,JPN,NZL,10,5
79,54,MON 3 APR 2023,Round Robin Session 8 - Sheet A,19:00,USA,KOR,11,5
79,55,MON 3 APR 2023,Round Robin Session 8 - Sheet B,19:00,ITA,GER,7,2
79,56,MON 3 APR 2023,Round Robin Session 8 - Sheet C,19:00,NOR,SUI,4,11
79,57,MON 3 APR 2023,Round Robin Session 8 - Sheet D,19:00,TUR,CZE,6,7
79,58,MON 3 APR 2023,Round Robin Session 7 - Sheet A,14:00,SWE,TUR,10,3
79,59,MON 3 APR 2023,Round Robin Session 7 - Sheet B,14:00,NZL,NOR,2,9
79,60,MON 3 APR 2023,Round Robin Session 7 - Sheet C,14:00,CAN,JPN,6,3
79,61,MON 3 APR 2023,Round Robin Session 7 - Sheet D,14:00,GER,SCO,6,8
79,62,MON 3 APR 2023,Round Robin Session 6 - Sheet A,9:00,SUI,ITA,4,8
79,63,MON 3 APR 2023,Round Robin Session 6 - Sheet B,9:00,SWE,KOR,8,3
79,64,MON 3 APR 2023,Round Robin Session 6 - Sheet C,9:00,CZE,USA,8,10
79,65,SUN 2 APR 2023,Round Robin Session 5 - Sheet A,19:00,CZE,GER,6,10
79,66,SUN 2 APR 2023,Round Robin Session 5 - Sheet B,19:00,JPN,USA,6,5
79,67,SUN 2 APR 2023,Round Robin Session 5 - Sheet C,19:00,ITA,TUR,7,2
79,68,SUN 2 APR 2023,Round Robin Session 5 - Sheet D,19:00,NOR,CAN,8,6
79,69,SUN 2 APR 2023,Round Robin Session 4 - Sheet A,14:00,SCO,SWE,4,7
79,70,SUN 2 APR 2023,Round Robin Session 4 - Sheet B,14:00,GER,SUI,3,7
79,71,SUN 2 APR 2023,Round Robin Session 4 - Sheet C,14:00,NZL,CAN,2,8
79,72,SUN 2 APR 2023,Round Robin Session 4 - Sheet D,14:00,KOR,JPN,2,9
79,73,SUN 2 APR 2023,Round Robin Session 3 - Sheet A,9:00,NOR,KOR,6,2
79,74,SUN 2 APR 2023,Round Robin Session 3 - Sheet B,9:00,TUR,SCO,1,8
79,75,SUN 2 APR 2023,Round Robin Session 3 - Sheet C,9:00,SUI,CZE,7,4
79,76,SUN 2 APR 2023,Round Robin Session 3 - Sheet D,9:00,USA,SWE,6,11
79,77,SAT 1 APR 2023,Round Robin Session 2 - Sheet A,19:00,JPN,TUR,4,3
79,78,SAT 1 APR 2023,Round Robin Session 2 - Sheet B,19:00,CAN,ITA,10,6
79,79,SAT 1 APR 2023,Round Robin Session 2 - Sheet C,19:00,USA,NOR,5,8
79,80,SAT 1 APR 2023,Round Robin Session 2 - Sheet D,19:00,CZE,NZL,8,1
79,81,SAT 1 APR 2023,Round Robin Session 1 - Sheet A,14:00,CAN,SUI,3,8
79,82,SAT 1 APR 2023,Round Robin Session 1 - Sheet B,14:00,KOR,NZL,8,2
79,83,SAT 1 APR 2023,Round Robin Session 1 - Sheet C,14:00,SWE,GER,8,2
79,84,SAT 1 APR 2023,Round Robin Session 1 - Sheet D,14:00,SCO,ITA,7,4
80,1,SUN 26 MAR 2023,Gold Medal Game,15:00,NOR,SUI,3,6
80,2,SUN 26 MAR 2023,Bronze Medal Game,10:00,CAN,SWE,8,5
80,3,SAT 25 MAR 2023,Semi-final - Sheet A,16:00,SWE,SUI,4,8
80,4,SAT 25 MAR 2023,Semi-final - Sheet C,16:00,NOR,CAN,8,5
80,5,SAT 25 MAR 2023,Qualification Game 3 v 6,10:00,CAN,JPN,6,4
80,6,SAT 25 MAR 2023,Qualification Game 4 v 5,10:00,ITA,SWE,3,4
80,7,FRI 24 MAR 2023,Round Robin Session 20 - Sheet A,19:00,SCO,TUR,7,10
80,8,FRI 24 MAR 2023,Round Robin Session 20 - Sheet B,19:00,SWE,DEN,4,9
80,9,FRI 24 MAR 2023,Round Robin Session 20 - Sheet C,19:00,NOR,GER,6,3
80,10,FRI 24 MAR 2023,Round Robin Session 20 - Sheet D,19:00,KOR,SUI,3,5
80,11,FRI 24 MAR 2023,Round Robin Session 19 - Sheet A,14:00,DEN,CAN,11,5
80,12,FRI 24 MAR 2023,Round Robin Session 19 - Sheet B,14:00,USA,KOR,6,10
80,13,FRI 24 MAR 2023,Round Robin Session 19 - Sheet C,14:00,SWE,ITA,3,7
80,14,FRI 24 MAR 2023,Round Robin Session 19 - Sheet D,14:00,NZL,JPN,5,7
80,15,FRI 24 MAR 2023,Round Robin Session 18 - Sheet A,9:00,JPN,GER,7,1
80,16,FRI 24 MAR 2023,Round Robin Session 18 - Sheet B,9:00,SUI,SCO,7,6
80,17,FRI 24 MAR 2023,Round Robin Session 18 - Sheet C,9:00,TUR,CAN,4,10
80,18,FRI 24 MAR 2023,Round Robin Session 18 - Sheet D,9:00,ITA,NOR,5,6
80,19,THU 23 MAR 2023,Round Robin Session 17 - Sheet A,19:00,KOR,SWE,5,7
80,20,THU 23 MAR 2023,Round Robin Session 17 - Sheet B,19:00,NOR,NZL,8,1
80,21,THU 23 MAR 2023,Round Robin Session 17 - Sheet C,19:00,SUI,DEN,7,3
80,22,THU 23 MAR 2023,Round Robin Session 17 - Sheet D,19:00,GER,USA,4,6
80,23,THU 23 MAR 2023,Round Robin Session 16 - Sheet A,14:00,USA,ITA,9,7
80,24,THU 23 MAR 2023,Round Robin Session 16 - Sheet B,14:00,CAN,JPN,5,6
80,25,THU 23 MAR 2023,Round Robin Session 16 - Sheet C,14:00,SCO,NZL,8,3
80,26,THU 23 MAR 2023,Round Robin Session 16 - Sheet D,14:00,DEN,TUR,2,5
80,27,THU 23 MAR 2023,Round Robin Session 15 - Sheet A,9:00,NOR,SUI,1,6
80,28,THU 23 MAR 2023,Round Robin Session 15 - Sheet B,9:00,GER,TUR,3,8
80,29,THU 23 MAR 2023,Round Robin Session 15 - Sheet C,9:00,JPN,KOR,7,4
80,30,THU 23 MAR 2023,Round Robin Session 15 - Sheet D,9:00,SWE,SCO,9,6
80,31,WED 22 MAR 2023,Round Robin Session 14 - Sheet A,19:00,NZL,DEN,5,8
80,32,WED 22 MAR 2023,Round Robin Session 14 - Sheet B,19:00,ITA,SUI,3,8
80,33,WED 22 MAR 2023,Round Robin Session 14 - Sheet C,19:00,USA,SWE,6,9
80,34,WED 22 MAR 2023,Round Robin Session 14 - Sheet D,19:00,KOR,CAN,6,8
80,35,WED 22 MAR 2023,Round Robin Session 13 - Sheet A,14:00,CAN,GER,3,8
80,36,WED 22 MAR 2023,Round Robin Session 13 - Sheet B,14:00,SCO,USA,8,7
80,37,WED 22 MAR 2023,Round Robin Session 13 - Sheet C,14:00,TUR,NOR,6,7
80,38,WED 22 MAR 2023,Round Robin Session 13 - Sheet D,14:00,JPN,ITA,3,7
80,39,WED 22 MAR 2023,Round Robin Session 12 - Sheet A,9:00,TUR,KOR,6,5
80,40,WED 22 MAR 2023,Round Robin Session 12 - Sheet B,9:00,NOR,SWE,3,6
80,41,WED 22 MAR 2023,Round Robin Session 12 - Sheet C,9:00,DEN,GER,6,7
80,42,WED 22 MAR 2023,Round Robin Session 12 - Sheet D,9:00,SUI,NZL,9,1
80,43,TUE 21 MAR 2023,Round Robin Session 11 - Sheet A,19:00,SWE,JPN,5,4
80,44,TUE 21 MAR 2023,Round Robin Session 11 - Sheet B,19:00,NZL,CAN,4,10
80,45,TUE 21 MAR 2023,Round Robin Session 11 - Sheet C,19:00,ITA,SCO,7,6
80,46,TUE 21 MAR 2023,Round Robin Session 11 - Sheet D,19:00,USA,DEN,7,2
80,47,TUE 21 MAR 2023,Round Robin Session 10 - Sheet A,14:00,SCO,NOR,6,9
80,48,TUE 21 MAR 2023,Round Robin Session 10 - Sheet B,14:00,GER,KOR,2,4
80,49,TUE 21 MAR 2023,Round Robin Session 10 - Sheet C,14:00,CAN,SUI,6,7
80,50,TUE 21 MAR 2023,Round Robin Session 10 - Sheet D,14:00,JPN,TUR,4,7
80,51,TUE 21 MAR 2023,Round Robin Session 9 - Sheet B,9:00,DEN,ITA,5,7
80,52,TUE 21 MAR 2023,Round Robin Session 9 - Sheet C,9:00,NZL,USA,1,7
80,53,TUE 21 MAR 2023,Round Robin Session 9 - Sheet D,9:00,GER,SWE,9,3
80,54,MON 20 MAR 2023,Round Robin Session 8 - Sheet A,19:00,ITA,NZL,6,5
80,55,MON 20 MAR 2023,Round Robin Session 8 - Sheet B,19:00,TUR,USA,4,11
80,56,MON 20 MAR 2023,Round Robin Session 8 - Sheet C,19:00,JPN,NOR,10,3
80,57,MON 20 MAR 2023,Round Robin Session 8 - Sheet D,19:00,SCO,CAN,8,9
80,58,MON 20 MAR 2023,Round Robin Session 7 - Sheet A,14:00,KOR,SCO,6,4
80,59,MON 20 MAR 2023,Round Robin Session 7 - Sheet B,14:00,SUI,GER,9,1
80,60,MON 20 MAR 2023,Round Robin Session 7 - Sheet C,14:00,SWE,TUR,7,2
80,61,MON 20 MAR 2023,Round Robin Session 7 - Sheet D,14:00,NOR,DEN,7,3
80,62,MON 20 MAR 2023,Round Robin Session 6 - Sheet A,9:00,USA,JPN,3,8
80,63,MON 20 MAR 2023,Round Robin Session 6 - Sheet B,9:00,CAN,ITA,7,2
80,64,MON 20 MAR 2023,Round Robin Session 6 - Sheet C,9:00,KOR,NZL,8,7
80,65,SUN 19 MAR 2023,Round Robin Session 5 - Sheet A,19:00,CAN,NOR,9,6
80,66,SUN 19 MAR 2023,Round Robin Session 5 - Sheet B,19:00,JPN,SCO,9,8
80,67,SUN 19 MAR 2023,Round Robin Session 5 - Sheet C,19:00,GER,ITA,7,4
80,68,SUN 19 MAR 2023,Round Robin Session 5 - Sheet D,19:00,TUR,SUI,2,7
80,69,SUN 19 MAR 2023,Round Robin Session 4 - Sheet A,14:00,DEN,KOR,3,6
80,70,SUN 19 MAR 2023,Round Robin Session 4 - Sheet B,14:00,SWE,SUI,3,9
80,71,SUN 19 MAR 2023,Round Robin Session 4 - Sheet C,14:00,NOR,USA,7,5
80,72,SUN 19 MAR 2023,Round Robin Session 4 - Sheet D,14:00,NZL,GER,2,8
80,73,SUN 19 MAR 2023,Round Robin Session 3 - Sheet A,9:00,TUR,NZL,13,10
80,74,SUN 19 MAR 2023,Round Robin Session 3 - Sheet B,9:00,USA,CAN,8,7
80,75,SUN 19 MAR 2023,Round Robin Session 3 - Sheet C,9:00,SCO,DEN,7,9
80,76,SUN 19 MAR 2023,Round Robin Session 3 - Sheet D,9:00,ITA,KOR,8,3
80,77,SAT 18 MAR 2023,Round Robin Session 2 - Sheet A,19:00,GER,SCO,5,12
80,78,SAT 18 MAR 2023,Round Robin Session 2 - Sheet B,19:00,ITA,TUR,12,1
80,79,SAT 18 MAR 2023,Round Robin Session 2 - Sheet C,19:00,SUI,JPN,11,2
80,80,SAT 18 MAR 2023,Round Robin Session 2 - Sheet D,19:00,CAN,SWE,9,4
80,81,SAT 18 MAR 2023,Round Robin Session 1 - Sheet A,14:00,SUI,USA,7,5
80,82,SAT 18 MAR 2023,Round Robin Session 1 - Sheet B,14:00,KOR,NOR,6,8
80,83,SAT 18 MAR 2023,Round Robin Session 1 - Sheet C,14:00,NZL,SWE,2,14
80,84,SAT 18 MAR 2023,Round Robin Session 1 - Sheet D,14:00,DEN,JPN,7,6
83,1,SAT 4 MAR 2023,Gold Medal Game,14:00,CHN,GER,8,7
83,2,SAT 4 MAR 2023,Bronze Medal Game,14:00,NOR,SCO,4,11
83,3,FRI 3 MAR 2023,Semi-final - Sheet B,19:00,NOR,GER,6,9
83,4,FRI 3 MAR 2023,Semi-final - Sheet D,19:00,CHN,SCO,8,1
83,5,THU 2 MAR 2023,Round Robin Session 9 - Sheet C,19:00,GER,CHN,3,4
83,6,THU 2 MAR 2023,Round Robin Session 9 - Sheet E,19:00,USA,CAN,5,11
83,7,THU 2 MAR 2023,Round Robin Session 8 - Sheet D,9:00,CAN,GER,2,8
83,8,WED 1 MAR 2023,Round Robin Session 7 - Sheet E,14:00,CAN,ITA,4,8
83,9,TUE 28 FEB 2023,Round Robin Session 6 - Sheet B,19:00,NOR,CAN,3,9
83,10,TUE 28 FEB 2023,Round Robin Session 5 - Sheet D,9:00,GER,SUI,8,6
83,11,MON 27 FEB 2023,Round Robin Session 4 - Sheet E,14:00,SCO,GER,5,8
83,12,SUN 26 FEB 2023,Round Robin Session 3 - Sheet B,19:00,CAN,SUI,8,11
83,13,SUN 26 FEB 2023,Round Robin Session 2 - Sheet E,9:00,GER,USA,8,5
83,14,SAT 25 FEB 2023,Round Robin Session 1 - Sheet B,14:00,GER,NOR,13,5
84,1,SAT 4 MAR 2023,Gold Medal Game,9:00,JPN,SCO,7,9
84,2,SAT 4 MAR 2023,Bronze Medal Game,9:00,NOR,SUI,8,5
84,3,FRI 3 MAR 2023,Semi-final - Sheet B,14:00,JPN,SUI,7,5
84,4,FRI 3 MAR 2023,Semi-final - Sheet D,14:00,NOR,SCO,5,6
84,5,THU 2 MAR 2023,Round Robin Session 9 - Sheet B,14:00,CAN,SUI,6,8
84,6,WED 1 MAR 2023,Round Robin Session 8 - Sheet A,19:00,SWE,JPN,8,5
84,7,WED 1 MAR 2023,Round Robin Session 7 - Sheet B,9:00,GER,JPN,5,6
84,8,TUE 28 FEB 2023,Round Robin Session 6 - Sheet D,14:00,CAN,JPN,3,12
84,9,TUE 28 FEB 2023,Round Robin Session 6 - Sheet E,14:00,GER,SWE,4,13
84,10,MON 27 FEB 2023,Round Robin Session 5 - Sheet A,19:00,JPN,KOR,7,6
84,11,MON 27 FEB 2023,Round Robin Session 5 - Sheet B,19:00,SCO,SWE,8,6
84,12,MON 27 FEB 2023,Round Robin Session 4 - Sheet E,9:00,SWE,USA,7,3
84,13,SUN 26 FEB 2023,Round Robin Session 3 - Sheet D,14:00,JPN,SCO,3,4
84,14,SAT 25 FEB 2023,Round Robin Session 2 - Sheet D,19:30,GER,SUI,1,8
84,15,SAT 25 FEB 2023,Round Robin Session 1 - Sheet C,9:00,JPN,SUI,4,5
88,1,SAT 26 NOV 2022,Gold Medal Game,13:00,SUI,SCO,4,5
88,2,FRI 25 NOV 2022,Bronze Medal Game,19:00,ITA,SWE,10,7
88,3,FRI 25 NOV 2022,Semi-final,9:00,SUI,SWE,6,3
88,4,THU 24 NOV 2022,Semi-final,20:00,ITA,SCO,4,7
88,5,THU 24 NOV 2022,Round Robin Session 9 - Sheet A,8:00,SUI,GER,8,5
88,6,THU 24 NOV 2022,Round Robin Session 9 - Sheet B,8:00,CZE,DEN,10,4
88,7,THU 24 NOV 2022,Round Robin Session 9 - Sheet C,8:00,ITA,SCO,5,7
88,8,THU 24 NOV 2022,Round Robin Session 9 - Sheet D,8:00,NOR,TUR,10,6
88,9,THU 24 NOV 2022,Round Robin Session 9 - Sheet E,8:00,SWE,ESP,11,9
88,10,WED 23 NOV 2022,Round Robin Session 8 - Sheet A,14:00,TUR,SWE,2,10
88,11,WED 23 NOV 2022,Round Robin Session 8 - Sheet B,14:00,SUI,SCO,7,2
88,12,WED 23 NOV 2022,Round Robin Session 8 - Sheet C,14:00,CZE,GER,8,4
88,13,WED 23 NOV 2022,Round Robin Session 8 - Sheet D,14:00,ESP,ITA,5,9
88,14,WED 23 NOV 2022,Round Robin Session 8 - Sheet E,14:00,DEN,NOR,6,9
88,15,TUE 22 NOV 2022,Round Robin Session 7 - Sheet A,19:00,ITA,CZE,7,4
88,16,TUE 22 NOV 2022,Round Robin Session 7 - Sheet B,19:00,GER,SWE,3,8
88,17,TUE 22 NOV 2022,Round Robin Session 7 - Sheet C,19:00,DEN,TUR,1,6
88,18,TUE 22 NOV 2022,Round Robin Session 7 - Sheet D,19:00,SCO,NOR,8,1
88,19,TUE 22 NOV 2022,Round Robin Session 7 - Sheet E,19:00,ESP,SUI,3,6
88,20,TUE 22 NOV 2022,Round Robin Session 6 - Sheet A,9:00,SCO,DEN,7,4
88,21,TUE 22 NOV 2022,Round Robin Session 6 - Sheet B,9:00,NOR,ESP,5,4
88,22,TUE 22 NOV 2022,Round Robin Session 6 - Sheet C,9:00,SUI,ITA,7,8
88,23,TUE 22 NOV 2022,Round Robin Session 6 - Sheet D,9:00,CZE,SWE,2,8
88,24,TUE 22 NOV 2022,Round Robin Session 6 - Sheet E,9:00,GER,TUR,4,11
88,25,MON 21 NOV 2022,Round Robin Session 5 - Sheet A,16:00,SWE,NOR,6,5
88,26,MON 21 NOV 2022,Round Robin Session 5 - Sheet B,16:00,SCO,TUR,10,4
88,27,MON 21 NOV 2022,Round Robin Session 5 - Sheet C,16:00,ESP,CZE,4,10
88,28,MON 21 NOV 2022,Round Robin Session 5 - Sheet D,16:00,ITA,GER,6,5
88,29,MON 21 NOV 2022,Round Robin Session 5 - Sheet E,16:00,SUI,DEN,5,3
88,30,MON 21 NOV 2022,Round Robin Session 4 - Sheet A,8:00,CZE,SCO,6,11
88,31,MON 21 NOV 2022,Round Robin Session 4 - Sheet B,8:00,SWE,SUI,6,7
88,32,MON 21 NOV 2022,Round Robin Session 4 - Sheet C,8:00,GER,NOR,9,5
88,33,MON 21 NOV 2022,Round Robin Session 4 - Sheet D,8:00,DEN,ESP,7,8
88,34,MON 21 NOV 2022,Round Robin Session 4 - Sheet E,8:00,TUR,ITA,4,9
88,35,SUN 20 NOV 2022,Round Robin Session 3 - Sheet A,14:00,DEN,ITA,2,8
88,36,SUN 20 NOV 2022,Round Robin Session 3 - Sheet B,14:00,ESP,GER,6,8
88,37,SUN 20 NOV 2022,Round Robin Session 3 - Sheet C,14:00,TUR,SUI,3,11
88,38,SUN 20 NOV 2022,Round Robin Session 3 - Sheet D,14:00,SWE,SCO,7,8
88,39,SUN 20 NOV 2022,Round Robin Session 3 - Sheet E,14:00,NOR,CZE,10,3
88,40,SAT 19 NOV 2022,Round Robin Session 2 - Sheet A,19:00,NOR,SUI,3,7
88,41,SAT 19 NOV 2022,Round Robin Session 2 - Sheet B,19:00,TUR,CZE,7,5
88,42,SAT 19 NOV 2022,Round Robin Session 2 - Sheet C,19:00,SCO,ESP,10,4
88,43,SAT 19 NOV 2022,Round Robin Session 2 - Sheet D,19:00,GER,DEN,10,9
88,44,SAT 19 NOV 2022,Round Robin Session 2 - Sheet E,19:00,ITA,SWE,8,7
88,45,SAT 19 NOV 2022,Round Robin Session 1 - Sheet A,9:00,ESP,TUR,5,6
88,46,SAT 19 NOV 2022,Round Robin Session 1 - Sheet B,9:00,ITA,NOR,8,3
88,47,SAT 19 NOV 2022,Round Robin Session 1 - Sheet C,9:00,SWE,DEN,9,3
88,48,SAT 19 NOV 2022,Round Robin Session 1 - Sheet D,9:00,SUI,CZE,7,3
88,49,SAT 19 NOV 2022,Round Robin Session 1 - Sheet E,9:00,SCO,GER,6,4
89,1,SAT 26 NOV 2022,Gold Medal Game,9:00,DEN,SUI,8,4
89,2,FRI 25 NOV 2022,Bronze Medal Game,14:00,ITA,SCO,5,9
89,3,THU 24 NOV 2022,Semi-final,16:00,DEN,SCO,11,3
89,4,THU 24 NOV 2022,Semi-final,12:00,ITA,SUI,5,9
89,5,WED 23 NOV 2022,Round Robin Session 9 - Sheet A,19:00,NOR,SCO,6,8
89,6,WED 23 NOV 2022,Round Robin Session 9 - Sheet B,19:00,HUN,LAT,9,7
89,7,WED 23 NOV 2022,Round Robin Session 9 - Sheet C,19:00,SWE,TUR,8,7
89,8,WED 23 NOV 2022,Round Robin Session 9 - Sheet D,19:00,DEN,GER,12,3
89,9,WED 23 NOV 2022,Round Robin Session 9 - Sheet E,19:00,SUI,ITA,3,9
89,10,WED 23 NOV 2022,Round Robin Session 8 - Sheet A,9:00,GER,SUI,10,7
89,11,WED 23 NOV 2022,Round Robin Session 8 - Sheet B,9:00,NOR,TUR,2,10
89,12,WED 23 NOV 2022,Round Robin Session 8 - Sheet C,9:00,HUN,SCO,1,10
89,13,WED 23 NOV 2022,Round Robin Session 8 - Sheet D,9:00,ITA,SWE,7,4
89,14,WED 23 NOV 2022,Round Robin Session 8 - Sheet E,9:00,LAT,DEN,2,7
89,15,TUE 22 NOV 2022,Round Robin Session 7 - Sheet A,14:00,SWE,HUN,8,4
89,16,TUE 22 NOV 2022,Round Robin Session 7 - Sheet B,14:00,SCO,SUI,3,9
89,17,TUE 22 NOV 2022,Round Robin Session 7 - Sheet C,14:00,LAT,GER,3,10
89,18,TUE 22 NOV 2022,Round Robin Session 7 - Sheet D,14:00,TUR,DEN,10,5
89,19,TUE 22 NOV 2022,Round Robin Session 7 - Sheet E,14:00,ITA,NOR,8,9
89,20,MON 21 NOV 2022,Round Robin Session 6 - Sheet A,20:00,TUR,LAT,10,6
89,21,MON 21 NOV 2022,Round Robin Session 6 - Sheet B,20:00,DEN,ITA,9,2
89,22,MON 21 NOV 2022,Round Robin Session 6 - Sheet C,20:00,NOR,SWE,6,7
89,23,MON 21 NOV 2022,Round Robin Session 6 - Sheet D,20:00,HUN,SUI,4,12
89,24,MON 21 NOV 2022,Round Robin Session 6 - Sheet E,20:00,SCO,GER,3,9
89,25,MON 21 NOV 2022,Round Robin Session 5 - Sheet A,12:00,SUI,DEN,6,9
89,26,MON 21 NOV 2022,Round Robin Session 5 - Sheet B,12:00,TUR,GER,8,7
89,27,MON 21 NOV 2022,Round Robin Session 5 - Sheet C,12:00,ITA,HUN,13,2
89,28,MON 21 NOV 2022,Round Robin Session 5 - Sheet D,12:00,SWE,SCO,5,7
89,29,MON 21 NOV 2022,Round Robin Session 5 - Sheet E,12:00,NOR,LAT,10,3
89,30,SUN 20 NOV 2022,Round Robin Session 4 - Sheet A,19:00,HUN,TUR,2,11
89,31,SUN 20 NOV 2022,Round Robin Session 4 - Sheet B,19:00,SUI,NOR,14,4
89,32,SUN 20 NOV 2022,Round Robin Session 4 - Sheet C,19:00,SCO,DEN,6,11
89,33,SUN 20 NOV 2022,Round Robin Session 4 - Sheet D,19:00,LAT,ITA,5,8
89,34,SUN 20 NOV 2022,Round Robin Session 4 - Sheet E,19:00,GER,SWE,5,7
89,35,SUN 20 NOV 2022,Round Robin Session 3 - Sheet A,9:00,LAT,SWE,9,11
89,36,SUN 20 NOV 2022,Round Robin Session 3 - Sheet B,9:00,ITA,SCO,10,4
89,37,SUN 20 NOV 2022,Round Robin Session 3 - Sheet C,9:00,GER,NOR,7,10
89,38,SUN 20 NOV 2022,Round Robin Session 3 - Sheet D,9:00,SUI,TUR,10,4
89,39,SUN 20 NOV 2022,Round Robin Session 3 - Sheet E,9:00,DEN,HUN,9,1
89,40,SAT 19 NOV 2022,Round Robin Session 2 - Sheet A,14:00,DEN,NOR,9,6
89,41,SAT 19 NOV 2022,Round Robin Session 2 - Sheet B,14:00,GER,HUN,12,1
89,42,SAT 19 NOV 2022,Round Robin Session 2 - Sheet C,14:00,TUR,ITA,3,8
89,43,SAT 19 NOV 2022,Round Robin Session 2 - Sheet D,14:00,SCO,LAT,7,4
89,44,SAT 19 NOV 2022,Round Robin Session 2 - Sheet E,14:00,SWE,SUI,4,10
89,45,FRI 18 NOV 2022,Round Robin Session 1 - Sheet A,20:00,ITA,GER,3,8
89,46,FRI 18 NOV 2022,Round Robin Session 1 - Sheet B,20:00,SWE,DEN,6,10
89,47,FRI 18 NOV 2022,Round Robin Session 1 - Sheet C,20:00,SUI,LAT,10,2
89,48,FRI 18 NOV 2022,Round Robin Session 1 - Sheet D,20:00,NOR,HUN,10,4
89,49,FRI 18 NOV 2022,Round Robin Session 1 - Sheet E,20:00,TUR,SCO,6,9
93,1,SUN 6 NOV 2022,Gold Medal Game,9:00,KOR,CAN,3,11
93,2,SAT 5 NOV 2022,Bronze Medal Game,18:00,JPN,USA,7,8
93,3,SAT 5 NOV 2022,Semi-final 1 v 4,9:00,JPN,CAN,2,8
93,4,SAT 5 NOV 2022,Semi-final 2 v 3,9:00,KOR,USA,9,6
93,5,FRI 4 NOV 2022,Round Robin Session 7 - Sheet A,14:00,KOR,AUS,9,4
93,6,FRI 4 NOV 2022,Round Robin Session 7 - Sheet B,14:00,BRA,USA,3,9
93,7,FRI 4 NOV 2022,Round Robin Session 7 - Sheet C,14:00,TPE,CAN,3,11
93,8,FRI 4 NOV 2022,Round Robin Session 7 - Sheet D,14:00,JPN,NZL,9,5
93,9,THU 3 NOV 2022,Round Robin Session 6 - Sheet A,19:00,NZL,CAN,5,10
93,10,THU 3 NOV 2022,Round Robin Session 6 - Sheet B,19:00,TPE,JPN,1,10
93,11,THU 3 NOV 2022,Round Robin Session 6 - Sheet C,19:00,BRA,KOR,1,10
93,12,THU 3 NOV 2022,Round Robin Session 6 - Sheet D,19:00,AUS,USA,3,8
93,13,THU 3 NOV 2022,Round Robin Session 5 - Sheet A,9:00,JPN,BRA,9,3
93,14,THU 3 NOV 2022,Round Robin Session 5 - Sheet B,9:00,USA,NZL,6,2
93,15,THU 3 NOV 2022,Round Robin Session 5 - Sheet C,9:00,CAN,AUS,11,5
93,16,THU 3 NOV 2022,Round Robin Session 5 - Sheet D,9:00,KOR,TPE,11,5
93,17,WED 2 NOV 2022,Round Robin Session 4 - Sheet A,16:00,TPE,NZL,3,6
93,18,WED 2 NOV 2022,Round Robin Session 4 - Sheet B,16:00,KOR,CAN,3,11
93,19,WED 2 NOV 2022,Round Robin Session 4 - Sheet C,16:00,JPN,USA,7,10
93,20,WED 2 NOV 2022,Round Robin Session 4 - Sheet D,16:00,BRA,AUS,2,10
93,21,WED 2 NOV 2022,Round Robin Session 3 - Sheet A,8:00,USA,KOR,6,10
93,22,WED 2 NOV 2022,Round Robin Session 3 - Sheet B,8:00,AUS,TPE,4,9
93,23,WED 2 NOV 2022,Round Robin Session 3 - Sheet C,8:00,NZL,BRA,13,3
93,24,WED 2 NOV 2022,Round Robin Session 3 - Sheet D,8:00,CAN,JPN,11,2
93,25,TUE 1 NOV 2022,Round Robin Session 2 - Sheet A,14:00,AUS,JPN,6,5
93,26,TUE 1 NOV 2022,Round Robin Session 2 - Sheet B,14:00,CAN,BRA,7,1
93,27,TUE 1 NOV 2022,Round Robin Session 2 - Sheet C,14:00,USA,TPE,9,2
93,28,TUE 1 NOV 2022,Round Robin Session 2 - Sheet D,14:00,NZL,KOR,3,10
93,29,MON 31 OCT 2022,Round Robin Session 1 - Sheet A,14:00,CAN,USA,8,10
93,30,MON 31 OCT 2022,Round Robin Session 1 - Sheet B,14:00,NZL,AUS,6,5
93,31,MON 31 OCT 2022,Round Robin Session 1 - Sheet C,14:00,KOR,JPN,7,5
93,32,MON 31 OCT 2022,Round Robin Session 1 - Sheet D,14:00,TPE,BRA,9,3
94,1,SUN 6 NOV 2022,Gold Medal Game,18:00,JPN,KOR,8,6
94,2,SUN 6 NOV 2022,Bronze Medal Game,13:00,USA,CAN,5,7
94,3,SAT 5 NOV 2022,Semi-final 1 v 4,13:00,USA,KOR,4,11
94,4,SAT 5 NOV 2022,Semi-final 2 v 3,13:00,JPN,CAN,6,5
94,5,FRI 4 NOV 2022,Round Robin Session 9 - Sheet A,19:00,NZL,USA,2,9
94,6,FRI 4 NOV 2022,Round Robin Session 9 - Sheet B,19:00,KOR,CAN,4,7
94,7,FRI 4 NOV 2022,Round Robin Session 9 - Sheet C,19:00,BRA,KAZ,7,13
94,8,FRI 4 NOV 2022,Round Robin Session 9 - Sheet D,19:00,HKG,AUS,6,9
94,9,FRI 4 NOV 2022,Round Robin Session 8 - Sheet A,9:00,JPN,CAN,3,9
94,10,FRI 4 NOV 2022,Round Robin Session 8 - Sheet B,9:00,KAZ,HKG,7,5
94,11,FRI 4 NOV 2022,Round Robin Session 8 - Sheet C,9:00,KOR,USA,9,5
94,12,FRI 4 NOV 2022,Round Robin Session 8 - Sheet D,9:00,NZL,BRA,10,4
94,13,THU 3 NOV 2022,Round Robin Session 7 - Sheet A,14:00,HKG,KOR,3,12
94,14,THU 3 NOV 2022,Round Robin Session 7 - Sheet B,14:00,NZL,AUS,10,7
94,15,THU 3 NOV 2022,Round Robin Session 7 - Sheet C,14:00,KAZ,JPN,2,9
94,16,THU 3 NOV 2022,Round Robin Session 7 - Sheet D,14:00,USA,CAN,8,6
94,17,WED 2 NOV 2022,Round Robin Session 6 - Sheet A,20:00,USA,KAZ,9,0
94,18,WED 2 NOV 2022,Round Robin Session 6 - Sheet B,20:00,CAN,BRA,10,2
94,19,WED 2 NOV 2022,Round Robin Session 6 - Sheet C,20:00,NZL,HKG,8,6
94,20,WED 2 NOV 2022,Round Robin Session 6 - Sheet D,20:00,AUS,JPN,1,11
94,21,WED 2 NOV 2022,Round Robin Session 5 - Sheet A,12:00,BRA,JPN,2,11
94,22,WED 2 NOV 2022,Round Robin Session 5 - Sheet B,12:00,HKG,USA,1,13
94,23,WED 2 NOV 2022,Round Robin Session 5 - Sheet C,12:00,AUS,CAN,6,11
94,24,WED 2 NOV 2022,Round Robin Session 5 - Sheet D,12:00,KOR,NZL,10,6
94,25,TUE 1 NOV 2022,Round Robin Session 4 - Sheet A,19:00,CAN,HKG,8,1
94,26,TUE 1 NOV 2022,Round Robin Session 4 - Sheet B,19:00,AUS,KAZ,9,8
94,27,TUE 1 NOV 2022,Round Robin Session 4 - Sheet C,19:00,JPN,KOR,7,4
94,28,TUE 1 NOV 2022,Round Robin Session 4 - Sheet D,19:00,BRA,USA,4,11
94,29,TUE 1 NOV 2022,Round Robin Session 3 - Sheet A,9:00,KOR,AUS,13,1
94,30,TUE 1 NOV 2022,Round Robin Session 3 - Sheet B,9:00,JPN,NZL,11,1
94,31,TUE 1 NOV 2022,Round Robin Session 3 - Sheet C,9:00,HKG,BRA,8,2
94,32,TUE 1 NOV 2022,Round Robin Session 3 - Sheet D,9:00,CAN,KAZ,12,1
94,33,MON 31 OCT 2022,Round Robin Session 2 - Sheet A,19:00,KAZ,NZL,3,11
94,34,MON 31 OCT 2022,Round Robin Session 2 - Sheet B,19:00,BRA,KOR,1,13
94,35,MON 31 OCT 2022,Round Robin Session 2 - Sheet C,19:00,USA,AUS,7,1
94,36,MON 31 OCT 2022,Round Robin Session 2 - Sheet D,19:00,JPN,HKG,15,1
94,37,MON 31 OCT 2022,Round Robin Session 1 - Sheet A,9:00,AUS,BRA,8,7
94,38,MON 31 OCT 2022,Round Robin Session 1 - Sheet B,9:00,USA,JPN,8,7
94,39,MON 31 OCT 2022,Round Robin Session 1 - Sheet C,9:00,CAN,NZL,11,3
94,40,MON 31 OCT 2022,Round Robin Session 1 - Sheet D,9:00,KAZ,KOR,1,12
98,1,SUN 22 MAY 2022,Bronze Medal Game,9:00,NOR,CAN,4,13
98,2,SUN 22 MAY 2022,Gold Medal Game,9:00,SCO,GER,7,1
98,3,SAT 21 MAY 2022,Semi-final - Sheet B,14:00,GER,CAN,8,5
98,4,SAT 21 MAY 2022,Semi-final - Sheet D,14:00,SCO,NOR,7,5
98,5,FRI 20 MAY 2022,Round Robin Session 9 - Sheet C,14:00,CAN,SWE,6,3
98,6,THU 19 MAY 2022,Round Robin Session 8 - Sheet B,19:00,SCO,SWE,11,4
98,7,WED 18 MAY 2022,Round Robin Session 6 - Sheet B,14:00,USA,NOR,8,5
98,8,TUE 17 MAY 2022,Round Robin Session 4 - Sheet A,9:00,KOR,SWE,8,3
98,9,MON 16 MAY 2022,Round Robin Session 3 - Sheet A,14:00,ITA,CAN,3,8
98,10,SUN 15 MAY 2022,Round Robin Session 1 - Sheet B,9:00,CAN,USA,10,11
99,1,SUN 22 MAY 2022,Bronze Medal Game,14:00,USA,NOR,10,6
99,2,SUN 22 MAY 2022,Gold Medal Game,14:00,SWE,JPN,4,7
99,3,SAT 21 MAY 2022,Semi-final - Sheet B,19:00,NOR,SWE,4,5
99,4,SAT 21 MAY 2022,Semi-final - Sheet D,19:00,JPN,USA,7,3
99,5,FRI 20 MAY 2022,Round Robin Session 9 - Sheet C,19:00,SUI,LAT,6,4
99,6,THU 19 MAY 2022,Round Robin Session 7 - Sheet B,14:00,USA,CAN,11,5
99,7,WED 18 MAY 2022,Round Robin Session 5 - Sheet A,9:00,CAN,SWE,8,9
99,8,TUE 17 MAY 2022,Round Robin Session 4 - Sheet C,14:00,USA,SWE,7,4
99,9,MON 16 MAY 2022,Round Robin Session 3 - Sheet B,19:00,JPN,USA,8,9
99,10,SUN 15 MAY 2022,Round Robin Session 1 - Sheet A,14:00,JPN,KOR,9,6
103,1,SAT 30 APR 2022,Gold Medal Game,14:00,SUI,SCO,7,9
103,2,SAT 30 APR 2022,Bronze Medal Game,10:00,GER,NOR,7,5
103,3,FRI 29 APR 2022,Semi-final A1 v B2/A3,19:30,SUI,NOR,8,7
103,4,FRI 29 APR 2022,Semi-final B1 v A2/B3,16:00,GER,SCO,3,8
103,5,FRI 29 APR 2022,Qualification Game B2 v A3,12:30,CAN,NOR,5,6
103,6,FRI 29 APR 2022,Qualification Game A2 v B3,9:00,SWE,GER,8,11
103,7,FRI 29 APR 2022,Relegation Game A8 v B9,9:00,ESP,KOR,5,8
103,8,FRI 29 APR 2022,Relegation Game B8 v A9,9:00,FIN,ENG,3,6
103,9,THU 28 APR 2022,Round Robin Session 18,18:00 Group B - Sheet A,ESP,SCO,3,10
103,10,THU 28 APR 2022,Round Robin Session 18,18:00 Group B - Sheet B,TUR,AUS,5,8
103,11,THU 28 APR 2022,Round Robin Session 18,18:00 Group B - Sheet C,GER,ENG,7,3
103,12,THU 28 APR 2022,Round Robin Session 18,18:00 Group B - Sheet D,CAN,USA,8,5
103,13,THU 28 APR 2022,Round Robin Session 18,18:00 Group B - Sheet E,HUN,CZE,11,7
103,14,THU 28 APR 2022,Round Robin Session 17,14:00 Group A - Sheet A,SUI,KOR,9,2
103,15,THU 28 APR 2022,Round Robin Session 17,14:00 Group A - Sheet B,EST,DEN,2,6
103,16,THU 28 APR 2022,Round Robin Session 17,14:00 Group A - Sheet C,NOR,NZL,9,1
103,17,THU 28 APR 2022,Round Robin Session 17,14:00 Group A - Sheet D,SWE,JPN,8,5
103,18,THU 28 APR 2022,Round Robin Session 17,14:00 Group A - Sheet E,FIN,ITA,3,10
103,19,THU 28 APR 2022,Round Robin Session 16,10:00 Group B - Sheet A,USA,HUN,8,2
103,20,THU 28 APR 2022,Round Robin Session 16,10:00 Group B - Sheet B,ESP,ENG,1,11
103,21,THU 28 APR 2022,Round Robin Session 16,10:00 Group B - Sheet C,TUR,SCO,2,10
103,22,THU 28 APR 2022,Round Robin Session 16,10:00 Group B - Sheet D,CZE,GER,2,13
103,23,THU 28 APR 2022,Round Robin Session 16,10:00 Group B - Sheet E,AUS,CAN,2,10
103,24,WED 27 APR 2022,Round Robin Session 15,18:00 Group A - Sheet A,JPN,FIN,11,3
103,25,WED 27 APR 2022,Round Robin Session 15,18:00 Group A - Sheet B,SUI,NZL,11,3
103,26,WED 27 APR 2022,Round Robin Session 15,18:00 Group A - Sheet C,EST,KOR,8,3
103,27,WED 27 APR 2022,Round Robin Session 15,18:00 Group A - Sheet D,ITA,NOR,3,9
103,28,WED 27 APR 2022,Round Robin Session 15,18:00 Group A - Sheet E,DEN,SWE,3,8
103,29,WED 27 APR 2022,Round Robin Session 14,14:00 Group B - Sheet A,GER,TUR,10,2
103,30,WED 27 APR 2022,Round Robin Session 14,14:00 Group B - Sheet B,SCO,HUN,10,4
103,31,WED 27 APR 2022,Round Robin Session 14,14:00 Group B - Sheet C,AUS,USA,12,5
103,32,WED 27 APR 2022,Round Robin Session 14,14:00 Group B - Sheet D,ENG,CAN,2,6
103,33,WED 27 APR 2022,Round Robin Session 14,14:00 Group B - Sheet E,CZE,ESP,2,7
103,34,WED 27 APR 2022,Round Robin Session 13,10:00 Group A - Sheet A,NOR,EST,12,1
103,35,WED 27 APR 2022,Round Robin Session 13,10:00 Group A - Sheet B,KOR,FIN,9,5
103,36,WED 27 APR 2022,Round Robin Session 13,10:00 Group A - Sheet C,DEN,JPN,5,6
103,37,WED 27 APR 2022,Round Robin Session 13,10:00 Group A - Sheet D,NZL,SWE,2,12
103,38,WED 27 APR 2022,Round Robin Session 13,10:00 Group A - Sheet E,ITA,SUI,7,11
103,39,TUE 26 APR 2022,Round Robin Session 12,18:00 Group B - Sheet A,ENG,AUS,5,8
103,40,TUE 26 APR 2022,Round Robin Session 12,18:00 Group B - Sheet B,CAN,CZE,10,4
103,41,TUE 26 APR 2022,Round Robin Session 12,18:00 Group B - Sheet C,ESP,GER,5,7
103,42,TUE 26 APR 2022,Round Robin Session 12,18:00 Group B - Sheet D,TUR,HUN,6,3
103,43,TUE 26 APR 2022,Round Robin Session 12,18:00 Group B - Sheet E,SCO,USA,7,2
103,44,TUE 26 APR 2022,Round Robin Session 11,14:00 Group A - Sheet A,NZL,DEN,5,9
103,45,TUE 26 APR 2022,Round Robin Session 11,14:00 Group A - Sheet B,SWE,ITA,7,4
103,46,TUE 26 APR 2022,Round Robin Session 11,14:00 Group A - Sheet C,SUI,NOR,3,9
103,47,TUE 26 APR 2022,Round Robin Session 11,14:00 Group A - Sheet D,EST,FIN,4,9
103,48,TUE 26 APR 2022,Round Robin Session 11,14:00 Group A - Sheet E,KOR,JPN,3,11
103,49,TUE 26 APR 2022,Round Robin Session 10,10:00 Group B - Sheet A,HUN,CAN,1,10
103,50,TUE 26 APR 2022,Round Robin Session 10,10:00 Group B - Sheet B,ENG,USA,7,4
103,51,TUE 26 APR 2022,Round Robin Session 10,10:00 Group B - Sheet C,CZE,TUR,9,7
103,52,TUE 26 APR 2022,Round Robin Session 10,10:00 Group B - Sheet D,GER,SCO,4,8
103,53,TUE 26 APR 2022,Round Robin Session 10,10:00 Group B - Sheet E,ESP,AUS,4,12
103,54,MON 25 APR 2022,Round Robin Session 9,18:00 Group A - Sheet A,FIN,SWE,3,8
103,55,MON 25 APR 2022,Round Robin Session 9,18:00 Group A - Sheet B,NZL,JPN,2,8
103,56,MON 25 APR 2022,Round Robin Session 9,18:00 Group A - Sheet C,ITA,EST,9,7
103,57,MON 25 APR 2022,Round Robin Session 9,18:00 Group A - Sheet D,NOR,KOR,11,3
103,58,MON 25 APR 2022,Round Robin Session 9,18:00 Group A - Sheet E,SUI,DEN,9,3
103,59,MON 25 APR 2022,Round Robin Session 8,14:00 Group B - Sheet A,TUR,ENG,6,9
103,60,MON 25 APR 2022,Round Robin Session 8,14:00 Group B - Sheet B,HUN,ESP,9,6
103,61,MON 25 APR 2022,Round Robin Session 8,14:00 Group B - Sheet C,SCO,CAN,8,4
103,62,MON 25 APR 2022,Round Robin Session 8,14:00 Group B - Sheet D,AUS,CZE,8,9
103,63,MON 25 APR 2022,Round Robin Session 8,14:00 Group B - Sheet E,USA,GER,7,3
103,64,MON 25 APR 2022,Round Robin Session 7,10:00 Group A - Sheet A,EST,NZL,13,3
103,65,MON 25 APR 2022,Round Robin Session 7,10:00 Group A - Sheet B,FIN,SUI,2,7
103,66,MON 25 APR 2022,Round Robin Session 7,10:00 Group A - Sheet C,KOR,SWE,12,5
103,67,MON 25 APR 2022,Round Robin Session 7,10:00 Group A - Sheet D,DEN,ITA,3,8
103,68,MON 25 APR 2022,Round Robin Session 7,10:00 Group A - Sheet E,JPN,NOR,6,5
103,69,SUN 24 APR 2022,Round Robin Session 6,18:00 Group B - Sheet A,AUS,GER,5,6
103,70,SUN 24 APR 2022,Round Robin Session 6,18:00 Group B - Sheet B,CZE,SCO,3,9
103,71,SUN 24 APR 2022,Round Robin Session 6,18:00 Group B - Sheet C,USA,ESP,8,2
103,72,SUN 24 APR 2022,Round Robin Session 6,18:00 Group B - Sheet D,HUN,ENG,8,6
103,73,SUN 24 APR 2022,Round Robin Session 6,18:00 Group B - Sheet E,CAN,TUR,10,5
103,74,SUN 24 APR 2022,Round Robin Session 5,14:00 Group A - Sheet A,DEN,NOR,2,9
103,75,SUN 24 APR 2022,Round Robin Session 5,14:00 Group A - Sheet B,ITA,KOR,7,5
103,76,SUN 24 APR 2022,Round Robin Session 5,14:00 Group A - Sheet C,JPN,SUI,8,6
103,77,SUN 24 APR 2022,Round Robin Session 5,14:00 Group A - Sheet D,FIN,NZL,11,1
103,78,SUN 24 APR 2022,Round Robin Session 5,14:00 Group A - Sheet E,SWE,EST,10,8
103,79,SUN 24 APR 2022,Round Robin Session 4,10:00 Group B - Sheet A,CAN,ESP,8,2
103,80,SUN 24 APR 2022,Round Robin Session 4,10:00 Group B - Sheet B,USA,TUR,12,6
103,81,SUN 24 APR 2022,Round Robin Session 4,10:00 Group B - Sheet C,ENG,CZE,4,7
103,82,SUN 24 APR 2022,Round Robin Session 4,10:00 Group B - Sheet D,SCO,AUS,9,4
103,83,SUN 24 APR 2022,Round Robin Session 4,10:00 Group B - Sheet E,GER,HUN,10,4
103,84,SAT 23 APR 2022,Round Robin Session 3,18:00 Group A - Sheet A,SWE,SUI,4,9
103,85,SAT 23 APR 2022,Round Robin Session 3,18:00 Group A - Sheet B,JPN,EST,7,9
103,86,SAT 23 APR 2022,Round Robin Session 3,18:00 Group A - Sheet C,NZL,ITA,1,10
103,87,SAT 23 APR 2022,Round Robin Session 3,18:00 Group A - Sheet D,KOR,DEN,5,7
103,88,SAT 23 APR 2022,Round Robin Session 3,18:00 Group A - Sheet E,NOR,FIN,8,4
103,89,SAT 23 APR 2022,Round Robin Session 2,14:00 Group B - Sheet A,CZE,USA,6,9
103,90,SAT 23 APR 2022,Round Robin Session 2,14:00 Group B - Sheet B,GER,CAN,3,9
103,91,SAT 23 APR 2022,Round Robin Session 2,14:00 Group B - Sheet C,HUN,AUS,7,5
103,92,SAT 23 APR 2022,Round Robin Session 2,14:00 Group B - Sheet D,ESP,TUR,9,2
103,93,SAT 23 APR 2022,Round Robin Session 2,14:00 Group B - Sheet E,ENG,SCO,3,8
103,94,SAT 23 APR 2022,Round Robin Session 1,10:00 Group A - Sheet A,ITA,JPN,10,3
103,95,SAT 23 APR 2022,Round Robin Session 1,10:00 Group A - Sheet B,NOR,SWE,4,7
103,96,SAT 23 APR 2022,Round Robin Session 1,10:00 Group A - Sheet C,FIN,DEN,5,7
103,97,SAT 23 APR 2022,Round Robin Session 1,10:00 Group A - Sheet D,SUI,EST,9,2
103,98,SAT 23 APR 2022,Round Robin Session 1,10:00 Group A - Sheet E,NZL,KOR,4,9
106,1,SUN 10 APR 2022,Gold Medal Game,16:00,CAN,SWE,6,8
106,2,SUN 10 APR 2022,Bronze Medal Game,11:00,USA,ITA,4,13
106,3,SAT 9 APR 2022,Semi-final - Sheet B,19:00,CAN,USA,8,5
106,4,SAT 9 APR 2022,Semi-final - Sheet D,19:00,ITA,SWE,4,8
106,5,SAT 9 APR 2022,Qualification Game 3 v 6,14:00,SUI,ITA,4,10
106,6,SAT 9 APR 2022,Qualification Game 4 v 5,14:00,USA,SCO,6,4
106,7,FRI 8 APR 2022,Round Robin Session 20 - Sheet A,19:00,SCO,SUI,9,7
106,8,FRI 8 APR 2022,Round Robin Session 20 - Sheet B,19:00,USA,ITA,4,8
106,9,FRI 8 APR 2022,Round Robin Session 20 - Sheet C,19:00,NED,KOR,8,7
106,10,FRI 8 APR 2022,Round Robin Session 20 - Sheet D,19:00,DEN,CAN,2,9
106,11,FRI 8 APR 2022,Round Robin Session 19 - Sheet A,14:00,KOR,GER,9,4
106,12,FRI 8 APR 2022,Round Robin Session 19 - Sheet B,14:00,NED,FIN,8,9
106,13,FRI 8 APR 2022,Round Robin Session 19 - Sheet C,14:00,CZE,DEN,9,2
106,14,FRI 8 APR 2022,Round Robin Session 19 - Sheet D,14:00,SWE,NOR,7,6
106,15,FRI 8 APR 2022,Round Robin Session 18 - Sheet A,9:00,NOR,ITA,6,9
106,16,FRI 8 APR 2022,Round Robin Session 18 - Sheet B,9:00,SUI,GER,3,10
106,17,FRI 8 APR 2022,Round Robin Session 18 - Sheet C,9:00,CAN,SCO,8,6
106,18,FRI 8 APR 2022,Round Robin Session 18 - Sheet D,9:00,FIN,USA,2,7
106,19,THU 7 APR 2022,Round Robin Session 17 - Sheet A,19:00,DEN,NED,7,2
106,20,THU 7 APR 2022,Round Robin Session 17 - Sheet B,19:00,CAN,KOR,10,2
106,21,THU 7 APR 2022,Round Robin Session 17 - Sheet C,19:00,USA,SWE,3,5
106,22,THU 7 APR 2022,Round Robin Session 17 - Sheet D,19:00,ITA,CZE,6,5
106,23,THU 7 APR 2022,Round Robin Session 16 - Sheet A,14:00,CZE,FIN,10,4
106,24,THU 7 APR 2022,Round Robin Session 16 - Sheet B,14:00,SCO,SWE,2,8
106,25,THU 7 APR 2022,Round Robin Session 16 - Sheet C,14:00,GER,NOR,10,6
106,26,THU 7 APR 2022,Round Robin Session 16 - Sheet D,14:00,KOR,SUI,7,9
106,27,THU 7 APR 2022,Round Robin Session 15 - Sheet A,9:00,USA,CAN,10,6
106,28,THU 7 APR 2022,Round Robin Session 15 - Sheet B,9:00,NOR,DEN,10,6
106,29,THU 7 APR 2022,Round Robin Session 15 - Sheet C,9:00,ITA,SUI,5,3
106,31,THU 7 APR 2022,Round Robin Session 15 - Sheet D,9:00,NED,SCO,5,4
106,32,WED 6 APR 2022,Round Robin Session 14 - Sheet A,19:00,SWE,KOR,5,7
106,33,WED 6 APR 2022,Round Robin Session 14 - Sheet B,19:00,CZE,NED,11,5
106,34,WED 6 APR 2022,Round Robin Session 14 - Sheet C,19:00,FIN,CAN,3,8
106,35,WED 6 APR 2022,Round Robin Session 14 - Sheet D,19:00,DEN,GER,7,10
106,36,WED 6 APR 2022,Round Robin Session 13 - Sheet A,14:00,GER,ITA,8,11
106,37,WED 6 APR 2022,Round Robin Session 13 - Sheet B,14:00,SUI,USA,4,7
106,38,WED 6 APR 2022,Round Robin Session 13 - Sheet C,14:00,SCO,CZE,6,0
106,39,WED 6 APR 2022,Round Robin Session 13 - Sheet D,14:00,NOR,FIN,5,4
106,40,WED 6 APR 2022,Round Robin Session 12 - Sheet A,9:00,SUI,DEN,7,0
106,41,WED 6 APR 2022,Round Robin Session 12 - Sheet B,9:00,KOR,ITA,10,5
106,42,WED 6 APR 2022,Round Robin Session 12 - Sheet C,9:00,USA,NED,8,3
106,43,WED 6 APR 2022,Round Robin Session 12 - Sheet D,9:00,CAN,SWE,5,7
106,44,TUE 5 APR 2022,Round Robin Session 11 - Sheet B,19:40,FIN,SCO,5,10
106,45,TUE 5 APR 2022,Round Robin Session 11 - Sheet A,19:00,NED,NOR,3,8
106,46,TUE 5 APR 2022,Round Robin Session 11 - Sheet C,19:00,SWE,GER,7,2
106,47,TUE 5 APR 2022,Round Robin Session 11 - Sheet D,19:00,CZE,KOR,4,10
106,48,TUE 5 APR 2022,Round Robin Session 10 - Sheet A,14:00,SCO,USA,9,7
106,49,TUE 5 APR 2022,Round Robin Session 10 - Sheet B,14:00,GER,CAN,7,11
106,50,TUE 5 APR 2022,Round Robin Session 10 - Sheet C,14:00,ITA,DEN,7,3
106,51,TUE 5 APR 2022,Round Robin Session 10 - Sheet D,14:00,NOR,SUI,3,9
106,52,TUE 5 APR 2022,Round Robin Session 9 - Sheet B,9:00,SWE,CZE,8,4
106,53,TUE 5 APR 2022,Round Robin Session 9 - Sheet C,9:00,KOR,FIN,4,11
106,54,TUE 5 APR 2022,Round Robin Session 9 - Sheet D,9:00,ITA,NED,9,11
106,55,MON 4 APR 2022,Round Robin Session 8 - Sheet A,19:00,FIN,SWE,2,7
106,56,MON 4 APR 2022,Round Robin Session 8 - Sheet B,19:00,NOR,USA,8,10
106,57,MON 4 APR 2022,Round Robin Session 8 - Sheet C,19:00,SUI,CZE,9,5
106,58,MON 4 APR 2022,Round Robin Session 8 - Sheet D,19:00,SCO,GER,6,4
106,59,MON 4 APR 2022,Round Robin Session 7 - Sheet A,14:00,DEN,SCO,3,7
106,60,MON 4 APR 2022,Round Robin Session 7 - Sheet B,14:00,NED,SUI,3,6
106,61,MON 4 APR 2022,Round Robin Session 7 - Sheet C,14:00,CAN,ITA,10,4
106,62,MON 4 APR 2022,Round Robin Session 7 - Sheet D,14:00,USA,KOR,7,9
106,63,MON 4 APR 2022,Round Robin Session 6 - Sheet A,9:00,CZE,NOR,7,4
106,64,MON 4 APR 2022,Round Robin Session 6 - Sheet B,9:00,DEN,SWE,4,11
106,65,MON 4 APR 2022,Round Robin Session 6 - Sheet C,9:00,GER,FIN,11,4
106,66,SUN 3 APR 2022,Round Robin Session 5 - Sheet A,19:00,GER,USA,8,3
106,67,SUN 3 APR 2022,Round Robin Session 5 - Sheet B,19:00,ITA,FIN,10,7
106,68,SUN 3 APR 2022,Round Robin Session 5 - Sheet C,19:00,NOR,SCO,7,4
106,69,SUN 3 APR 2022,Round Robin Session 5 - Sheet D,19:00,SUI,CAN,6,10
106,70,SUN 3 APR 2022,Round Robin Session 4 - Sheet A,14:00,KOR,DEN,6,7
106,71,SUN 3 APR 2022,Round Robin Session 4 - Sheet B,14:00,USA,CZE,7,5
106,72,SUN 3 APR 2022,Round Robin Session 4 - Sheet C,14:00,NED,CAN,6,9
106,73,SUN 3 APR 2022,Round Robin Session 4 - Sheet D,14:00,SWE,ITA,8,10
106,74,SUN 3 APR 2022,Round Robin Session 3 - Sheet A,9:00,SUI,SWE,8,7
106,75,SUN 3 APR 2022,Round Robin Session 3 - Sheet B,9:00,SCO,KOR,6,9
106,76,SUN 3 APR 2022,Round Robin Session 3 - Sheet C,9:00,CZE,GER,9,4
106,77,SUN 3 APR 2022,Round Robin Session 3 - Sheet D,9:00,FIN,DEN,10,6
106,78,SAT 2 APR 2022,Round Robin Session 2 - Sheet A,19:00,ITA,SCO,4,5
106,79,SAT 2 APR 2022,Round Robin Session 2 - Sheet B,19:00,CAN,NOR,8,7
106,80,SAT 2 APR 2022,Round Robin Session 2 - Sheet C,19:00,FIN,SUI,6,4
106,81,SAT 2 APR 2022,Round Robin Session 2 - Sheet D,19:00,GER,NED,13,7
106,82,SAT 2 APR 2022,Round Robin Session 1 - Sheet A,14:00,CAN,CZE,6,4
106,83,SAT 2 APR 2022,Round Robin Session 1 - Sheet B,14:00,SWE,NED,7,4
106,84,SAT 2 APR 2022,Round Robin Session 1 - Sheet C,14:00,DEN,USA,2,8
106,85,SAT 2 APR 2022,Round Robin Session 1 - Sheet D,14:00,KOR,NOR,3,7
107,1,SUN 27 MAR 2022,Gold Medal Game,16:00,SUI,KOR,7,6
107,2,SUN 27 MAR 2022,Bronze Medal Game,11:00,CAN,SWE,8,7
107,3,SAT 26 MAR 2022,Semi-final - Sheet A,19:00,SUI,SWE,7,5
107,4,SAT 26 MAR 2022,Semi-final - Sheet C,19:00,CAN,KOR,6,9
107,5,SAT 26 MAR 2022,Qualification Game 3 v 6,13:00,CAN,DEN,9,8
107,6,SAT 26 MAR 2022,Qualification Game 4 v 5,13:00,USA,SWE,6,8
107,7,FRI 25 MAR 2022,Round Robin Session 20 - Sheet A,19:00,GER,SUI,6,7
107,8,FRI 25 MAR 2022,Round Robin Session 20 - Sheet B,19:00,USA,DEN,9,5
107,9,FRI 25 MAR 2022,Round Robin Session 20 - Sheet C,19:00,TUR,KOR,2,10
107,10,FRI 25 MAR 2022,Round Robin Session 20 - Sheet D,19:00,CZE,CAN,6,9
107,13,FRI 25 MAR 2022,Round Robin Session 19 - Sheet C,14:00,ITA,CZE,7,3
107,14,FRI 25 MAR 2022,Round Robin Session 19 - Sheet D,14:00,SWE,NOR,6,3
107,15,FRI 25 MAR 2022,Round Robin Session 18 - Sheet A,9:00,NOR,DEN,4,11
107,16,FRI 25 MAR 2022,Round Robin Session 18 - Sheet B,9:00,SUI,JPN,11,3
107,17,FRI 25 MAR 2022,Round Robin Session 18 - Sheet C,9:00,CAN,GER,8,5
107,19,THU 24 MAR 2022,Round Robin Session 17 - Sheet A,19:00,CZE,TUR,5,7
107,20,THU 24 MAR 2022,Round Robin Session 17 - Sheet B,19:00,CAN,KOR,7,8
107,21,THU 24 MAR 2022,Round Robin Session 17 - Sheet C,19:00,USA,SWE,5,4
107,22,THU 24 MAR 2022,Round Robin Session 17 - Sheet D,19:00,DEN,ITA,7,5
107,24,THU 24 MAR 2022,Round Robin Session 16 - Sheet B,14:00,GER,SWE,5,6
107,25,THU 24 MAR 2022,Round Robin Session 16 - Sheet C,14:00,JPN,NOR,9,5
107,26,THU 24 MAR 2022,Round Robin Session 16 - Sheet D,14:00,KOR,SUI,5,8
107,27,THU 24 MAR 2022,Round Robin Session 15 - Sheet A,9:00,USA,CAN,3,9
107,28,THU 24 MAR 2022,Round Robin Session 15 - Sheet B,9:00,NOR,CZE,7,1
107,29,THU 24 MAR 2022,Round Robin Session 15 - Sheet C,9:00,DEN,SUI,3,7
107,30,THU 24 MAR 2022,Round Robin Session 15 - Sheet D,9:00,TUR,GER,1,8
107,31,WED 23 MAR 2022,Round Robin Session 14 - Sheet A,19:00,SWE,KOR,7,3
107,32,WED 23 MAR 2022,Round Robin Session 14 - Sheet B,19:00,ITA,TUR,9,7
107,34,WED 23 MAR 2022,Round Robin Session 14 - Sheet D,19:00,CZE,JPN,7,3
107,35,WED 23 MAR 2022,Round Robin Session 13 - Sheet A,14:00,JPN,DEN,8,1
107,36,WED 23 MAR 2022,Round Robin Session 13 - Sheet B,14:00,SUI,USA,8,7
107,37,WED 23 MAR 2022,Round Robin Session 13 - Sheet C,14:00,GER,ITA,7,5
107,39,WED 23 MAR 2022,Round Robin Session 12 - Sheet A,9:00,SUI,CZE,10,3
107,40,WED 23 MAR 2022,Round Robin Session 12 - Sheet B,9:00,KOR,DEN,7,8
107,41,WED 23 MAR 2022,Round Robin Session 12 - Sheet C,9:00,USA,TUR,12,5
107,42,WED 23 MAR 2022,Round Robin Session 12 - Sheet D,9:00,CAN,SWE,10,8
107,43,TUE 22 MAR 2022,Round Robin Session 11 - Sheet A,19:00,TUR,NOR,5,10
107,45,TUE 22 MAR 2022,Round Robin Session 11 - Sheet C,19:00,SWE,JPN,8,4
107,46,TUE 22 MAR 2022,Round Robin Session 11 - Sheet D,19:00,ITA,KOR,4,7
107,47,TUE 22 MAR 2022,Round Robin Session 10 - Sheet A,14:00,GER,USA,7,8
107,48,TUE 22 MAR 2022,Round Robin Session 10 - Sheet B,14:00,JPN,CAN,4,10
107,49,TUE 22 MAR 2022,Round Robin Session 10 - Sheet C,14:00,DEN,CZE,8,6
107,50,TUE 22 MAR 2022,Round Robin Session 10 - Sheet D,14:00,NOR,SUI,5,8
107,51,TUE 22 MAR 2022,Round Robin Session 9 - Sheet B,9:00,SWE,ITA,6,2
107,53,TUE 22 MAR 2022,Round Robin Session 9 - Sheet D,9:00,DEN,TUR,11,10
107,55,MON 21 MAR 2022,Round Robin Session 8 - Sheet B,19:00,NOR,USA,4,12
107,56,MON 21 MAR 2022,Round Robin Session 8 - Sheet C,19:00,SUI,ITA,8,6
107,57,MON 21 MAR 2022,Round Robin Session 8 - Sheet D,19:00,GER,JPN,7,5
107,58,MON 21 MAR 2022,Round Robin Session 7 - Sheet A,14:00,CZE,GER,4,6
107,59,MON 21 MAR 2022,Round Robin Session 7 - Sheet B,14:00,TUR,SUI,3,8
107,60,MON 21 MAR 2022,Round Robin Session 7 - Sheet C,14:00,CAN,DEN,8,4
107,61,MON 21 MAR 2022,Round Robin Session 7 - Sheet D,14:00,USA,KOR,4,11
107,62,MON 21 MAR 2022,Round Robin Session 6 - Sheet A,9:00,ITA,NOR,8,4
107,63,MON 21 MAR 2022,Round Robin Session 6 - Sheet B,9:00,CZE,SWE,1,8
107,65,SUN 20 MAR 2022,Round Robin Session 5 - Sheet A,19:00,JPN,USA,7,6
107,67,SUN 20 MAR 2022,Round Robin Session 5 - Sheet C,19:00,NOR,GER,11,6
107,68,SUN 20 MAR 2022,Round Robin Session 5 - Sheet D,19:00,SUI,CAN,11,3
107,69,SUN 20 MAR 2022,Round Robin Session 4 - Sheet A,14:00,KOR,CZE,8,7
107,70,SUN 20 MAR 2022,Round Robin Session 4 - Sheet B,14:00,USA,ITA,7,6
107,71,SUN 20 MAR 2022,Round Robin Session 4 - Sheet C,14:00,TUR,CAN,4,8
107,72,SUN 20 MAR 2022,Round Robin Session 4 - Sheet D,14:00,SWE,DEN,9,4
107,73,SUN 20 MAR 2022,Round Robin Session 3 - Sheet A,9:00,SUI,SWE,8,7
107,74,SUN 20 MAR 2022,Round Robin Session 3 - Sheet B,9:00,GER,KOR,2,7
107,75,SUN 20 MAR 2022,Round Robin Session 3 - Sheet C,9:00,ITA,JPN,2,9
107,76,SUN 20 MAR 2022,Round Robin Session 3 - Sheet D,9:00,SCO,CZE,9,10
107,77,SAT 19 MAR 2022,Round Robin Session 2 - Sheet A,19:00,DEN,GER,11,8
107,78,SAT 19 MAR 2022,Round Robin Session 2 - Sheet B,19:00,CAN,NOR,4,6
107,79,SAT 19 MAR 2022,Round Robin Session 2 - Sheet C,19:00,SCO,SUI,1,12
107,80,SAT 19 MAR 2022,Round Robin Session 2 - Sheet D,19:00,JPN,TUR,7,6
107,81,SAT 19 MAR 2022,Round Robin Session 1 - Sheet A,14:00,CAN,ITA,9,2
107,82,SAT 19 MAR 2022,Round Robin Session 1 - Sheet B,14:00,SWE,TUR,9,6
107,83,SAT 19 MAR 2022,Round Robin Session 1 - Sheet C,14:00,CZE,USA,2,9
107,84,SAT 19 MAR 2022,Round Robin Session 1 - Sheet D,14:00,KOR,NOR,7,6
108,1,SAT 12 MAR 2022,Gold Medal Game,14:35 金牌赛,CHN,SWE,8,3
108,2,FRI 11 MAR 2022,Bronze Medal Game,19:35 铜牌赛,SVK,CAN,3,8
108,3,FRI 11 MAR 2022,Semi-final - Sheet A,14:35 半决赛 - 赛道A,SVK,SWE,4,6
108,4,FRI 11 MAR 2022,Semi-final - Sheet C,14:35 半决赛 - 赛道C,CHN,CAN,9,5
108,5,THU 10 MAR 2022,Round Robin Session 17 - Sheet A,19:35 循环赛第十七轮 - 赛道A,LAT,CHN,2,9
108,6,THU 10 MAR 2022,Round Robin Session 17 - Sheet C,19:35 循环赛第十七轮 - 赛道C,KOR,SWE,10,4
108,7,THU 10 MAR 2022,Round Robin Session 17 - Sheet D,19:35 循环赛第十七轮 - 赛道D,SVK,EST,7,6
108,8,THU 10 MAR 2022,Round Robin Session 16 - Sheet A,14:35 循环赛第十六轮 - 赛道A,SUI,EST,6,8
108,9,THU 10 MAR 2022,Round Robin Session 16 - Sheet B,14:35 循环赛第十六轮 - 赛道B,KOR,USA,6,7
108,10,THU 10 MAR 2022,Round Robin Session 16 - Sheet D,14:35 循环赛第十六轮 - 赛道D,GBR,LAT,8,4
108,11,THU 10 MAR 2022,Round Robin Session 15 - Sheet A,9:35 循环赛第十五轮 - 赛道A,CAN,NOR,7,6
108,12,THU 10 MAR 2022,Round Robin Session 15 - Sheet B,9:35 循环赛第十五轮 - 赛道B,CHN,GBR,6,3
108,13,THU 10 MAR 2022,Round Robin Session 15 - Sheet C,9:35 循环赛第十五轮 - 赛道C,SVK,SUI,8,6
108,14,THU 10 MAR 2022,Round Robin Session 15 - Sheet D,9:35 循环赛第十五轮 - 赛道D,SWE,USA,10,7
108,15,WED 9 MAR 2022,Round Robin Session 14 - Sheet A,19:35 循环赛第十四轮 - 赛道A,KOR,GBR,8,6
108,16,WED 9 MAR 2022,Round Robin Session 14 - Sheet B,19:35 循环赛第十四轮 - 赛道B,EST,CAN,3,9
108,17,WED 9 MAR 2022,Round Robin Session 14 - Sheet C,19:35 循环赛第十四轮 - 赛道C,USA,LAT,8,7
108,18,WED 9 MAR 2022,Round Robin Session 13 - Sheet A,14:35 循环赛第十三轮 - 赛道A,SWE,SVK,5,6
108,19,WED 9 MAR 2022,Round Robin Session 13 - Sheet B,14:35 循环赛第十三轮 - 赛道B,USA,SUI,8,5
108,20,WED 9 MAR 2022,Round Robin Session 13 - Sheet C,14:35 循环赛第十三轮 - 赛道C,NOR,CHN,4,7
108,21,WED 9 MAR 2022,Round Robin Session 13 - Sheet D,14:35 循环赛第十三轮 - 赛道D,CAN,GBR,6,3
108,22,WED 9 MAR 2022,Round Robin Session 12 - Sheet B,9:35 循环赛第十二轮 - 赛道B,NOR,SWE,6,8
108,23,WED 9 MAR 2022,Round Robin Session 12 - Sheet C,9:35 循环赛第十二轮 - 赛道C,EST,KOR,2,5
108,24,WED 9 MAR 2022,Round Robin Session 12 - Sheet D,9:35 循环赛第十二轮 - 赛道D,CHN,SVK,7,5
108,25,TUE 8 MAR 2022,Round Robin Session 11 - Sheet A,19:35 循环赛第十一轮 - 赛道A,GBR,SWE,4,6
108,26,TUE 8 MAR 2022,Round Robin Session 11 - Sheet B,19:35 循环赛第十一轮 - 赛道B,CAN,SVK,8,9
108,27,TUE 8 MAR 2022,Round Robin Session 11 - Sheet C,19:35 循环赛第十一轮 - 赛道C,CHN,USA,10,2
108,28,TUE 8 MAR 2022,Round Robin Session 11 - Sheet D,19:35 循环赛第十一轮 - 赛道D,NOR,SUI,8,5
108,29,TUE 8 MAR 2022,Round Robin Session 10 - Sheet A,14:35 循环赛第十轮 - 赛道A,SVK,KOR,7,2
108,30,TUE 8 MAR 2022,Round Robin Session 10 - Sheet B,14:35 循环赛第十轮 - 赛道B,SWE,EST,6,4
108,31,TUE 8 MAR 2022,Round Robin Session 10 - Sheet C,14:35 循环赛第十轮 - 赛道C,LAT,NOR,6,8
108,32,TUE 8 MAR 2022,Round Robin Session 9 - Sheet B,9:35 循环赛第九轮 - 赛道B,SUI,LAT,7,9
108,33,TUE 8 MAR 2022,Round Robin Session 9 - Sheet C,9:35 循环赛第九轮 - 赛道C,GBR,EST,10,5
108,34,TUE 8 MAR 2022,Round Robin Session 9 - Sheet D,9:35 循环赛第九轮 - 赛道D,KOR,CAN,9,4
108,35,MON 7 MAR 2022,Round Robin Session 8 - Sheet A,19:35 循环赛第八轮 - 赛道A,CHN,SUI,7,4
108,36,MON 7 MAR 2022,Round Robin Session 8 - Sheet B,19:35 循环赛第八轮 - 赛道B,GBR,SVK,3,7
108,37,MON 7 MAR 2022,Round Robin Session 8 - Sheet C,19:35 循环赛第八轮 - 赛道C,SWE,CAN,6,3
108,38,MON 7 MAR 2022,Round Robin Session 8 - Sheet D,19:35 循环赛第八轮 - 赛道D,USA,NOR,6,5
108,39,MON 7 MAR 2022,Round Robin Session 7 - Sheet A,14:35 循环赛第七轮 - 赛道A,NOR,EST,3,8
108,40,MON 7 MAR 2022,Round Robin Session 7 - Sheet B,14:35 循环赛第七轮 - 赛道B,KOR,CHN,4,9
108,41,MON 7 MAR 2022,Round Robin Session 7 - Sheet D,14:35 循环赛第七轮 - 赛道D,LAT,SWE,9,7
108,42,MON 7 MAR 2022,Round Robin Session 6 - Sheet A,9:35 循环赛第六轮 - 赛道A,USA,CAN,4,7
108,43,MON 7 MAR 2022,Round Robin Session 6 - Sheet B,9:35 循环赛第六轮 - 赛道B,LAT,EST,5,6
108,44,MON 7 MAR 2022,Round Robin Session 6 - Sheet C,9:35 循环赛第六轮 - 赛道C,SUI,GBR,1,15
108,45,SUN 6 MAR 2022,Round Robin Session 5 - Sheet A,19:35 循环赛第五轮 - 赛道A,EST,CHN,3,9
108,46,SUN 6 MAR 2022,Round Robin Session 5 - Sheet C,19:35 循环赛第五轮 - 赛道C,KOR,NOR,9,4
108,47,SUN 6 MAR 2022,Round Robin Session 5 - Sheet D,19:35 循环赛第五轮 - 赛道D,SVK,LAT,4,8
108,48,SUN 6 MAR 2022,Round Robin Session 4 - Sheet B,14:35 循环赛第四轮 - 赛道B,SUI,KOR,8,7
108,49,SUN 6 MAR 2022,Round Robin Session 4 - Sheet C,14:35 循环赛第四轮 - 赛道C,CAN,LAT,10,3
108,50,SUN 6 MAR 2022,Round Robin Session 4 - Sheet D,14:35 循环赛第四轮 - 赛道D,EST,USA,6,9
108,51,SUN 6 MAR 2022,Round Robin Session 3 - Sheet B,9:35 循环赛第三轮 - 赛道B,SVK,NOR,3,9
108,52,SUN 6 MAR 2022,Round Robin Session 3 - Sheet C,9:35 循环赛第三轮 - 赛道C,CHN,SWE,1,5
108,53,SAT 5 MAR 2022,Round Robin Session 2 - Sheet A,19:35 循环赛第二轮 - 赛道A,LAT,KOR,8,4
108,54,SAT 5 MAR 2022,Round Robin Session 2 - Sheet B,19:35 循环赛第二轮 - 赛道B,USA,GBR,6,10
108,55,SAT 5 MAR 2022,Round Robin Session 2 - Sheet D,19:35 循环赛第二轮 - 赛道D,CAN,SUI,8,4
108,56,SAT 5 MAR 2022,Round Robin Session 1 - Sheet A,14:35 循环赛第一轮 - 赛道A,SUI,SWE,2,9
108,57,SAT 5 MAR 2022,Round Robin Session 1 - Sheet B,14:35 循环赛第一轮 - 赛道B,CHN,CAN,3,7
108,58,SAT 5 MAR 2022,Round Robin Session 1 - Sheet C,14:35 循环赛第一轮 - 赛道C,SVK,USA,9,3
108,59,SAT 5 MAR 2022,Round Robin Session 1 - Sheet D,14:35 循环赛第一轮 - 赛道D,NOR,GBR,7,5
109,1,SUN 20 FEB 2022,Gold Medal Game,9:05 金牌赛/ Finale,JPN,GBR,3,10
109,2,SAT 19 FEB 2022,Bronze Medal Game,20:05 铜牌赛/ Match médaille de bronze,SWE,SUI,9,7
109,3,FRI 18 FEB 2022,Semi-final - Sheet A,20:05 半决赛 - 赛道A/ Demi-finale - Piste A,SWE,GBR,11,12
109,4,FRI 18 FEB 2022,Semi-final - Sheet C,20:05 半决赛 - 赛道C/ Demi-finale - Piste C,JPN,SUI,8,6
109,5,THU 17 FEB 2022,Round Robin Session 12 - Sheet A,"14:05 循环赛第12轮 - 赛道A/ Tour préliminaire, session 12 - Piste A",JPN,SUI,4,8
109,6,THU 17 FEB 2022,Round Robin Session 12 - Sheet B,"14:05 循环赛第12轮 - 赛道B/ Tour préliminaire, session 12 - Piste B",ROC,GBR,4,9
109,7,THU 17 FEB 2022,Round Robin Session 12 - Sheet C,"14:05 循环赛第12轮 - 赛道C/ Tour préliminaire, session 12 - Piste C",DEN,CAN,4,10
109,8,THU 17 FEB 2022,Round Robin Session 12 - Sheet D,"14:05 循环赛第12轮 - 赛道D/ Tour préliminaire, session 12 - Piste D",KOR,SWE,4,8
109,9,WED 16 FEB 2022,Round Robin Session 11 - Sheet A,"20:05 循环赛第11轮 - 赛道A/ Tour préliminaire, session 11 - Piste A",KOR,DEN,8,7
109,10,WED 16 FEB 2022,Round Robin Session 11 - Sheet B,"20:05 循环赛第11轮 - 赛道B/ Tour préliminaire, session 11 - Piste B",JPN,USA,10,7
109,11,WED 16 FEB 2022,Round Robin Session 11 - Sheet C,"20:05 循环赛第11轮 - 赛道C/ Tour préliminaire, session 11 - Piste C",ROC,SWE,5,8
109,12,WED 16 FEB 2022,Round Robin Session 11 - Sheet D,"20:05 循环赛第11轮 - 赛道D/ Tour préliminaire, session 11 - Piste D",CAN,CHN,9,11
109,13,WED 16 FEB 2022,Round Robin Session 10 - Sheet A,"9:05 循环赛第10轮 - 赛道A/ Tour préliminaire, session 10 - Piste A",CAN,USA,7,6
109,14,WED 16 FEB 2022,Round Robin Session 10 - Sheet B,"9:05 循环赛第10轮 - 赛道B/ Tour préliminaire, session 10 - Piste B",SUI,KOR,8,4
109,15,WED 16 FEB 2022,Round Robin Session 10 - Sheet C,"9:05 循环赛第10轮 - 赛道C/ Tour préliminaire, session 10 - Piste C",CHN,GBR,8,4
109,16,TUE 15 FEB 2022,Round Robin Session 9 - Sheet A,"14:05 循环赛第9轮 - 赛道A/ Tour préliminaire, session 9 - Piste A",CHN,ROC,5,11
109,17,TUE 15 FEB 2022,Round Robin Session 9 - Sheet B,"14:05 循环赛第9轮 - 赛道B/ Tour préliminaire, session 9 - Piste B",SWE,DEN,9,3
109,18,TUE 15 FEB 2022,Round Robin Session 9 - Sheet C,"14:05 循环赛第9轮 - 赛道C/ Tour préliminaire, session 9 - Piste C",USA,SUI,6,9
109,19,TUE 15 FEB 2022,Round Robin Session 9 - Sheet D,"14:05 循环赛第9轮 - 赛道D/ Tour préliminaire, session 9 - Piste D",GBR,JPN,10,4
109,20,MON 14 FEB 2022,Round Robin Session 8 - Sheet A,"20:05 循环赛第8轮 - 赛道A/ Tour préliminaire, session 8 - Piste A",SUI,SWE,5,6
109,21,MON 14 FEB 2022,Round Robin Session 8 - Sheet B,"20:05 循环赛第8轮 - 赛道B/ Tour préliminaire, session 8 - Piste B",GBR,CAN,3,7
109,22,MON 14 FEB 2022,Round Robin Session 8 - Sheet C,"20:05 循环赛第8轮 - 赛道C/ Tour préliminaire, session 8 - Piste C",JPN,KOR,5,10
109,23,MON 14 FEB 2022,Round Robin Session 8 - Sheet D,"20:05 循环赛第8轮 - 赛道D/ Tour préliminaire, session 8 - Piste D",DEN,ROC,10,5
109,24,MON 14 FEB 2022,Round Robin Session 7 - Sheet B,"9:05 循环赛第7轮 - 赛道B/ Tour préliminaire, session 7 - Piste B",CHN,JPN,2,10
109,25,MON 14 FEB 2022,Round Robin Session 7 - Sheet C,"9:05 循环赛第7轮 - 赛道C/ Tour préliminaire, session 7 - Piste C",CAN,ROC,11,5
109,26,MON 14 FEB 2022,Round Robin Session 7 - Sheet D,"9:05 循环赛第7轮 - 赛道D/ Tour préliminaire, session 7 - Piste D",USA,KOR,8,6
109,27,SUN 13 FEB 2022,Round Robin Session 6 - Sheet A,"14:05 循环赛第6轮 - 赛道A/ Tour préliminaire, session 6 - Piste A",DEN,GBR,2,7
109,28,SUN 13 FEB 2022,Round Robin Session 6 - Sheet B,"14:05 循环赛第6轮 - 赛道B/ Tour préliminaire, session 6 - Piste B",USA,SWE,4,10
109,29,SUN 13 FEB 2022,Round Robin Session 6 - Sheet C,"14:05 循环赛第6轮 - 赛道C/ Tour préliminaire, session 6 - Piste C",KOR,CHN,5,6
109,30,SUN 13 FEB 2022,Round Robin Session 6 - Sheet D,"14:05 循环赛第6轮 - 赛道D/ Tour préliminaire, session 6 - Piste D",SUI,CAN,8,4
109,31,SAT 12 FEB 2022,Round Robin Session 5 - Sheet A,"20:05 循环赛第5轮 - 赛道A/ Tour préliminaire, session 5 - Piste A",ROC,JPN,5,10
109,32,SAT 12 FEB 2022,Round Robin Session 5 - Sheet B,"20:05 循环赛第5轮 - 赛道B/ Tour préliminaire, session 5 - Piste B",DEN,SUI,5,8
109,33,SAT 12 FEB 2022,Round Robin Session 5 - Sheet C,"20:05 循环赛第5轮 - 赛道C/ Tour préliminaire, session 5 - Piste C",GBR,USA,10,5
109,34,SAT 12 FEB 2022,Round Robin Session 5 - Sheet D,"20:05 循环赛第5轮 - 赛道D/ Tour préliminaire, session 5 - Piste D",SWE,CHN,6,9
109,35,SAT 12 FEB 2022,Round Robin Session 4 - Sheet A,"9:05 循环赛第4轮 - 赛道A/ Tour préliminaire, session 4 - Piste A",SWE,CAN,7,6
109,36,SAT 12 FEB 2022,Round Robin Session 4 - Sheet B,"9:05 循环赛第4轮 - 赛道B/ Tour préliminaire, session 4 - Piste B",KOR,ROC,9,5
109,37,SAT 12 FEB 2022,Round Robin Session 4 - Sheet D,"9:05 循环赛第4轮 - 赛道D/ Tour préliminaire, session 4 - Piste D",JPN,DEN,8,7
109,38,FRI 11 FEB 2022,Round Robin Session 3 - Sheet A,"14:05 循环赛第3轮 - 赛道A/ Tour préliminaire, session 3 - Piste A",USA,CHN,8,4
109,39,FRI 11 FEB 2022,Round Robin Session 3 - Sheet B,"14:05 循环赛第3轮 - 赛道B/ Tour préliminaire, session 3 - Piste B",CAN,JPN,5,8
109,40,FRI 11 FEB 2022,Round Robin Session 3 - Sheet C,"14:05 循环赛第3轮 - 赛道C/ Tour préliminaire, session 3 - Piste C",SUI,ROC,8,7
109,41,FRI 11 FEB 2022,Round Robin Session 3 - Sheet D,"14:05 循环赛第3轮 - 赛道D/ Tour préliminaire, session 3 - Piste D",KOR,GBR,9,7
109,42,THU 10 FEB 2022,Round Robin Session 2 - Sheet A,"20:05 循环赛第2轮 - 赛道A/ Tour préliminaire, session 2 - Piste A",CAN,KOR,12,7
109,43,THU 10 FEB 2022,Round Robin Session 2 - Sheet B,"20:05 循环赛第2轮 - 赛道B/ Tour préliminaire, session 2 - Piste B",SWE,GBR,2,8
109,44,THU 10 FEB 2022,Round Robin Session 2 - Sheet C,"20:05 循环赛第2轮 - 赛道C/ Tour préliminaire, session 2 - Piste C",USA,DEN,7,5
109,45,THU 10 FEB 2022,Round Robin Session 2 - Sheet D,"20:05 循环赛第2轮 - 赛道D/ Tour préliminaire, session 2 - Piste D",CHN,SUI,5,7
109,46,THU 10 FEB 2022,Round Robin Session 1 - Sheet A,"9:05 循环赛第1轮 - 赛道A/ Tour préliminaire, session 1 - Piste A",GBR,SUI,5,6
109,47,THU 10 FEB 2022,Round Robin Session 1 - Sheet B,"9:05 循环赛第1轮 - 赛道B/ Tour préliminaire, session 1 - Piste B",DEN,CHN,7,6
109,48,THU 10 FEB 2022,Round Robin Session 1 - Sheet C,"9:05 循环赛第1轮 - 赛道C/ Tour préliminaire, session 1 - Piste C",SWE,JPN,8,5
109,49,THU 10 FEB 2022,Round Robin Session 1 - Sheet D,"9:05 循环赛第1轮 - 赛道D/ Tour préliminaire, session 1 - Piste D",ROC,USA,3,9
109,50,SAT 19 FEB 2022,Gold Medal Game,14:50 金牌赛/ Finale,SWE,GBR,5,4
109,51,FRI 18 FEB 2022,Bronze Medal Game,14:05 铜牌赛/ Match médaille de bronze,CAN,USA,8,5
109,52,THU 17 FEB 2022,Semi-final - Sheet A,20:05 半决赛 - 赛道A/ Demi-finale - Piste A,SWE,CAN,5,3
109,53,THU 17 FEB 2022,Semi-final - Sheet C,20:05 半决赛 - 赛道C/ Demi-finale - Piste C,USA,GBR,4,8
109,54,THU 17 FEB 2022,Round Robin Session 12 - Sheet A,"9:05 循环赛第12轮 - 赛道A/ Tour préliminaire, session 12 - Piste A",DEN,USA,5,7
109,55,THU 17 FEB 2022,Round Robin Session 12 - Sheet B,"9:05 循环赛第12轮 - 赛道B/ Tour préliminaire, session 12 - Piste B",SWE,SUI,8,10
109,56,THU 17 FEB 2022,Round Robin Session 12 - Sheet C,"9:05 循环赛第12轮 - 赛道C/ Tour préliminaire, session 12 - Piste C",CAN,GBR,2,5
109,57,THU 17 FEB 2022,Round Robin Session 12 - Sheet D,"9:05 循环赛第12轮 - 赛道D/ Tour préliminaire, session 12 - Piste D",NOR,ITA,9,4
109,58,WED 16 FEB 2022,Round Robin Session 11 - Sheet A,"14:05 循环赛第11轮 - 赛道A/ Tour préliminaire, session 11 - Piste A",CHN,SUI,6,5
109,59,WED 16 FEB 2022,Round Robin Session 11 - Sheet B,"14:05 循环赛第11轮 - 赛道B/ Tour préliminaire, session 11 - Piste B",GBR,ROC,8,6
109,60,WED 16 FEB 2022,Round Robin Session 11 - Sheet C,"14:05 循环赛第11轮 - 赛道C/ Tour préliminaire, session 11 - Piste C",ITA,DEN,10,3
109,61,TUE 15 FEB 2022,Round Robin Session 10 - Sheet A,"20:05 循环赛第10轮 - 赛道A/ Tour préliminaire, session 10 - Piste A",SWE,GBR,6,7
109,62,TUE 15 FEB 2022,Round Robin Session 10 - Sheet B,"20:05 循环赛第10轮 - 赛道B/ Tour préliminaire, session 10 - Piste B",ITA,USA,10,4
109,63,TUE 15 FEB 2022,Round Robin Session 10 - Sheet C,"20:05 循环赛第10轮 - 赛道C/ Tour préliminaire, session 10 - Piste C",NOR,CHN,6,8
109,64,TUE 15 FEB 2022,Round Robin Session 10 - Sheet D,"20:05 循环赛第10轮 - 赛道D/ Tour préliminaire, session 10 - Piste D",ROC,CAN,7,6
109,65,TUE 15 FEB 2022,Round Robin Session 9 - Sheet A,"9:05 循环赛第9轮 - 赛道A/ Tour préliminaire, session 9 - Piste A",ROC,NOR,5,12
109,66,TUE 15 FEB 2022,Round Robin Session 9 - Sheet B,"9:05 循环赛第9轮 - 赛道B/ Tour préliminaire, session 9 - Piste B",CAN,CHN,10,8
109,67,TUE 15 FEB 2022,Round Robin Session 9 - Sheet C,"9:05 循环赛第9轮 - 赛道C/ Tour préliminaire, session 9 - Piste C",SUI,USA,4,7
109,68,TUE 15 FEB 2022,Round Robin Session 9 - Sheet D,"9:05 循环赛第9轮 - 赛道D/ Tour préliminaire, session 9 - Piste D",SWE,DEN,8,3
109,69,MON 14 FEB 2022,Round Robin Session 8 - Sheet A,"14:05 循环赛第8轮 - 赛道A/ Tour préliminaire, session 8 - Piste A",CAN,ITA,7,3
109,70,MON 14 FEB 2022,Round Robin Session 8 - Sheet B,"14:05 循环赛第8轮 - 赛道B/ Tour préliminaire, session 8 - Piste B",DEN,NOR,6,5
109,71,MON 14 FEB 2022,Round Robin Session 8 - Sheet C,"14:05 循环赛第8轮 - 赛道C/ Tour préliminaire, session 8 - Piste C",ROC,SWE,5,7
109,72,MON 14 FEB 2022,Round Robin Session 8 - Sheet D,"14:05 循环赛第8轮 - 赛道D/ Tour préliminaire, session 8 - Piste D",SUI,GBR,5,6
109,73,SUN 13 FEB 2022,Round Robin Session 7 - Sheet A,"20:05 循环赛第7轮 - 赛道A/ Tour préliminaire, session 7 - Piste A",GBR,DEN,8,2
109,74,SUN 13 FEB 2022,Round Robin Session 7 - Sheet B,"20:05 循环赛第7轮 - 赛道B/ Tour préliminaire, session 7 - Piste B",SUI,ITA,4,8
109,75,SUN 13 FEB 2022,Round Robin Session 7 - Sheet D,"20:05 循环赛第7轮 - 赛道D/ Tour préliminaire, session 7 - Piste D",CHN,USA,6,8
109,76,SUN 13 FEB 2022,Round Robin Session 6 - Sheet A,"9:05 循环赛第6轮 - 赛道A/ Tour préliminaire, session 6 - Piste A",NOR,SWE,4,6
109,77,SUN 13 FEB 2022,Round Robin Session 6 - Sheet B,"9:05 循环赛第6轮 - 赛道B/ Tour préliminaire, session 6 - Piste B",CHN,GBR,6,7
109,78,SUN 13 FEB 2022,Round Robin Session 6 - Sheet C,"9:05 循环赛第6轮 - 赛道C/ Tour préliminaire, session 6 - Piste C",USA,CAN,5,10
109,79,SUN 13 FEB 2022,Round Robin Session 6 - Sheet D,"9:05 循环赛第6轮 - 赛道D/ Tour préliminaire, session 6 - Piste D",ITA,ROC,7,10
109,80,SAT 12 FEB 2022,Round Robin Session 5 - Sheet A,"14:05 循环赛第5轮 - 赛道A/ Tour préliminaire, session 5 - Piste A",ITA,CHN,9,12
109,81,SAT 12 FEB 2022,Round Robin Session 5 - Sheet B,"14:05 循环赛第5轮 - 赛道B/ Tour préliminaire, session 5 - Piste B",CAN,SWE,4,7
109,82,SAT 12 FEB 2022,Round Robin Session 5 - Sheet C,"14:05 循环赛第5轮 - 赛道C/ Tour préliminaire, session 5 - Piste C",DEN,SUI,6,8
109,83,SAT 12 FEB 2022,Round Robin Session 5 - Sheet D,"14:05 循环赛第5轮 - 赛道D/ Tour préliminaire, session 5 - Piste D",USA,NOR,6,7
109,84,FRI 11 FEB 2022,Round Robin Session 4 - Sheet B,"20:05 循环赛第4轮 - 赛道B/ Tour préliminaire, session 4 - Piste B",ROC,DEN,10,2
109,85,FRI 11 FEB 2022,Round Robin Session 4 - Sheet C,"20:05 循环赛第4轮 - 赛道C/ Tour préliminaire, session 4 - Piste C",GBR,NOR,8,3
109,86,FRI 11 FEB 2022,Round Robin Session 4 - Sheet D,"20:05 循环赛第4轮 - 赛道D/ Tour préliminaire, session 4 - Piste D",CAN,SUI,3,5
109,87,FRI 11 FEB 2022,Round Robin Session 3 - Sheet A,"9:05 循环赛第3轮 - 赛道A/ Tour préliminaire, session 3 - Piste A",SUI,ROC,6,3
109,88,FRI 11 FEB 2022,Round Robin Session 3 - Sheet B,"9:05 循环赛第3轮 - 赛道B/ Tour préliminaire, session 3 - Piste B",GBR,USA,7,9
109,89,FRI 11 FEB 2022,Round Robin Session 3 - Sheet C,"9:05 循环赛第3轮 - 赛道C/ Tour préliminaire, session 3 - Piste C",SWE,ITA,9,3
109,90,FRI 11 FEB 2022,Round Robin Session 3 - Sheet D,"9:05 循环赛第3轮 - 赛道D/ Tour préliminaire, session 3 - Piste D",DEN,CHN,4,5
109,91,THU 10 FEB 2022,Round Robin Session 2 - Sheet A,"14:05 循环赛第2轮 - 赛道A/ Tour préliminaire, session 2 - Piste A",USA,SWE,4,7
109,92,THU 10 FEB 2022,Round Robin Session 2 - Sheet B,"14:05 循环赛第2轮 - 赛道B/ Tour préliminaire, session 2 - Piste B",NOR,CAN,5,6
109,93,THU 10 FEB 2022,Round Robin Session 2 - Sheet C,"14:05 循环赛第2轮 - 赛道C/ Tour préliminaire, session 2 - Piste C",CHN,ROC,4,7
109,94,THU 10 FEB 2022,Round Robin Session 2 - Sheet D,"14:05 循环赛第2轮 - 赛道D/ Tour préliminaire, session 2 - Piste D",GBR,ITA,7,5
109,95,WED 9 FEB 2022,Round Robin Session 1 - Sheet A,"20:05 循环赛第1轮 - 赛道A/ Tour préliminaire, session 1 - Piste A",DEN,CAN,5,10
109,96,WED 9 FEB 2022,Round Robin Session 1 - Sheet B,"20:05 循环赛第1轮 - 赛道B/ Tour préliminaire, session 1 - Piste B",USA,ROC,6,5
109,97,WED 9 FEB 2022,Round Robin Session 1 - Sheet C,"20:05 循环赛第1轮 - 赛道C/ Tour préliminaire, session 1 - Piste C",NOR,SUI,7,4
109,98,WED 9 FEB 2022,Round Robin Session 1 - Sheet D,"20:05 循环赛第1轮 - 赛道D/ Tour préliminaire, session 1 - Piste D",CHN,SWE,4,6
109,99,TUE 8 FEB 2022,Gold Medal Game,20:05 金牌赛/ Finale,ITA,NOR,8,5
109,100,TUE 8 FEB 2022,Bronze Medal Game,14:05 铜牌赛/ Match médaille de bronze,SWE,GBR,9,3
109,101,MON 7 FEB 2022,Semi-final - Sheet A,20:05 半决赛 - 赛道A/ Demi-finale - Piste A,NOR,GBR,6,5
109,102,MON 7 FEB 2022,Semi-final - Sheet C,20:05 半决赛 - 赛道C/ Demi-finale - Piste C,ITA,SWE,8,1
109,103,MON 7 FEB 2022,Round Robin Session 13 - Sheet A,"9:05 循环赛第13轮 - 赛道A/ Tour préliminaire, session 13 - Piste A",SUI,NOR,5,6
109,104,MON 7 FEB 2022,Round Robin Session 13 - Sheet B,"9:05 循环赛第13轮 - 赛道B/ Tour préliminaire, session 13 - Piste B",CAN,ITA,7,8
109,105,MON 7 FEB 2022,Round Robin Session 13 - Sheet C,"9:05 循环赛第13轮 - 赛道C/ Tour préliminaire, session 13 - Piste C",USA,GBR,4,8
109,106,MON 7 FEB 2022,Round Robin Session 13 - Sheet D,"9:05 循环赛第13轮 - 赛道D/ Tour préliminaire, session 13 - Piste D",CZE,CHN,8,6
109,107,SUN 6 FEB 2022,Round Robin Session 12 - Sheet A,"20:05 循环赛第12轮 - 赛道A/ Tour préliminaire, session 12 - Piste A",CAN,AUS,8,10
109,108,SUN 6 FEB 2022,Round Robin Session 12 - Sheet B,"20:05 循环赛第12轮 - 赛道B/ Tour préliminaire, session 12 - Piste B",ITA,SWE,12,8
109,109,SUN 6 FEB 2022,Round Robin Session 12 - Sheet C,"20:05 循环赛第12轮 - 赛道C/ Tour préliminaire, session 12 - Piste C",SUI,USA,6,5
109,110,SUN 6 FEB 2022,Round Robin Session 12 - Sheet D,"20:05 循环赛第12轮 - 赛道D/ Tour préliminaire, session 12 - Piste D",NOR,GBR,6,2
109,111,SUN 6 FEB 2022,Round Robin Session 11 - Sheet A,"14:05 循环赛第11轮 - 赛道A/ Tour préliminaire, session 11 - Piste A",NOR,SWE,6,2
109,112,SUN 6 FEB 2022,Round Robin Session 11 - Sheet B,"14:05 循环赛第11轮 - 赛道B/ Tour préliminaire, session 11 - Piste B",AUS,SUI,9,6
109,113,SUN 6 FEB 2022,Round Robin Session 11 - Sheet C,"14:05 循环赛第11轮 - 赛道C/ Tour préliminaire, session 11 - Piste C",ITA,CHN,8,4
109,114,SUN 6 FEB 2022,Round Robin Session 11 - Sheet D,"14:05 循环赛第11轮 - 赛道D/ Tour préliminaire, session 11 - Piste D",CAN,CZE,7,5
109,115,SUN 6 FEB 2022,Round Robin Session 10 - Sheet A,"9:05 循环赛第10轮 - 赛道A/ Tour préliminaire, session 10 - Piste A",USA,CZE,8,10
109,116,SUN 6 FEB 2022,Round Robin Session 10 - Sheet B,"9:05 循环赛第10轮 - 赛道B/ Tour préliminaire, session 10 - Piste B",GBR,CHN,6,5
109,117,SAT 5 FEB 2022,Round Robin Session 9 - Sheet A,"20:05 循环赛第9轮 - 赛道A/ Tour préliminaire, session 9 - Piste A",GBR,ITA,5,7
109,118,SAT 5 FEB 2022,Round Robin Session 9 - Sheet B,"20:05 循环赛第9轮 - 赛道B/ Tour préliminaire, session 9 - Piste B",NOR,CHN,9,6
109,119,SAT 5 FEB 2022,Round Robin Session 9 - Sheet C,"20:05 循环赛第9轮 - 赛道C/ Tour préliminaire, session 9 - Piste C",CZE,SUI,3,11
109,120,SAT 5 FEB 2022,Round Robin Session 9 - Sheet D,"20:05 循环赛第9轮 - 赛道D/ Tour préliminaire, session 9 - Piste D",USA,CAN,2,7
109,121,SAT 5 FEB 2022,Round Robin Session 8 - Sheet A,"14:05 循环赛第8轮 - 赛道A/ Tour préliminaire, session 8 - Piste A",CHN,USA,5,7
109,122,SAT 5 FEB 2022,Round Robin Session 8 - Sheet B,"14:05 循环赛第8轮 - 赛道B/ Tour préliminaire, session 8 - Piste B",CZE,GBR,3,8
109,123,SAT 5 FEB 2022,Round Robin Session 8 - Sheet C,"14:05 循环赛第8轮 - 赛道C/ Tour préliminaire, session 8 - Piste C",SWE,CAN,6,2
109,124,SAT 5 FEB 2022,Round Robin Session 8 - Sheet D,"14:05 循环赛第8轮 - 赛道D/ Tour préliminaire, session 8 - Piste D",AUS,ITA,3,7
109,125,SAT 5 FEB 2022,Round Robin Session 7 - Sheet C,"9:05 循环赛第7轮 - 赛道C/ Tour préliminaire, session 7 - Piste C",AUS,NOR,4,10
109,126,SAT 5 FEB 2022,Round Robin Session 7 - Sheet D,"9:05 循环赛第7轮 - 赛道D/ Tour préliminaire, session 7 - Piste D",SUI,SWE,1,6
109,127,FRI 4 FEB 2022,Round Robin Session 6 - Sheet A,"13:35 循环赛第6轮 - 赛道A/ Tour préliminaire, session 6 - Piste A",CZE,ITA,2,10
109,128,FRI 4 FEB 2022,Round Robin Session 6 - Sheet B,"13:35 循环赛第6轮 - 赛道B/ Tour préliminaire, session 6 - Piste B",CHN,CAN,6,8
109,129,FRI 4 FEB 2022,Round Robin Session 6 - Sheet C,"13:35 循环赛第6轮 - 赛道C/ Tour préliminaire, session 6 - Piste C",GBR,AUS,9,8
109,130,FRI 4 FEB 2022,Round Robin Session 6 - Sheet D,"13:35 循环赛第6轮 - 赛道D/ Tour préliminaire, session 6 - Piste D",SWE,USA,7,8
109,131,FRI 4 FEB 2022,Round Robin Session 5 - Sheet B,"8:35 循环赛第5轮 - 赛道B/ Tour préliminaire, session 5 - Piste B",SWE,AUS,7,6
109,132,FRI 4 FEB 2022,Round Robin Session 5 - Sheet C,"8:35 循环赛第5轮 - 赛道C/ Tour préliminaire, session 5 - Piste C",CAN,SUI,7,5
109,133,FRI 4 FEB 2022,Round Robin Session 5 - Sheet D,"8:35 循环赛第5轮 - 赛道D/ Tour préliminaire, session 5 - Piste D",ITA,NOR,11,8
109,134,THU 3 FEB 2022,Round Robin Session 4 - Sheet A,"20:05 循环赛第4轮 - 赛道A/ Tour préliminaire, session 4 - Piste A",NOR,CAN,6,7
109,135,THU 3 FEB 2022,Round Robin Session 4 - Sheet B,"20:05 循环赛第4轮 - 赛道B/ Tour préliminaire, session 4 - Piste B",SUI,GBR,8,7
109,136,THU 3 FEB 2022,Round Robin Session 4 - Sheet C,"20:05 循环赛第4轮 - 赛道C/ Tour préliminaire, session 4 - Piste C",CHN,SWE,6,7
109,137,THU 3 FEB 2022,Round Robin Session 4 - Sheet D,"20:05 循环赛第4轮 - 赛道D/ Tour préliminaire, session 4 - Piste D",CZE,AUS,8,2
109,138,THU 3 FEB 2022,Round Robin Session 3 - Sheet A,"14:05 循环赛第3轮 - 赛道A/ Tour préliminaire, session 3 - Piste A",ITA,SUI,8,7
109,139,THU 3 FEB 2022,Round Robin Session 3 - Sheet B,"14:05 循环赛第3轮 - 赛道B/ Tour préliminaire, session 3 - Piste B",USA,NOR,6,11
109,140,THU 3 FEB 2022,Round Robin Session 2 - Sheet A,"9:05 循环赛第2轮 - 赛道A/ Tour préliminaire, session 2 - Piste A",AUS,CHN,5,6
109,141,THU 3 FEB 2022,Round Robin Session 2 - Sheet B,"9:05 循环赛第2轮 - 赛道B/ Tour préliminaire, session 2 - Piste B",SWE,CZE,7,4
109,142,THU 3 FEB 2022,Round Robin Session 2 - Sheet C,"9:05 循环赛第2轮 - 赛道C/ Tour préliminaire, session 2 - Piste C",USA,ITA,4,8
109,143,THU 3 FEB 2022,Round Robin Session 2 - Sheet D,"9:05 循环赛第2轮 - 赛道D/ Tour préliminaire, session 2 - Piste D",GBR,CAN,6,4
109,144,WED 2 FEB 2022,Round Robin Session 1 - Sheet A,"20:05 循环赛第1轮 - 赛道A/ Tour préliminaire, session 1 - Piste A",SWE,GBR,5,9
109,145,WED 2 FEB 2022,Round Robin Session 1 - Sheet B,"20:05 循环赛第1轮 - 赛道B/ Tour préliminaire, session 1 - Piste B",AUS,USA,5,6
109,146,WED 2 FEB 2022,Round Robin Session 1 - Sheet C,"20:05 循环赛第1轮 - 赛道C/ Tour préliminaire, session 1 - Piste C",NOR,CZE,6,7
109,147,WED 2 FEB 2022,Round Robin Session 1 - Sheet D,"20:05 循环赛第1轮 - 赛道D/ Tour préliminaire, session 1 - Piste D",CHN,SUI,7,6
112,1,THU 9 DEC 2021,Play-off Game (B1 v A2/B3),18:00,USA,RUS,6,4
112,2,THU 9 DEC 2021,Play-off Game (A1 v B2/A3),15:00,AUS,KOR,6,5
112,3,THU 9 DEC 2021,Play-off Game (A2 v B3),9:00,FIN,RUS,5,10
112,4,THU 9 DEC 2021,Play-off Game (B2 v A3),9:00,KOR,HUN,7,5
112,5,WED 8 DEC 2021,Round Robin Session 14,19:00 Group A - Sheet A,TUR,RUS,5,8
112,6,WED 8 DEC 2021,Round Robin Session 13,14:30 Group B - Sheet A,USA,KOR,9,3
112,7,WED 8 DEC 2021,Round Robin Session 13,14:30 Group B - Sheet C,FIN,JPN,9,8
112,8,WED 8 DEC 2021,Round Robin Session 12,10:00 Group A - Sheet B,GER,RUS,6,8
112,9,TUE 7 DEC 2021,Round Robin Session 11,19:30 Group B - Sheet C,USA,NZL,9,3
112,10,TUE 7 DEC 2021,Round Robin Session 10,16:00 Group A - Sheet C,RUS,AUS,6,8
112,11,TUE 7 DEC 2021,Round Robin Session 9,12:30 Group B - Sheet A,LAT,USA,3,10
112,12,TUE 7 DEC 2021,Round Robin Session 9,12:30 Group B - Sheet B,JPN,NZL,9,5
112,13,MON 6 DEC 2021,Round Robin Session 7,19:00 Group B - Sheet A,EST,JPN,8,2
112,14,MON 6 DEC 2021,Round Robin Session 7,19:00 Group B - Sheet B,FIN,USA,5,7
112,15,MON 6 DEC 2021,Round Robin Session 6,14:30 Group A - Sheet C,DEN,RUS,11,5
112,16,MON 6 DEC 2021,Round Robin Session 5,10:00 Group B - Sheet C,JPN,KOR,4,7
112,17,SUN 5 DEC 2021,Round Robin Session 3,16:00 Group B - Sheet A,JPN,LAT,8,2
112,18,SUN 5 DEC 2021,Round Robin Session 3,16:00 Group B - Sheet C,EST,USA,6,11
112,19,SUN 5 DEC 2021,Round Robin Session 2,12:30 Group A - Sheet A,RUS,ESP,9,2
112,20,SUN 5 DEC 2021,Round Robin Session 1,9:00 Group B - Sheet B,USA,JPN,8,6
113,1,SAT 18 DEC 2021,Play-off Game (2/3 v 4),15:00,DEN,CZE,8,5
113,2,FRI 17 DEC 2021,Play-off Game (2 v 3),15:00,CZE,ITA,5,6
113,3,THU 16 DEC 2021,Round Robin Session 9 - Sheet A,19:00,KOR,NED,3,8
113,4,THU 16 DEC 2021,Round Robin Session 9 - Sheet B,19:00,JPN,FIN,2,8
113,5,THU 16 DEC 2021,Round Robin Session 8 - Sheet B,9:00,NOR,NED,8,5
113,6,THU 16 DEC 2021,Round Robin Session 8 - Sheet D,9:00,ITA,JPN,9,4
113,7,WED 15 DEC 2021,Round Robin Session 7 - Sheet C,14:00,JPN,NED,11,5
113,8,TUE 14 DEC 2021,Round Robin Session 6 - Sheet A,19:00,CZE,JPN,11,6
113,9,TUE 14 DEC 2021,Round Robin Session 6 - Sheet D,19:00,NED,FIN,5,7
113,10,TUE 14 DEC 2021,Round Robin Session 5 - Sheet A,9:00,NED,ITA,6,7
113,11,MON 13 DEC 2021,Round Robin Session 4 - Sheet B,14:00,NED,CZE,7,4
113,12,MON 13 DEC 2021,Round Robin Session 4 - Sheet D,14:00,JPN,KOR,6,5
113,13,SUN 12 DEC 2021,Round Robin Session 3 - Sheet C,19:00,NOR,JPN,6,4
113,14,SUN 12 DEC 2021,Round Robin Session 3 - Sheet D,19:00,GER,NED,5,6
113,15,SUN 12 DEC 2021,Round Robin Session 2 - Sheet A,9:00,JPN,DEN,3,11
113,16,SAT 11 DEC 2021,Round Robin Session 1 - Sheet B,14:00,GER,JPN,5,6
113,17,SAT 11 DEC 2021,Round Robin Session 1 - Sheet C,14:00,NED,DEN,4,5
114,1,SAT 18 DEC 2021,Play-off Game (2/3 v 4),10:00,LAT,KOR,5,8
114,2,FRI 17 DEC 2021,Play-off Game (2 v 3),10:00,JPN,KOR,8,5
114,3,THU 16 DEC 2021,Round Robin Session 9 - Sheet C,14:00,TUR,JPN,8,5
114,4,WED 15 DEC 2021,Round Robin Session 8 - Sheet D,19:00,JPN,EST,9,2
114,5,WED 15 DEC 2021,Round Robin Session 7 - Sheet B,9:00,KOR,JPN,4,8
114,6,TUE 14 DEC 2021,Round Robin Session 6 - Sheet C,14:00,JPN,LAT,9,1
114,7,MON 13 DEC 2021,Round Robin Session 5 - Sheet A,19:00,SCO,JPN,8,5
114,8,MON 13 DEC 2021,Round Robin Session 4 - Sheet B,9:00,SCO,KOR,4,8
114,9,SUN 12 DEC 2021,Round Robin Session 3 - Sheet B,14:00,JPN,CZE,6,2
114,10,SAT 11 DEC 2021,Round Robin Session 2 - Sheet D,19:00,GER,JPN,6,7
114,11,SAT 11 DEC 2021,Round Robin Session 1 - Sheet A,9:00,JPN,ITA,11,6
115,1,SAT 27 NOV 2021,Gold Medal Game,17:00,SWE,SCO,5,8
115,2,SAT 27 NOV 2021,Bronze Medal Game,9:00,ITA,NOR,10,4
115,3,FRI 26 NOV 2021,Semi-final 1 v 4,13:30,NOR,SCO,3,9
115,4,FRI 26 NOV 2021,Semi-final 2 v 3,9:00,ITA,SWE,3,6
115,5,THU 25 NOV 2021,Round Robin Session 9 - Sheet A,12:00,CZE,SWE,2,8
115,6,THU 25 NOV 2021,Round Robin Session 9 - Sheet B,12:00,NED,DEN,5,9
115,7,THU 25 NOV 2021,Round Robin Session 9 - Sheet C,12:00,NOR,SCO,3,8
115,8,THU 25 NOV 2021,Round Robin Session 9 - Sheet D,12:00,SUI,GER,7,6
115,9,THU 25 NOV 2021,Round Robin Session 9 - Sheet E,12:00,ITA,FIN,8,3
115,10,WED 24 NOV 2021,Round Robin Session 8 - Sheet A,19:00,GER,ITA,5,11
115,11,WED 24 NOV 2021,Round Robin Session 8 - Sheet B,19:00,CZE,SCO,5,10
115,12,WED 24 NOV 2021,Round Robin Session 8 - Sheet C,19:00,NED,SWE,7,8
115,13,WED 24 NOV 2021,Round Robin Session 8 - Sheet D,19:00,FIN,NOR,4,9
115,14,WED 24 NOV 2021,Round Robin Session 8 - Sheet E,19:00,DEN,SUI,2,12
115,15,WED 24 NOV 2021,Round Robin Session 7 - Sheet A,9:00,NOR,NED,5,2
115,16,WED 24 NOV 2021,Round Robin Session 7 - Sheet B,9:00,SWE,ITA,2,7
115,17,WED 24 NOV 2021,Round Robin Session 7 - Sheet C,9:00,DEN,GER,6,8
115,18,WED 24 NOV 2021,Round Robin Session 7 - Sheet D,9:00,SCO,SUI,7,1
115,19,WED 24 NOV 2021,Round Robin Session 7 - Sheet E,9:00,FIN,CZE,8,10
115,20,TUE 23 NOV 2021,Round Robin Session 6 - Sheet A,14:00,SCO,DEN,9,8
115,21,TUE 23 NOV 2021,Round Robin Session 6 - Sheet B,14:00,SUI,FIN,6,5
115,22,TUE 23 NOV 2021,Round Robin Session 6 - Sheet C,14:00,CZE,NOR,10,6
115,23,TUE 23 NOV 2021,Round Robin Session 6 - Sheet D,14:00,NED,ITA,4,10
115,24,TUE 23 NOV 2021,Round Robin Session 6 - Sheet E,14:00,SWE,GER,9,6
115,25,MON 22 NOV 2021,Round Robin Session 5 - Sheet A,20:00,ITA,SUI,4,5
115,26,MON 22 NOV 2021,Round Robin Session 5 - Sheet B,20:00,SCO,GER,10,5
115,27,MON 22 NOV 2021,Round Robin Session 5 - Sheet C,20:00,FIN,NED,6,7
115,28,MON 22 NOV 2021,Round Robin Session 5 - Sheet D,20:00,NOR,SWE,4,6
115,29,MON 22 NOV 2021,Round Robin Session 5 - Sheet E,20:00,CZE,DEN,4,5
115,30,MON 22 NOV 2021,Round Robin Session 4 - Sheet A,12:00,NED,SCO,2,9
115,31,MON 22 NOV 2021,Round Robin Session 4 - Sheet B,12:00,ITA,CZE,7,5
115,32,MON 22 NOV 2021,Round Robin Session 4 - Sheet C,12:00,SWE,SUI,7,2
115,33,MON 22 NOV 2021,Round Robin Session 4 - Sheet D,12:00,DEN,FIN,9,3
115,34,MON 22 NOV 2021,Round Robin Session 4 - Sheet E,12:00,GER,NOR,4,7
115,35,SUN 21 NOV 2021,Round Robin Session 3 - Sheet A,19:00,DEN,NOR,6,5
115,36,SUN 21 NOV 2021,Round Robin Session 3 - Sheet B,19:00,FIN,SWE,1,7
115,37,SUN 21 NOV 2021,Round Robin Session 3 - Sheet C,19:00,GER,CZE,9,8
115,38,SUN 21 NOV 2021,Round Robin Session 3 - Sheet D,19:00,ITA,SCO,2,7
115,39,SUN 21 NOV 2021,Round Robin Session 3 - Sheet E,19:00,SUI,NED,8,3
115,40,SUN 21 NOV 2021,Round Robin Session 2 - Sheet A,9:00,SUI,CZE,4,6
115,41,SUN 21 NOV 2021,Round Robin Session 2 - Sheet B,9:00,GER,NED,5,3
115,42,SUN 21 NOV 2021,Round Robin Session 2 - Sheet C,9:00,SCO,FIN,6,2
115,43,SUN 21 NOV 2021,Round Robin Session 2 - Sheet D,9:00,SWE,DEN,9,5
115,44,SUN 21 NOV 2021,Round Robin Session 2 - Sheet E,9:00,NOR,ITA,9,6
115,45,SAT 20 NOV 2021,Round Robin Session 1 - Sheet A,14:00,FIN,GER,8,3
115,46,SAT 20 NOV 2021,Round Robin Session 1 - Sheet B,14:00,NOR,SUI,7,6
115,47,SAT 20 NOV 2021,Round Robin Session 1 - Sheet C,14:00,ITA,DEN,9,1
115,48,SAT 20 NOV 2021,Round Robin Session 1 - Sheet D,14:00,CZE,NED,7,5
115,49,SAT 20 NOV 2021,Round Robin Session 1 - Sheet E,14:00,SCO,SWE,6,2
116,1,SAT 27 NOV 2021,Gold Medal Game,12:30,SCO,SWE,7,4
116,2,FRI 26 NOV 2021,Bronze Medal Game,18:00,RUS,GER,6,9
116,3,THU 25 NOV 2021,Semi-final 1 v 4,20:00,SCO,GER,7,4
116,4,THU 25 NOV 2021,Semi-final 2 v 3,16:00,RUS,SWE,4,5
116,5,THU 25 NOV 2021,Round Robin Session 9 - Sheet A,8:00,SCO,TUR,9,4
116,6,THU 25 NOV 2021,Round Robin Session 9 - Sheet B,8:00,RUS,EST,11,2
116,7,THU 25 NOV 2021,Round Robin Session 9 - Sheet C,8:00,ITA,SUI,1,10
116,8,THU 25 NOV 2021,Round Robin Session 9 - Sheet D,8:00,DEN,SWE,3,7
116,9,THU 25 NOV 2021,Round Robin Session 9 - Sheet E,8:00,GER,CZE,11,4
116,10,WED 24 NOV 2021,Round Robin Session 8 - Sheet A,14:00,SWE,GER,7,6
116,11,WED 24 NOV 2021,Round Robin Session 8 - Sheet B,14:00,SCO,SUI,7,2
116,12,WED 24 NOV 2021,Round Robin Session 8 - Sheet C,14:00,RUS,TUR,10,1
116,13,WED 24 NOV 2021,Round Robin Session 8 - Sheet D,14:00,CZE,ITA,4,11
116,14,WED 24 NOV 2021,Round Robin Session 8 - Sheet E,14:00,EST,DEN,6,8
116,15,TUE 23 NOV 2021,Round Robin Session 7 - Sheet A,19:00,ITA,RUS,5,7
116,16,TUE 23 NOV 2021,Round Robin Session 7 - Sheet B,19:00,TUR,GER,6,9
116,17,TUE 23 NOV 2021,Round Robin Session 7 - Sheet C,19:00,EST,SWE,4,7
116,18,TUE 23 NOV 2021,Round Robin Session 7 - Sheet D,19:00,SUI,DEN,8,3
116,19,TUE 23 NOV 2021,Round Robin Session 7 - Sheet E,19:00,CZE,SCO,1,9
116,20,TUE 23 NOV 2021,Round Robin Session 6 - Sheet A,9:00,SUI,EST,10,4
116,21,TUE 23 NOV 2021,Round Robin Session 6 - Sheet B,9:00,DEN,CZE,7,4
116,22,TUE 23 NOV 2021,Round Robin Session 6 - Sheet C,9:00,SCO,ITA,7,8
116,23,TUE 23 NOV 2021,Round Robin Session 6 - Sheet D,9:00,RUS,GER,7,4
116,24,TUE 23 NOV 2021,Round Robin Session 6 - Sheet E,9:00,TUR,SWE,4,6
116,25,MON 22 NOV 2021,Round Robin Session 5 - Sheet A,16:00,GER,DEN,10,5
116,26,MON 22 NOV 2021,Round Robin Session 5 - Sheet B,16:00,SUI,SWE,3,8
116,27,MON 22 NOV 2021,Round Robin Session 5 - Sheet C,16:00,CZE,RUS,2,9
116,28,MON 22 NOV 2021,Round Robin Session 5 - Sheet D,16:00,ITA,TUR,6,9
116,29,MON 22 NOV 2021,Round Robin Session 5 - Sheet E,16:00,SCO,EST,10,3
116,30,MON 22 NOV 2021,Round Robin Session 4 - Sheet A,8:00,RUS,SUI,6,10
116,31,MON 22 NOV 2021,Round Robin Session 4 - Sheet B,8:00,GER,SCO,5,9
116,32,MON 22 NOV 2021,Round Robin Session 4 - Sheet C,8:00,TUR,DEN,7,6
116,33,MON 22 NOV 2021,Round Robin Session 4 - Sheet D,8:00,EST,CZE,5,7
116,34,MON 22 NOV 2021,Round Robin Session 4 - Sheet E,8:00,SWE,ITA,5,3
116,35,SUN 21 NOV 2021,Round Robin Session 3 - Sheet D,15:00,GER,SUI,6,5
116,36,SUN 21 NOV 2021,Round Robin Session 3 - Sheet A,14:00,EST,ITA,5,9
116,37,SUN 21 NOV 2021,Round Robin Session 3 - Sheet B,14:00,CZE,TUR,7,5
116,38,SUN 21 NOV 2021,Round Robin Session 3 - Sheet C,14:00,SWE,SCO,5,8
116,39,SUN 21 NOV 2021,Round Robin Session 3 - Sheet E,14:00,DEN,RUS,3,7
116,40,SAT 20 NOV 2021,Round Robin Session 2 - Sheet A,19:00,DEN,SCO,2,8
116,41,SAT 20 NOV 2021,Round Robin Session 2 - Sheet B,19:00,SWE,RUS,5,6
116,42,SAT 20 NOV 2021,Round Robin Session 2 - Sheet C,19:00,SUI,CZE,8,3
116,43,SAT 20 NOV 2021,Round Robin Session 2 - Sheet D,19:00,TUR,EST,8,5
116,44,SAT 20 NOV 2021,Round Robin Session 2 - Sheet E,19:00,ITA,GER,4,6
116,45,SAT 20 NOV 2021,Round Robin Session 1 - Sheet A,9:00,CZE,SWE,3,5
116,46,SAT 20 NOV 2021,Round Robin Session 1 - Sheet B,9:00,ITA,DEN,8,5
116,47,SAT 20 NOV 2021,Round Robin Session 1 - Sheet C,9:00,GER,EST,13,3
116,48,SAT 20 NOV 2021,Round Robin Session 1 - Sheet D,9:00,SCO,RUS,7,4
116,49,SAT 20 NOV 2021,Round Robin Session 1 - Sheet E,9:00,SUI,TUR,10,8
121,1,SAT 30 OCT 2021,Mixed,14:35 混合团体,CHN,SWE,5,3
121,2,SAT 30 OCT 2021,Mixed,10:05 混合团体,USA,RCF,4,7
121,3,FRI 29 OCT 2021,Mixed,19:05 混合团体,CHN,USA,8,5
121,4,FRI 29 OCT 2021,Mixed,19:05 混合团体,SWE,RCF,12,3
121,5,FRI 29 OCT 2021,Mixed,14:05 混合团体,SWE,SCO,10,0
121,6,FRI 29 OCT 2021,Mixed,14:05 混合团体,CAN,USA,4,6
121,7,THU 28 OCT 2021,Mixed,19:05 混合团体,CAN,ITA,7,6
121,8,THU 28 OCT 2021,Mixed,19:05 混合团体,KOR,RCF,8,4
121,9,THU 28 OCT 2021,Mixed,19:05 混合团体,USA,SCO,8,5
121,10,THU 28 OCT 2021,Mixed,19:05 混合团体,CHN,SWE,6,4
121,11,THU 28 OCT 2021,Mixed,14:05 混合团体,NOR,SWE,2,9
121,12,THU 28 OCT 2021,Mixed,14:05 混合团体,USA,SVK,9,5
121,13,THU 28 OCT 2021,Mixed,14:05 混合团体,SUI,KOR,7,4
121,14,THU 28 OCT 2021,Mixed,14:05 混合团体,LAT,CAN,2,6
121,15,THU 28 OCT 2021,Mixed,9:05 混合团体,SUI,RCF,0,13
121,16,THU 28 OCT 2021,Mixed,9:05 混合团体,ITA,LAT,3,5
121,17,THU 28 OCT 2021,Mixed,9:05 混合团体,CHN,NOR,8,4
121,18,THU 28 OCT 2021,Mixed,9:05 混合团体,SCO,SVK,3,8
121,19,WED 27 OCT 2021,Mixed,19:05 混合团体,USA,LAT,9,2
121,20,WED 27 OCT 2021,Mixed,19:05 混合团体,SWE,SUI,7,2
121,21,WED 27 OCT 2021,Mixed,19:05 混合团体,SVK,CAN,3,8
121,22,WED 27 OCT 2021,Mixed,19:05 混合团体,NOR,KOR,1,6
121,23,WED 27 OCT 2021,Mixed,14:05 混合团体,SCO,CHN,3,2
121,24,WED 27 OCT 2021,Mixed,14:05 混合团体,SVK,NOR,6,8
121,25,WED 27 OCT 2021,Mixed,14:05 混合团体,RCF,ITA,7,1
121,26,WED 27 OCT 2021,Mixed,14:05 混合团体,SUI,LAT,7,5
121,27,WED 27 OCT 2021,Mixed,9:05 混合团体,KOR,CAN,2,8
121,28,WED 27 OCT 2021,Mixed,9:05 混合团体,RCF,SCO,8,4
121,29,WED 27 OCT 2021,Mixed,9:05 混合团体,SWE,USA,7,4
121,30,WED 27 OCT 2021,Mixed,9:05 混合团体,ITA,CHN,2,10
121,31,TUE 26 OCT 2021,Mixed,19:05 混合团体,LAT,SCO,1,10
121,32,TUE 26 OCT 2021,Mixed,19:05 混合团体,SUI,CHN,2,7
121,33,TUE 26 OCT 2021,Mixed,19:05 混合团体,ITA,SVK,8,1
121,34,TUE 26 OCT 2021,Mixed,19:05 混合团体,RCF,NOR,6,7
121,35,TUE 26 OCT 2021,Mixed,14:05 混合团体,CHN,USA,6,4
121,36,TUE 26 OCT 2021,Mixed,14:05 混合团体,SCO,SWE,2,9
121,37,TUE 26 OCT 2021,Mixed,14:05 混合团体,CAN,RCF,6,9
121,38,TUE 26 OCT 2021,Mixed,14:05 混合团体,KOR,ITA,6,5
121,39,TUE 26 OCT 2021,Mixed,9:05 混合团体,KOR,SVK,2,5
121,40,TUE 26 OCT 2021,Mixed,9:05 混合团体,NOR,CAN,7,6
121,41,TUE 26 OCT 2021,Mixed,9:05 混合团体,LAT,SWE,6,8
121,42,TUE 26 OCT 2021,Mixed,9:05 混合团体,USA,SUI,8,6
121,43,MON 25 OCT 2021,Mixed,19:05 混合团体,ITA,NOR,4,11
121,44,MON 25 OCT 2021,Mixed,19:05 混合团体,LAT,CHN,3,7
121,45,MON 25 OCT 2021,Mixed,19:05 混合团体,SCO,SUI,11,7
121,46,MON 25 OCT 2021,Mixed,19:05 混合团体,SVK,RCF,5,14
121,47,MON 25 OCT 2021,Mixed,14:05 混合团体,RCF,SWE,8,2
121,48,MON 25 OCT 2021,Mixed,14:05 混合团体,USA,ITA,7,6
121,49,MON 25 OCT 2021,Mixed,14:05 混合团体,KOR,CHN,2,9
121,50,MON 25 OCT 2021,Mixed,14:05 混合团体,CAN,SCO,4,7
121,51,MON 25 OCT 2021,Mixed,9:05 混合团体,SVK,SUI,12,1
121,52,MON 25 OCT 2021,Mixed,9:05 混合团体,CAN,SWE,5,4
121,53,MON 25 OCT 2021,Mixed,9:05 混合团体,NOR,LAT,3,6
121,54,MON 25 OCT 2021,Mixed,9:05 混合团体,KOR,USA,2,8
121,55,SUN 24 OCT 2021,Mixed,19:05 混合团体,SWE,ITA,9,6
121,56,SUN 24 OCT 2021,Mixed,19:05 混合团体,SCO,KOR,6,8
121,57,SUN 24 OCT 2021,Mixed,19:05 混合团体,USA,RCF,6,7
121,58,SUN 24 OCT 2021,Mixed,19:05 混合团体,CHN,CAN,2,4
121,59,SUN 24 OCT 2021,Mixed,14:05 混合团体,LAT,KOR,6,5
121,60,SUN 24 OCT 2021,Mixed,14:05 混合团体,NOR,USA,3,5
121,61,SUN 24 OCT 2021,Mixed,14:05 混合团体,SUI,CAN,3,6
121,62,SUN 24 OCT 2021,Mixed,14:05 混合团体,SWE,SVK,10,5
121,63,SUN 24 OCT 2021,Mixed,9:05 混合团体,CHN,RCF,8,2
121,64,SUN 24 OCT 2021,Mixed,9:05 混合团体,ITA,SCO,4,10
121,65,SAT 23 OCT 2021,Mixed,19:05 混合团体,CAN,USA,4,6
121,66,SAT 23 OCT 2021,Mixed,19:05 混合团体,SVK,LAT,5,8
121,67,SAT 23 OCT 2021,Mixed,19:05 混合团体,SWE,KOR,9,5
121,68,SAT 23 OCT 2021,Mixed,19:05 混合团体,SUI,NOR,1,8
121,69,SAT 23 OCT 2021,Mixed,14:05 混合团体,NOR,SCO,4,6
121,70,SAT 23 OCT 2021,Mixed,14:05 混合团体,ITA,SUI,7,5
121,71,SAT 23 OCT 2021,Mixed,14:05 混合团体,CHN,SVK,8,4
121,72,SAT 23 OCT 2021,Mixed,14:05 混合团体,RCF,LAT,8,2
127,1,SUN 23 MAY 2021,Gold Medal Game,15:00,SCO,NOR,9,7
127,2,SUN 23 MAY 2021,Bronze Medal Game,10:00,CAN,SWE,4,7
127,3,SAT 22 MAY 2021,Semi-final 2,19:30,SCO,CAN,7,4
127,4,SAT 22 MAY 2021,Semi-final 1,16:00,NOR,SWE,7,6
127,5,SAT 22 MAY 2021,Qualification Game for Beijing 2022,16:00,CZE,USA,8,6
127,6,SAT 22 MAY 2021,Relegation Game A8 v B9,10:00,HUN,FIN,10,4
127,7,SAT 22 MAY 2021,Relegation Game A9 v B8,10:00,JPN,KOR,7,5
127,8,SAT 22 MAY 2021,Qualification Game A2 v B3,10:00,CAN,SUI,7,6
127,9,SAT 22 MAY 2021,Qualification Game A3 v B2,10:00,NOR,ITA,7,5
127,10,FRI 21 MAY 2021,Round Robin Session A9 - Sheet A,19:30,ITA,KOR,8,6
127,11,FRI 21 MAY 2021,Round Robin Session A9 - Sheet B,19:30,SCO,HUN,7,4
127,12,FRI 21 MAY 2021,Round Robin Session A9 - Sheet C,19:30,CAN,RCF,11,6
127,13,FRI 21 MAY 2021,Round Robin Session A9 - Sheet D,19:30,ESP,AUS,4,7
127,14,FRI 21 MAY 2021,Round Robin Session A9 - Sheet E,19:30,GER,CZE,4,5
127,15,FRI 21 MAY 2021,Round Robin Session B9 - Sheet A,16:00,ENG,EST,5,11
127,16,FRI 21 MAY 2021,Round Robin Session B9 - Sheet B,16:00,SUI,SWE,5,8
127,17,FRI 21 MAY 2021,Round Robin Session B9 - Sheet C,16:00,NOR,JPN,11,5
127,18,FRI 21 MAY 2021,Round Robin Session B9 - Sheet D,16:00,NZL,CHN,4,7
127,19,FRI 21 MAY 2021,Round Robin Session B9 - Sheet E,16:00,FIN,USA,7,9
127,20,FRI 21 MAY 2021,Round Robin Session A8 - Sheet A,12:30,AUS,GER,4,10
127,21,FRI 21 MAY 2021,Round Robin Session A8 - Sheet B,12:30,ITA,RCF,8,5
127,22,FRI 21 MAY 2021,Round Robin Session A8 - Sheet C,12:30,SCO,KOR,9,1
127,23,FRI 21 MAY 2021,Round Robin Session A8 - Sheet D,12:30,CZE,CAN,6,7
127,24,FRI 21 MAY 2021,Round Robin Session A8 - Sheet E,12:30,HUN,ESP,8,4
127,25,FRI 21 MAY 2021,Round Robin Session B8 - Sheet A,9:00,CHN,FIN,10,8
127,26,FRI 21 MAY 2021,Round Robin Session B8 - Sheet B,9:00,ENG,JPN,7,6
127,27,FRI 21 MAY 2021,Round Robin Session B8 - Sheet C,9:00,SUI,EST,8,5
127,28,FRI 21 MAY 2021,Round Robin Session B8 - Sheet D,9:00,USA,NOR,7,8
127,29,FRI 21 MAY 2021,Round Robin Session B8 - Sheet E,9:00,SWE,NZL,8,1
127,30,THU 20 MAY 2021,Round Robin Session A7 - Sheet A,19:30,CAN,SCO,5,8
127,31,THU 20 MAY 2021,Round Robin Session A7 - Sheet B,19:30,KOR,GER,3,9
127,32,THU 20 MAY 2021,Round Robin Session A7 - Sheet C,19:30,HUN,AUS,3,9
127,33,THU 20 MAY 2021,Round Robin Session A7 - Sheet D,19:30,RCF,ESP,8,7
127,34,THU 20 MAY 2021,Round Robin Session A7 - Sheet E,19:30,CZE,ITA,4,5
127,35,THU 20 MAY 2021,Round Robin Session B7 - Sheet A,16:00,NOR,SUI,9,5
127,36,THU 20 MAY 2021,Round Robin Session B7 - Sheet B,16:00,EST,FIN,6,8
127,37,THU 20 MAY 2021,Round Robin Session B7 - Sheet C,16:00,SWE,CHN,11,7
127,38,THU 20 MAY 2021,Round Robin Session B7 - Sheet D,16:00,JPN,NZL,2,7
127,39,THU 20 MAY 2021,Round Robin Session B7 - Sheet E,16:00,USA,ENG,9,11
127,40,THU 20 MAY 2021,Round Robin Session A6 - Sheet A,12:30,RCF,HUN,6,2
127,41,THU 20 MAY 2021,Round Robin Session A6 - Sheet B,12:30,ESP,CZE,3,7
127,42,THU 20 MAY 2021,Round Robin Session A6 - Sheet C,12:30,ITA,CAN,4,6
127,43,THU 20 MAY 2021,Round Robin Session A6 - Sheet D,12:30,SCO,GER,7,5
127,44,THU 20 MAY 2021,Round Robin Session A6 - Sheet E,12:30,KOR,AUS,7,6
127,45,THU 20 MAY 2021,Round Robin Session B6 - Sheet A,9:00,JPN,SWE,5,11
127,46,THU 20 MAY 2021,Round Robin Session B6 - Sheet B,9:00,NZL,USA,5,6
127,47,THU 20 MAY 2021,Round Robin Session B6 - Sheet C,9:00,ENG,NOR,1,11
127,48,THU 20 MAY 2021,Round Robin Session B6 - Sheet D,9:00,SUI,FIN,8,5
127,49,THU 20 MAY 2021,Round Robin Session B6 - Sheet E,9:00,EST,CHN,6,9
127,50,WED 19 MAY 2021,Round Robin Session B5 - Sheet A,19:30,FIN,NZL,4,6
127,51,WED 19 MAY 2021,Round Robin Session B5 - Sheet B,19:30,JPN,CHN,8,6
127,52,WED 19 MAY 2021,Round Robin Session B5 - Sheet C,19:30,USA,SUI,3,8
127,53,WED 19 MAY 2021,Round Robin Session B5 - Sheet D,19:30,NOR,EST,7,1
127,54,WED 19 MAY 2021,Round Robin Session B5 - Sheet E,19:30,ENG,SWE,2,9
127,55,WED 19 MAY 2021,Round Robin Session A5 - Sheet A,16:00,GER,ESP,9,2
127,56,WED 19 MAY 2021,Round Robin Session A5 - Sheet B,16:00,RCF,AUS,10,4
127,57,WED 19 MAY 2021,Round Robin Session A5 - Sheet C,16:00,CZE,SCO,5,7
127,58,WED 19 MAY 2021,Round Robin Session A5 - Sheet D,16:00,CAN,KOR,8,3
127,59,WED 19 MAY 2021,Round Robin Session A5 - Sheet E,16:00,ITA,HUN,6,5
127,60,WED 19 MAY 2021,Round Robin Session B4 - Sheet A,12:30,SUI,JPN,6,9
127,61,WED 19 MAY 2021,Round Robin Session B4 - Sheet B,12:30,FIN,ENG,7,3
127,62,WED 19 MAY 2021,Round Robin Session B4 - Sheet C,12:30,EST,NZL,6,7
127,63,WED 19 MAY 2021,Round Robin Session B4 - Sheet D,12:30,SWE,USA,7,5
127,64,WED 19 MAY 2021,Round Robin Session B4 - Sheet E,12:30,CHN,NOR,6,8
127,65,WED 19 MAY 2021,Round Robin Session A4 - Sheet A,9:00,SCO,RCF,6,7
127,66,WED 19 MAY 2021,Round Robin Session A4 - Sheet B,9:00,GER,ITA,6,9
127,67,WED 19 MAY 2021,Round Robin Session A4 - Sheet C,9:00,KOR,ESP,8,5
127,68,WED 19 MAY 2021,Round Robin Session A4 - Sheet D,9:00,HUN,CZE,7,6
127,69,WED 19 MAY 2021,Round Robin Session A4 - Sheet E,9:00,AUS,CAN,8,5
127,70,TUE 18 MAY 2021,Round Robin Session B3 - Sheet A,19:30,SWE,NOR,10,5
127,71,TUE 18 MAY 2021,Round Robin Session B3 - Sheet B,19:30,USA,EST,6,5
127,72,TUE 18 MAY 2021,Round Robin Session B3 - Sheet C,19:30,CHN,ENG,4,9
127,73,TUE 18 MAY 2021,Round Robin Session B3 - Sheet D,19:30,FIN,JPN,3,8
127,74,TUE 18 MAY 2021,Round Robin Session B3 - Sheet E,19:30,NZL,SUI,3,5
127,75,TUE 18 MAY 2021,Round Robin Session A3 - Sheet A,16:00,HUN,CAN,5,7
127,76,TUE 18 MAY 2021,Round Robin Session A3 - Sheet B,16:00,CZE,KOR,7,5
127,77,TUE 18 MAY 2021,Round Robin Session A3 - Sheet C,16:00,AUS,ITA,6,7
127,78,TUE 18 MAY 2021,Round Robin Session A3 - Sheet D,16:00,GER,RCF,7,1
127,79,TUE 18 MAY 2021,Round Robin Session A3 - Sheet E,16:00,ESP,SCO,1,9
127,80,TUE 18 MAY 2021,Round Robin Session B2 - Sheet A,12:30,NZL,ENG,7,6
127,81,TUE 18 MAY 2021,Round Robin Session B2 - Sheet B,12:30,CHN,SUI,8,6
127,82,TUE 18 MAY 2021,Round Robin Session B2 - Sheet C,12:30,JPN,USA,6,7
127,83,TUE 18 MAY 2021,Round Robin Session B2 - Sheet D,12:30,EST,SWE,6,9
127,84,TUE 18 MAY 2021,Round Robin Session B2 - Sheet E,12:30,NOR,FIN,8,4
127,85,TUE 18 MAY 2021,Round Robin Session A2 - Sheet A,9:00,ESP,ITA,2,7
127,86,TUE 18 MAY 2021,Round Robin Session A2 - Sheet B,9:00,AUS,SCO,5,9
127,87,TUE 18 MAY 2021,Round Robin Session A2 - Sheet C,9:00,RCF,CZE,2,5
127,88,TUE 18 MAY 2021,Round Robin Session A2 - Sheet D,9:00,KOR,HUN,4,5
127,89,TUE 18 MAY 2021,Round Robin Session A2 - Sheet E,9:00,CAN,GER,9,6
127,90,MON 17 MAY 2021,Round Robin Session B1 - Sheet A,21:00,USA,CHN,11,3
127,91,MON 17 MAY 2021,Round Robin Session B1 - Sheet B,21:00,NOR,NZL,10,1
127,92,MON 17 MAY 2021,Round Robin Session B1 - Sheet C,21:00,FIN,SWE,4,8
127,93,MON 17 MAY 2021,Round Robin Session B1 - Sheet D,21:00,ENG,SUI,5,8
127,94,MON 17 MAY 2021,Round Robin Session B1 - Sheet E,21:00,JPN,EST,3,10
127,95,MON 17 MAY 2021,Round Robin Session A1 - Sheet A,17:30,CZE,AUS,9,3
127,96,MON 17 MAY 2021,Round Robin Session A1 - Sheet B,17:30,CAN,ESP,8,6
127,97,MON 17 MAY 2021,Round Robin Session A1 - Sheet C,17:30,GER,HUN,8,5
127,98,MON 17 MAY 2021,Round Robin Session A1 - Sheet D,17:30,ITA,SCO,4,7
127,99,MON 17 MAY 2021,Round Robin Session A1 - Sheet E,17:30,RCF,KOR,5,6
128,1,SUN 9 MAY 2021,Gold Medal Game,13:00,RCF,SUI,2,4
128,2,SUN 9 MAY 2021,Bronze Medal Game,8:30,USA,SWE,9,5
128,3,SAT 8 MAY 2021,Semi-final 2,19:30,RCF,SWE,8,7
128,4,SAT 8 MAY 2021,Semi-final 1,15:00,USA,SUI,3,7
128,5,SAT 8 MAY 2021,Qualification Game (3 v 6 ),9:00,CAN,SWE,3,8
128,6,SAT 8 MAY 2021,Qualification Game (4 v 5),9:00,DEN,USA,7,8
128,7,FRI 7 MAY 2021,Round Robin Session 7 - Sheet A,19:00,CZE,DEN,5,6
128,8,FRI 7 MAY 2021,Round Robin Session 7 - Sheet B,19:00,SCO,CHN,6,7
128,9,FRI 7 MAY 2021,Round Robin Session 7 - Sheet C,19:00,SUI,EST,9,5
128,10,FRI 7 MAY 2021,Round Robin Session 7 - Sheet D,19:00,SWE,JPN,7,5
128,11,FRI 7 MAY 2021,Round Robin Session 23 - Sheet A,14:00,KOR,CZE,7,4
128,12,FRI 7 MAY 2021,Round Robin Session 23 - Sheet B,14:00,SUI,GER,8,3
128,13,FRI 7 MAY 2021,Round Robin Session 23 - Sheet C,14:00,SWE,ITA,9,5
128,14,FRI 7 MAY 2021,Round Robin Session 23 - Sheet D,14:00,JPN,EST,9,6
128,15,FRI 7 MAY 2021,Round Robin Session 22 - Sheet A,9:00,USA,RCF,3,7
128,16,FRI 7 MAY 2021,Round Robin Session 22 - Sheet B,9:00,DEN,SCO,9,5
128,17,FRI 7 MAY 2021,Round Robin Session 22 - Sheet C,9:00,GER,CZE,9,8
128,18,FRI 7 MAY 2021,Round Robin Session 22 - Sheet D,9:00,CHN,CAN,4,6
128,19,THU 6 MAY 2021,Round Robin Session 21 - Sheet A,19:00,CHN,ITA,6,4
128,20,THU 6 MAY 2021,Round Robin Session 21 - Sheet B,19:00,SWE,KOR,6,8
128,21,THU 6 MAY 2021,Round Robin Session 21 - Sheet C,19:00,EST,DEN,6,9
128,22,THU 6 MAY 2021,Round Robin Session 21 - Sheet D,19:00,RCF,SCO,9,8
128,23,THU 6 MAY 2021,Round Robin Session 20 - Sheet A,14:00,CAN,JPN,5,7
128,24,THU 6 MAY 2021,Round Robin Session 20 - Sheet C,14:00,USA,SUI,5,6
128,25,THU 6 MAY 2021,Round Robin Session 20 - Sheet D,14:00,GER,SWE,1,6
128,26,THU 6 MAY 2021,Round Robin Session 19 - Sheet A,9:00,SUI,RCF,8,6
128,27,THU 6 MAY 2021,Round Robin Session 19 - Sheet B,9:00,ITA,JPN,2,8
128,28,THU 6 MAY 2021,Round Robin Session 19 - Sheet C,9:00,KOR,CHN,7,1
128,29,THU 6 MAY 2021,Round Robin Session 19 - Sheet D,9:00,CAN,DEN,10,8
128,30,WED 5 MAY 2021,Round Robin Session 18 - Sheet A,19:00,SCO,EST,8,5
128,31,WED 5 MAY 2021,Round Robin Session 18 - Sheet B,19:00,GER,CHN,7,5
128,32,WED 5 MAY 2021,Round Robin Session 18 - Sheet C,19:00,ITA,DEN,5,9
128,33,WED 5 MAY 2021,Round Robin Session 18 - Sheet D,19:00,CZE,USA,3,11
128,34,WED 5 MAY 2021,Round Robin Session 17 - Sheet A,14:00,JPN,KOR,8,9
128,35,WED 5 MAY 2021,Round Robin Session 17 - Sheet B,14:00,USA,SWE,4,10
128,36,WED 5 MAY 2021,Round Robin Session 17 - Sheet C,14:00,CZE,RCF,7,5
128,37,WED 5 MAY 2021,Round Robin Session 17 - Sheet D,14:00,SCO,SUI,6,10
128,38,WED 5 MAY 2021,Round Robin Session 16 - Sheet A,9:00,RCF,SWE,10,8
128,39,WED 5 MAY 2021,Round Robin Session 16 - Sheet B,9:00,EST,CAN,4,10
128,40,WED 5 MAY 2021,Round Robin Session 16 - Sheet C,9:00,JPN,GER,6,7
128,41,WED 5 MAY 2021,Round Robin Session 16 - Sheet D,9:00,DEN,KOR,6,4
128,42,TUE 4 MAY 2021,Round Robin Session 15 - Sheet A,19:30,SCO,CAN,5,6
128,43,TUE 4 MAY 2021,Round Robin Session 15 - Sheet B,19:30,CZE,SUI,1,9
128,44,TUE 4 MAY 2021,Round Robin Session 15 - Sheet C,19:30,CHN,USA,3,6
128,45,TUE 4 MAY 2021,Round Robin Session 15 - Sheet D,19:30,EST,ITA,5,11
128,46,TUE 4 MAY 2021,Round Robin Session 14 - Sheet A,14:30,DEN,GER,7,6
128,47,TUE 4 MAY 2021,Round Robin Session 14 - Sheet B,14:30,JPN,USA,7,8
128,48,TUE 4 MAY 2021,Round Robin Session 14 - Sheet C,14:30,SCO,CZE,6,5
128,49,TUE 4 MAY 2021,Round Robin Session 14 - Sheet D,14:30,RCF,CHN,8,4
128,50,TUE 4 MAY 2021,Round Robin Session 13 - Sheet A,9:30,EST,KOR,6,8
128,51,TUE 4 MAY 2021,Round Robin Session 13 - Sheet B,9:30,ITA,CAN,4,10
128,52,TUE 4 MAY 2021,Round Robin Session 13 - Sheet C,9:30,JPN,RCF,5,6
128,53,TUE 4 MAY 2021,Round Robin Session 13 - Sheet D,9:30,SUI,SWE,3,8
128,54,MON 3 MAY 2021,Round Robin Session 12 - Sheet A,19:00,SWE,CZE,7,3
128,55,MON 3 MAY 2021,Round Robin Session 12 - Sheet B,19:00,GER,EST,9,11
128,56,MON 3 MAY 2021,Round Robin Session 12 - Sheet C,19:00,CHN,SUI,4,9
128,57,MON 3 MAY 2021,Round Robin Session 12 - Sheet D,19:00,DEN,USA,7,6
128,58,MON 3 MAY 2021,Round Robin Session 11 - Sheet A,14:00,ITA,SCO,6,9
128,59,MON 3 MAY 2021,Round Robin Session 11 - Sheet B,14:00,DEN,RCF,5,7
128,60,MON 3 MAY 2021,Round Robin Session 11 - Sheet C,14:00,CAN,KOR,8,4
128,61,MON 3 MAY 2021,Round Robin Session 11 - Sheet D,14:00,CHN,CZE,7,2
128,62,MON 3 MAY 2021,Round Robin Session 10 - Sheet A,9:00,EST,USA,3,5
128,63,MON 3 MAY 2021,Round Robin Session 10 - Sheet B,9:00,SUI,JPN,10,5
128,64,MON 3 MAY 2021,Round Robin Session 10 - Sheet C,9:00,SWE,SCO,7,4
128,65,MON 3 MAY 2021,Round Robin Session 10 - Sheet D,9:00,GER,CAN,6,2
128,66,SUN 2 MAY 2021,Round Robin Session 9 - Sheet A,19:30,CHN,SWE,7,5
128,67,SUN 2 MAY 2021,Round Robin Session 9 - Sheet B,19:30,KOR,ITA,7,6
128,68,SUN 2 MAY 2021,Round Robin Session 9 - Sheet C,19:30,CZE,JPN,2,9
128,69,SUN 2 MAY 2021,Round Robin Session 9 - Sheet D,19:30,SUI,DEN,13,4
128,70,SUN 2 MAY 2021,Round Robin Session 8 - Sheet A,14:30,KOR,SCO,8,4
128,71,SUN 2 MAY 2021,Round Robin Session 8 - Sheet B,14:30,USA,CAN,7,6
128,72,SUN 2 MAY 2021,Round Robin Session 8 - Sheet C,14:30,GER,ITA,6,10
128,73,SUN 2 MAY 2021,Round Robin Session 8 - Sheet D,14:30,EST,RCF,6,8
128,74,SAT 1 MAY 2021,Round Robin Session 6 - Sheet A,19:00,JPN,CHN,2,5
128,75,SAT 1 MAY 2021,Round Robin Session 6 - Sheet B,19:00,KOR,GER,9,10
128,76,SAT 1 MAY 2021,Round Robin Session 6 - Sheet C,19:00,RCF,CAN,8,7
128,77,SAT 1 MAY 2021,Round Robin Session 6 - Sheet D,19:00,USA,ITA,7,5
128,78,SAT 1 MAY 2021,Round Robin Session 5 - Sheet A,14:00,CAN,SUI,5,8
128,79,SAT 1 MAY 2021,Round Robin Session 5 - Sheet B,14:00,RCF,ITA,8,5
128,80,SAT 1 MAY 2021,Round Robin Session 5 - Sheet C,14:00,DEN,SWE,3,9
128,81,SAT 1 MAY 2021,Round Robin Session 5 - Sheet D,14:00,CZE,EST,8,7
128,82,SAT 1 MAY 2021,Round Robin Session 4 - Sheet A,9:00,SWE,EST,7,4
128,83,SAT 1 MAY 2021,Round Robin Session 4 - Sheet B,9:00,CHN,DEN,5,14
128,84,SAT 1 MAY 2021,Round Robin Session 4 - Sheet C,9:00,USA,KOR,11,5
128,85,SAT 1 MAY 2021,Round Robin Session 4 - Sheet D,9:00,SCO,GER,7,6
128,86,FRI 30 APR 2021,Round Robin Session 3 - Sheet A,19:00,GER,USA,8,7
128,87,FRI 30 APR 2021,Round Robin Session 3 - Sheet B,19:00,JPN,SCO,5,10
128,88,FRI 30 APR 2021,Round Robin Session 3 - Sheet C,19:00,CAN,CZE,9,2
128,89,FRI 30 APR 2021,Round Robin Session 3 - Sheet D,19:00,KOR,RCF,7,8
128,90,FRI 30 APR 2021,Round Robin Session 2 - Sheet A,14:00,DEN,JPN,4,9
128,91,FRI 30 APR 2021,Round Robin Session 2 - Sheet B,14:00,CAN,SWE,5,6
128,92,FRI 30 APR 2021,Round Robin Session 2 - Sheet C,14:00,EST,CHN,3,10
128,93,FRI 30 APR 2021,Round Robin Session 2 - Sheet D,14:00,ITA,SUI,2,9
128,94,FRI 30 APR 2021,Round Robin Session 1 - Sheet A,9:00,SUI,KOR,10,2
128,95,FRI 30 APR 2021,Round Robin Session 1 - Sheet B,9:00,ITA,CZE,5,7
128,96,FRI 30 APR 2021,Round Robin Session 1 - Sheet C,9:00,RCF,GER,8,4
128,97,FRI 30 APR 2021,Round Robin Session 1 - Sheet D,9:00,USA,SCO,6,10
129,1,SUN 11 APR 2021,Gold Medal Game,21:00,SWE,SCO,10,5
129,2,SUN 11 APR 2021,Bronze Medal Game,21:00,SUI,RCF,6,5
129,3,SUN 11 APR 2021,Semi-final - Sheet B,16:00,SWE,SUI,11,3
129,4,SUN 11 APR 2021,Semi-final - Sheet D,16:00,SCO,RCF,5,3
129,5,SUN 11 APR 2021,Qualification Game 3 v 6,11:00,SUI,USA,7,6
129,6,FRI 9 APR 2021,Qualification Game 4 v 5,19:00,CAN,SCO,3,5
129,7,FRI 9 APR 2021,Round Robin Session 23 - Sheet A,14:00,NED,ITA,4,8
129,8,FRI 9 APR 2021,Round Robin Session 23 - Sheet B,14:00,RCF,DEN,7,4
129,9,FRI 9 APR 2021,Round Robin Session 23 - Sheet C,14:00,USA,KOR,8,3
129,10,FRI 9 APR 2021,Round Robin Session 23 - Sheet D,14:00,JPN,SWE,2,7
129,11,FRI 9 APR 2021,Round Robin Session 22 - Sheet A,9:00,SCO,NOR,7,6
129,12,FRI 9 APR 2021,Round Robin Session 22 - Sheet B,9:00,GER,CAN,6,9
129,13,FRI 9 APR 2021,Round Robin Session 22 - Sheet C,9:00,DEN,ITA,4,10
129,14,FRI 9 APR 2021,Round Robin Session 22 - Sheet D,9:00,SUI,CHN,9,4
129,15,THU 8 APR 2021,Round Robin Session 21 - Sheet A,19:00,SUI,KOR,9,3
129,16,THU 8 APR 2021,Round Robin Session 21 - Sheet B,19:00,USA,NED,9,4
129,17,THU 8 APR 2021,Round Robin Session 21 - Sheet C,19:00,SWE,GER,8,4
129,18,THU 8 APR 2021,Round Robin Session 21 - Sheet D,19:00,NOR,CAN,4,6
129,19,THU 8 APR 2021,Round Robin Session 20 - Sheet A,14:00,CHN,JPN,6,7
129,20,THU 8 APR 2021,Round Robin Session 20 - Sheet C,14:00,SCO,RCF,2,9
129,21,THU 8 APR 2021,Round Robin Session 20 - Sheet D,14:00,DEN,USA,3,8
129,22,THU 8 APR 2021,Round Robin Session 19 - Sheet A,9:00,RCF,NOR,8,6
129,23,THU 8 APR 2021,Round Robin Session 19 - Sheet B,9:00,KOR,JPN,7,10
129,24,THU 8 APR 2021,Round Robin Session 19 - Sheet C,9:00,NED,SUI,4,8
129,25,THU 8 APR 2021,Round Robin Session 19 - Sheet D,9:00,CHN,GER,4,8
129,26,WED 7 APR 2021,Round Robin Session 18 - Sheet A,19:00,CAN,SWE,7,9
129,27,WED 7 APR 2021,Round Robin Session 18 - Sheet B,19:00,DEN,SUI,9,8
129,28,WED 7 APR 2021,Round Robin Session 18 - Sheet C,19:00,KOR,GER,5,12
129,29,WED 7 APR 2021,Round Robin Session 18 - Sheet D,19:00,ITA,SCO,2,7
129,30,WED 7 APR 2021,Round Robin Session 17 - Sheet A,14:00,JPN,NED,7,5
129,31,WED 7 APR 2021,Round Robin Session 17 - Sheet B,14:00,SCO,USA,9,10
129,32,WED 7 APR 2021,Round Robin Session 17 - Sheet C,14:00,ITA,NOR,10,3
129,33,WED 7 APR 2021,Round Robin Session 17 - Sheet D,14:00,CAN,RCF,7,8
129,34,WED 7 APR 2021,Round Robin Session 16 - Sheet A,9:00,NOR,USA,5,6
129,35,WED 7 APR 2021,Round Robin Session 16 - Sheet B,9:00,SWE,CHN,5,3
129,36,WED 7 APR 2021,Round Robin Session 16 - Sheet C,9:00,JPN,DEN,10,6
129,37,WED 7 APR 2021,Round Robin Session 16 - Sheet D,9:00,GER,NED,5,7
129,38,TUE 6 APR 2021,Round Robin Session 15 - Sheet A,19:00,CAN,CHN,6,5
129,39,TUE 6 APR 2021,Round Robin Session 15 - Sheet B,19:00,ITA,RCF,7,8
129,40,TUE 6 APR 2021,Round Robin Session 15 - Sheet C,19:00,SUI,SCO,4,7
129,41,TUE 6 APR 2021,Round Robin Session 15 - Sheet D,19:00,SWE,KOR,10,2
129,42,TUE 6 APR 2021,Round Robin Session 14 - Sheet A,14:00,GER,DEN,8,6
129,43,TUE 6 APR 2021,Round Robin Session 14 - Sheet B,14:00,JPN,SCO,3,6
129,44,TUE 6 APR 2021,Round Robin Session 14 - Sheet C,14:00,CAN,ITA,7,4
129,45,TUE 6 APR 2021,Round Robin Session 14 - Sheet D,14:00,NOR,SUI,10,5
129,46,TUE 6 APR 2021,Round Robin Session 13 - Sheet A,9:00,SWE,NED,10,4
129,47,TUE 6 APR 2021,Round Robin Session 13 - Sheet B,9:00,KOR,CHN,5,8
129,48,TUE 6 APR 2021,Round Robin Session 13 - Sheet C,9:00,JPN,NOR,2,10
129,49,TUE 6 APR 2021,Round Robin Session 13 - Sheet D,9:00,RCF,USA,11,8
129,50,MON 5 APR 2021,Round Robin Session 12 - Sheet A,19:00,USA,ITA,8,2
129,51,MON 5 APR 2021,Round Robin Session 12 - Sheet B,19:00,DEN,SWE,1,9
129,52,MON 5 APR 2021,Round Robin Session 12 - Sheet C,19:00,SUI,RCF,8,2
129,53,MON 5 APR 2021,Round Robin Session 12 - Sheet D,19:00,GER,SCO,8,9
129,54,MON 5 APR 2021,Round Robin Session 11 - Sheet A,14:00,KOR,CAN,10,9
129,55,MON 5 APR 2021,Round Robin Session 11 - Sheet B,14:00,GER,NOR,8,6
129,56,MON 5 APR 2021,Round Robin Session 11 - Sheet C,14:00,CHN,NED,2,10
129,57,MON 5 APR 2021,Round Robin Session 11 - Sheet D,14:00,SUI,ITA,3,4
129,58,MON 5 APR 2021,Round Robin Session 10 - Sheet A,9:00,SWE,SCO,6,5
129,59,MON 5 APR 2021,Round Robin Session 10 - Sheet B,9:00,RCF,JPN,10,5
129,60,MON 5 APR 2021,Round Robin Session 10 - Sheet C,9:00,USA,CAN,1,10
129,61,MON 5 APR 2021,Round Robin Session 10 - Sheet D,9:00,DEN,CHN,5,6
129,62,SUN 4 APR 2021,Round Robin Session 9 - Sheet A,19:00,SUI,USA,6,8
129,63,SUN 4 APR 2021,Round Robin Session 9 - Sheet B,19:00,NED,KOR,4,5
129,64,SUN 4 APR 2021,Round Robin Session 9 - Sheet C,19:00,ITA,JPN,2,5
129,65,SUN 4 APR 2021,Round Robin Session 9 - Sheet D,19:00,RCF,GER,6,4
129,66,SUN 4 APR 2021,Round Robin Session 8 - Sheet A,14:00,NED,CAN,6,7
129,67,SUN 4 APR 2021,Round Robin Session 8 - Sheet B,14:00,SCO,CHN,10,1
129,68,SUN 4 APR 2021,Round Robin Session 8 - Sheet C,14:00,DEN,KOR,4,3
129,69,SUN 4 APR 2021,Round Robin Session 8 - Sheet D,14:00,SWE,NOR,8,9
129,70,SUN 4 APR 2021,Round Robin Session 7 - Sheet A,9:00,ITA,GER,9,3
129,71,SUN 4 APR 2021,Round Robin Session 7 - Sheet B,9:00,CAN,SUI,4,6
129,72,SUN 4 APR 2021,Round Robin Session 7 - Sheet C,9:00,RCF,SWE,7,8
129,73,SUN 4 APR 2021,Round Robin Session 7 - Sheet D,9:00,USA,JPN,10,5
129,74,SAT 3 APR 2021,Round Robin Session 6 - Sheet A,19:00,JPN,SUI,5,8
129,75,SAT 3 APR 2021,Round Robin Session 6 - Sheet B,19:00,NED,DEN,5,14
129,76,SAT 3 APR 2021,Round Robin Session 6 - Sheet C,19:00,NOR,CHN,9,5
129,77,SAT 3 APR 2021,Round Robin Session 6 - Sheet D,19:00,SCO,KOR,11,4
129,78,SAT 3 APR 2021,Round Robin Session 5 - Sheet A,14:00,CHN,RCF,6,10
129,79,SAT 3 APR 2021,Round Robin Session 5 - Sheet B,14:00,NOR,KOR,9,2
129,80,SAT 3 APR 2021,Round Robin Session 5 - Sheet C,14:00,GER,USA,5,7
129,81,SAT 3 APR 2021,Round Robin Session 5 - Sheet D,14:00,ITA,SWE,6,7
129,82,SAT 3 APR 2021,Round Robin Session 4 - Sheet A,9:00,USA,SWE,5,8
129,83,SAT 3 APR 2021,Round Robin Session 4 - Sheet B,9:00,SUI,GER,8,5
129,84,SAT 3 APR 2021,Round Robin Session 4 - Sheet C,9:00,SCO,NED,9,4
129,85,SAT 3 APR 2021,Round Robin Session 4 - Sheet D,9:00,CAN,DEN,7,5
129,86,FRI 2 APR 2021,Round Robin Session 3 - Sheet A,19:00,DEN,SCO,2,7
129,87,FRI 2 APR 2021,Round Robin Session 3 - Sheet B,19:00,JPN,CAN,5,8
129,88,FRI 2 APR 2021,Round Robin Session 3 - Sheet C,19:00,CHN,ITA,4,7
129,89,FRI 2 APR 2021,Round Robin Session 3 - Sheet D,19:00,NED,NOR,4,7
129,90,FRI 2 APR 2021,Round Robin Session 2 - Sheet A,14:00,GER,JPN,5,8
129,91,FRI 2 APR 2021,Round Robin Session 2 - Sheet B,14:00,CHN,USA,4,5
129,92,FRI 2 APR 2021,Round Robin Session 2 - Sheet C,14:00,SWE,SUI,7,8
129,93,FRI 2 APR 2021,Round Robin Session 2 - Sheet D,14:00,KOR,RCF,3,9
129,94,FRI 2 APR 2021,Round Robin Session 1 - Sheet A,9:00,RCF,NED,8,5
129,95,FRI 2 APR 2021,Round Robin Session 1 - Sheet B,9:00,KOR,ITA,1,7
129,96,FRI 2 APR 2021,Round Robin Session 1 - Sheet C,9:00,NOR,DEN,7,6
129,97,FRI 2 APR 2021,Round Robin Session 1 - Sheet D,9:00,SCO,CAN,6,9
132,1,SAT 22 FEB 2020,Gold Medal Game,9:00,CAN,SUI,7,2
132,2,SAT 22 FEB 2020,Bronze Medal Game,9:00,SCO,GER,6,5
132,3,FRI 21 FEB 2020,Semi-final - Sheet B,14:00,SUI,SCO,9,6
132,4,FRI 21 FEB 2020,Semi-final - Sheet D,14:00,CAN,GER,7,4
132,5,THU 20 FEB 2020,Round Robin Session 9 - Sheet A,14:00,GER,SUI,4,9
132,6,THU 20 FEB 2020,Round Robin Session 9 - Sheet B,14:00,NOR,ITA,7,3
132,7,THU 20 FEB 2020,Round Robin Session 9 - Sheet C,14:00,RUS,SWE,6,4
132,8,THU 20 FEB 2020,Round Robin Session 9 - Sheet D,14:00,NZL,USA,2,8
132,9,THU 20 FEB 2020,Round Robin Session 9 - Sheet E,14:00,SCO,CAN,6,5
132,10,WED 19 FEB 2020,Round Robin Session 8 - Sheet A,19:00,USA,SCO,6,7
132,11,WED 19 FEB 2020,Round Robin Session 8 - Sheet B,19:00,GER,SWE,8,2
132,12,WED 19 FEB 2020,Round Robin Session 8 - Sheet C,19:00,NOR,SUI,3,6
132,13,WED 19 FEB 2020,Round Robin Session 8 - Sheet D,19:00,CAN,RUS,6,1
132,14,WED 19 FEB 2020,Round Robin Session 8 - Sheet E,19:00,ITA,NZL,7,5
132,15,WED 19 FEB 2020,Round Robin Session 7 - Sheet A,9:00,RUS,NOR,8,7
132,16,WED 19 FEB 2020,Round Robin Session 7 - Sheet B,9:00,SUI,SCO,2,7
132,17,WED 19 FEB 2020,Round Robin Session 7 - Sheet C,9:00,ITA,USA,7,8
132,18,WED 19 FEB 2020,Round Robin Session 7 - Sheet D,9:00,SWE,NZL,6,2
132,19,WED 19 FEB 2020,Round Robin Session 7 - Sheet E,9:00,CAN,GER,8,5
132,20,TUE 18 FEB 2020,Round Robin Session 6 - Sheet A,14:00,SWE,ITA,5,4
132,21,TUE 18 FEB 2020,Round Robin Session 6 - Sheet B,14:00,NZL,CAN,1,7
132,22,TUE 18 FEB 2020,Round Robin Session 6 - Sheet C,14:00,GER,RUS,10,6
132,23,TUE 18 FEB 2020,Round Robin Session 6 - Sheet D,14:00,NOR,SCO,2,7
132,24,TUE 18 FEB 2020,Round Robin Session 6 - Sheet E,14:00,SUI,USA,7,4
132,25,MON 17 FEB 2020,Round Robin Session 5 - Sheet A,19:00,SCO,NZL,8,4
132,26,MON 17 FEB 2020,Round Robin Session 5 - Sheet B,19:00,SWE,USA,9,8
132,27,MON 17 FEB 2020,Round Robin Session 5 - Sheet C,19:00,CAN,NOR,9,3
132,28,MON 17 FEB 2020,Round Robin Session 5 - Sheet D,19:00,RUS,SUI,9,10
132,29,MON 17 FEB 2020,Round Robin Session 5 - Sheet E,19:00,GER,ITA,9,7
132,30,MON 17 FEB 2020,Round Robin Session 4 - Sheet A,9:00,NOR,SWE,7,8
132,31,MON 17 FEB 2020,Round Robin Session 4 - Sheet B,9:00,SCO,GER,5,4
132,32,MON 17 FEB 2020,Round Robin Session 4 - Sheet C,9:00,SUI,NZL,4,7
132,33,MON 17 FEB 2020,Round Robin Session 4 - Sheet D,9:00,ITA,CAN,2,7
132,34,MON 17 FEB 2020,Round Robin Session 4 - Sheet E,9:00,USA,RUS,4,7
132,35,SUN 16 FEB 2020,Round Robin Session 3 - Sheet A,14:00,ITA,RUS,4,6
132,36,SUN 16 FEB 2020,Round Robin Session 3 - Sheet B,14:00,CAN,SUI,7,5
132,37,SUN 16 FEB 2020,Round Robin Session 3 - Sheet C,14:00,USA,GER,5,8
132,38,SUN 16 FEB 2020,Round Robin Session 3 - Sheet D,14:00,SCO,SWE,7,3
132,39,SUN 16 FEB 2020,Round Robin Session 3 - Sheet E,14:00,NZL,NOR,9,4
132,40,SAT 15 FEB 2020,Round Robin Session 2 - Sheet A,19:30,NZL,GER,2,7
132,41,SAT 15 FEB 2020,Round Robin Session 2 - Sheet B,19:30,USA,NOR,8,3
132,42,SAT 15 FEB 2020,Round Robin Session 2 - Sheet C,19:30,SWE,CAN,3,8
132,43,SAT 15 FEB 2020,Round Robin Session 2 - Sheet D,19:30,SUI,ITA,8,3
132,44,SAT 15 FEB 2020,Round Robin Session 2 - Sheet E,19:30,RUS,SCO,8,5
132,45,SAT 15 FEB 2020,Round Robin Session 1 - Sheet A,9:00,CAN,USA,4,5
132,46,SAT 15 FEB 2020,Round Robin Session 1 - Sheet B,9:00,RUS,NZL,7,8
132,47,SAT 15 FEB 2020,Round Robin Session 1 - Sheet C,9:00,SCO,ITA,4,5
132,48,SAT 15 FEB 2020,Round Robin Session 1 - Sheet D,9:00,GER,NOR,7,5
132,49,SAT 15 FEB 2020,Round Robin Session 1 - Sheet E,9:00,SWE,SUI,7,3
133,1,SAT 22 FEB 2020,Gold Medal Game,14:00,KOR,CAN,5,7
133,2,SAT 22 FEB 2020,Bronze Medal Game,14:00,RUS,JPN,14,4
133,3,FRI 21 FEB 2020,Semi-final - Sheet B,19:00,KOR,JPN,8,4
133,4,FRI 21 FEB 2020,Semi-final - Sheet D,19:00,CAN,RUS,9,8
133,5,THU 20 FEB 2020,Round Robin Session 9 - Sheet A,19:00,CAN,KOR,1,7
133,6,THU 20 FEB 2020,Round Robin Session 9 - Sheet B,19:00,JPN,HUN,7,2
133,7,THU 20 FEB 2020,Round Robin Session 9 - Sheet C,19:00,SUI,LAT,7,8
133,8,THU 20 FEB 2020,Round Robin Session 9 - Sheet D,19:00,SWE,NOR,4,5
133,9,THU 20 FEB 2020,Round Robin Session 9 - Sheet E,19:00,RUS,DEN,11,6
133,10,THU 20 FEB 2020,Round Robin Session 8 - Sheet A,9:00,NOR,RUS,3,9
133,11,THU 20 FEB 2020,Round Robin Session 8 - Sheet B,9:00,CAN,LAT,13,2
133,12,THU 20 FEB 2020,Round Robin Session 8 - Sheet C,9:00,JPN,KOR,5,7
133,13,THU 20 FEB 2020,Round Robin Session 8 - Sheet D,9:00,DEN,SUI,4,7
133,14,THU 20 FEB 2020,Round Robin Session 8 - Sheet E,9:00,HUN,SWE,8,9
133,15,WED 19 FEB 2020,Round Robin Session 7 - Sheet A,14:00,SUI,JPN,5,4
133,16,WED 19 FEB 2020,Round Robin Session 7 - Sheet B,14:00,KOR,RUS,8,1
133,17,WED 19 FEB 2020,Round Robin Session 7 - Sheet C,14:00,HUN,NOR,4,5
133,18,WED 19 FEB 2020,Round Robin Session 7 - Sheet D,14:00,LAT,SWE,8,7
133,19,WED 19 FEB 2020,Round Robin Session 7 - Sheet E,14:00,DEN,CAN,4,7
133,20,TUE 18 FEB 2020,Round Robin Session 6 - Sheet A,19:00,LAT,HUN,11,3
133,21,TUE 18 FEB 2020,Round Robin Session 6 - Sheet B,19:00,SWE,DEN,9,2
133,22,TUE 18 FEB 2020,Round Robin Session 6 - Sheet C,19:00,CAN,SUI,6,5
133,23,TUE 18 FEB 2020,Round Robin Session 6 - Sheet D,19:00,JPN,RUS,5,7
133,24,TUE 18 FEB 2020,Round Robin Session 6 - Sheet E,19:00,KOR,NOR,9,3
133,25,TUE 18 FEB 2020,Round Robin Session 5 - Sheet A,9:00,RUS,SWE,3,8
133,26,TUE 18 FEB 2020,Round Robin Session 5 - Sheet B,9:00,LAT,NOR,7,6
133,27,TUE 18 FEB 2020,Round Robin Session 5 - Sheet C,9:00,DEN,JPN,6,3
133,28,TUE 18 FEB 2020,Round Robin Session 5 - Sheet D,9:00,SUI,KOR,3,8
133,29,TUE 18 FEB 2020,Round Robin Session 5 - Sheet E,9:00,CAN,HUN,12,4
133,30,MON 17 FEB 2020,Round Robin Session 4 - Sheet A,14:00,JPN,LAT,9,2
133,31,MON 17 FEB 2020,Round Robin Session 4 - Sheet B,14:00,RUS,CAN,6,9
133,32,MON 17 FEB 2020,Round Robin Session 4 - Sheet C,14:00,KOR,SWE,10,5
133,33,MON 17 FEB 2020,Round Robin Session 4 - Sheet D,14:00,HUN,DEN,4,10
133,34,MON 17 FEB 2020,Round Robin Session 4 - Sheet E,14:00,NOR,SUI,8,7
133,35,SUN 16 FEB 2020,Round Robin Session 3 - Sheet A,19:00,HUN,SUI,2,10
133,36,SUN 16 FEB 2020,Round Robin Session 3 - Sheet B,19:00,DEN,KOR,1,7
133,37,SUN 16 FEB 2020,Round Robin Session 3 - Sheet C,19:00,NOR,CAN,5,6
133,38,SUN 16 FEB 2020,Round Robin Session 3 - Sheet D,19:00,RUS,LAT,7,4
133,39,SUN 16 FEB 2020,Round Robin Session 3 - Sheet E,19:00,SWE,JPN,6,9
133,40,SUN 16 FEB 2020,Round Robin Session 2 - Sheet A,9:00,SWE,CAN,1,9
133,41,SUN 16 FEB 2020,Round Robin Session 2 - Sheet B,9:00,NOR,JPN,5,7
133,42,SUN 16 FEB 2020,Round Robin Session 2 - Sheet C,9:00,LAT,DEN,4,8
133,43,SUN 16 FEB 2020,Round Robin Session 2 - Sheet D,9:00,KOR,HUN,7,1
133,44,SUN 16 FEB 2020,Round Robin Session 2 - Sheet E,9:00,SUI,RUS,6,7
133,45,SAT 15 FEB 2020,Round Robin Session 1 - Sheet A,14:00,DEN,NOR,8,7
133,46,SAT 15 FEB 2020,Round Robin Session 1 - Sheet B,14:00,SUI,SWE,10,9
133,47,SAT 15 FEB 2020,Round Robin Session 1 - Sheet C,14:00,RUS,HUN,10,4
133,48,SAT 15 FEB 2020,Round Robin Session 1 - Sheet D,14:00,CAN,JPN,7,8
133,49,SAT 15 FEB 2020,Round Robin Session 1 - Sheet E,14:00,LAT,KOR,3,9
141,1,SAT 23 NOV 2019,Gold Medal Game,10:00,SWE,SUI,9,3
141,2,FRI 22 NOV 2019,Bronze Medal Game,19:00,SCO,DEN,7,2
141,3,THU 21 NOV 2019,Semi-final - Sheet C,19:00,DEN,SUI,5,8
141,4,THU 21 NOV 2019,Semi-final - Sheet D,19:00,SWE,SCO,8,4
141,5,THU 21 NOV 2019,Round Robin Session 9 - Sheet A,9:00,GER,DEN,5,7
141,6,THU 21 NOV 2019,Round Robin Session 9 - Sheet B,9:00,ENG,RUS,3,6
141,7,THU 21 NOV 2019,Round Robin Session 9 - Sheet C,9:00,SCO,SWE,3,7
141,8,THU 21 NOV 2019,Round Robin Session 9 - Sheet D,9:00,NOR,NED,5,4
141,9,THU 21 NOV 2019,Round Robin Session 9 - Sheet E,9:00,ITA,SUI,5,7
141,10,WED 20 NOV 2019,Round Robin Session 8 - Sheet A,14:00,NED,ITA,6,7
141,11,WED 20 NOV 2019,Round Robin Session 8 - Sheet B,14:00,GER,SWE,5,10
141,12,WED 20 NOV 2019,Round Robin Session 8 - Sheet C,14:00,ENG,DEN,4,8
141,13,WED 20 NOV 2019,Round Robin Session 8 - Sheet D,14:00,SUI,SCO,8,3
141,14,WED 20 NOV 2019,Round Robin Session 8 - Sheet E,14:00,RUS,NOR,5,6
141,15,TUE 19 NOV 2019,Round Robin Session 7 - Sheet A,19:00,SCO,ENG,7,5
141,16,TUE 19 NOV 2019,Round Robin Session 7 - Sheet B,19:00,DEN,ITA,9,8
141,17,TUE 19 NOV 2019,Round Robin Session 7 - Sheet C,19:00,RUS,NED,4,12
141,18,TUE 19 NOV 2019,Round Robin Session 7 - Sheet D,19:00,SWE,NOR,7,2
141,19,TUE 19 NOV 2019,Round Robin Session 7 - Sheet E,19:00,SUI,GER,4,5
141,20,TUE 19 NOV 2019,Round Robin Session 6 - Sheet A,9:00,SWE,RUS,9,2
141,21,TUE 19 NOV 2019,Round Robin Session 6 - Sheet B,9:00,NOR,SUI,9,4
141,22,TUE 19 NOV 2019,Round Robin Session 6 - Sheet C,9:00,GER,SCO,2,7
141,23,TUE 19 NOV 2019,Round Robin Session 6 - Sheet D,9:00,ENG,ITA,2,8
141,24,TUE 19 NOV 2019,Round Robin Session 6 - Sheet E,9:00,DEN,NED,6,7
141,25,MON 18 NOV 2019,Round Robin Session 5 - Sheet A,16:00,ITA,NOR,8,7
141,26,MON 18 NOV 2019,Round Robin Session 5 - Sheet B,16:00,SWE,NED,10,3
141,27,MON 18 NOV 2019,Round Robin Session 5 - Sheet C,16:00,SUI,ENG,8,7
141,28,MON 18 NOV 2019,Round Robin Session 5 - Sheet D,16:00,SCO,DEN,5,6
141,29,MON 18 NOV 2019,Round Robin Session 5 - Sheet E,16:00,GER,RUS,11,7
141,30,MON 18 NOV 2019,Round Robin Session 4 - Sheet A,8:00,ENG,SWE,4,9
141,31,MON 18 NOV 2019,Round Robin Session 4 - Sheet B,8:00,ITA,GER,10,3
141,32,MON 18 NOV 2019,Round Robin Session 4 - Sheet C,8:00,DEN,NOR,7,8
141,33,MON 18 NOV 2019,Round Robin Session 4 - Sheet D,8:00,RUS,SUI,6,10
141,34,MON 18 NOV 2019,Round Robin Session 4 - Sheet E,8:00,NED,SCO,3,9
141,35,SUN 17 NOV 2019,Round Robin Session 3 - Sheet A,14:00,RUS,SCO,8,5
141,36,SUN 17 NOV 2019,Round Robin Session 3 - Sheet B,14:00,SUI,DEN,11,5
141,37,SUN 17 NOV 2019,Round Robin Session 3 - Sheet C,14:00,NED,GER,4,6
141,38,SUN 17 NOV 2019,Round Robin Session 3 - Sheet D,14:00,ITA,SWE,4,11
141,39,SUN 17 NOV 2019,Round Robin Session 3 - Sheet E,14:00,NOR,ENG,9,4
141,41,SAT 16 NOV 2019,Round Robin Session 2 - Sheet A,20:00,NOR,GER,6,2
141,42,SAT 16 NOV 2019,Round Robin Session 2 - Sheet B,20:00,NED,ENG,8,5
141,43,SAT 16 NOV 2019,Round Robin Session 2 - Sheet C,20:00,SWE,SUI,8,5
141,44,SAT 16 NOV 2019,Round Robin Session 2 - Sheet D,20:00,DEN,RUS,6,4
141,45,SAT 16 NOV 2019,Round Robin Session 2 - Sheet E,20:00,SCO,ITA,7,5
141,46,SAT 16 NOV 2019,Round Robin Session 1 - Sheet A,9:00,SUI,NED,9,4
141,47,SAT 16 NOV 2019,Round Robin Session 1 - Sheet B,9:00,SCO,NOR,10,4
141,48,SAT 16 NOV 2019,Round Robin Session 1 - Sheet C,9:00,ITA,RUS,8,6
141,49,SAT 16 NOV 2019,Round Robin Session 1 - Sheet D,9:00,GER,ENG,9,8
141,50,SAT 16 NOV 2019,Round Robin Session 1 - Sheet E,9:00,SWE,DEN,9,3
142,1,SAT 23 NOV 2019,Gold Medal Game,15:00,SCO,SWE,4,5
142,2,FRI 22 NOV 2019,Bronze Medal Game,19:00,RUS,SUI,5,6
142,3,FRI 22 NOV 2019,Semi-final - Sheet C,14:00,SWE,RUS,9,3
142,4,FRI 22 NOV 2019,Semi-final - Sheet D,14:00,SCO,SUI,3,2
142,5,THU 21 NOV 2019,Round Robin Session 9 - Sheet A,14:00,SUI,LAT,9,3
142,6,THU 21 NOV 2019,Round Robin Session 9 - Sheet B,14:00,GER,NOR,7,5
142,7,THU 21 NOV 2019,Round Robin Session 9 - Sheet C,14:00,DEN,CZE,5,7
142,8,THU 21 NOV 2019,Round Robin Session 9 - Sheet D,14:00,SWE,RUS,6,8
142,9,THU 21 NOV 2019,Round Robin Session 9 - Sheet E,14:00,SCO,EST,7,6
142,10,WED 20 NOV 2019,Round Robin Session 8 - Sheet A,19:00,RUS,SCO,10,5
142,11,WED 20 NOV 2019,Round Robin Session 8 - Sheet B,19:00,SUI,CZE,10,7
142,12,WED 20 NOV 2019,Round Robin Session 8 - Sheet C,19:00,GER,LAT,11,4
142,13,WED 20 NOV 2019,Round Robin Session 8 - Sheet D,19:00,EST,DEN,9,4
142,14,WED 20 NOV 2019,Round Robin Session 8 - Sheet E,19:00,NOR,SWE,6,9
142,15,WED 20 NOV 2019,Round Robin Session 7 - Sheet A,9:00,DEN,GER,3,9
142,16,WED 20 NOV 2019,Round Robin Session 7 - Sheet B,9:00,LAT,SCO,4,10
142,17,WED 20 NOV 2019,Round Robin Session 7 - Sheet C,9:00,NOR,RUS,2,9
142,18,WED 20 NOV 2019,Round Robin Session 7 - Sheet D,9:00,CZE,SWE,4,8
142,19,WED 20 NOV 2019,Round Robin Session 7 - Sheet E,9:00,EST,SUI,6,11
142,20,TUE 19 NOV 2019,Round Robin Session 6 - Sheet A,14:00,CZE,NOR,6,5
142,21,TUE 19 NOV 2019,Round Robin Session 6 - Sheet B,14:00,SWE,EST,7,3
142,22,TUE 19 NOV 2019,Round Robin Session 6 - Sheet C,14:00,SUI,DEN,6,4
142,23,TUE 19 NOV 2019,Round Robin Session 6 - Sheet D,14:00,GER,SCO,5,10
142,24,TUE 19 NOV 2019,Round Robin Session 6 - Sheet E,14:00,LAT,RUS,5,8
142,25,MON 18 NOV 2019,Round Robin Session 5 - Sheet A,20:00,SCO,SWE,4,11
142,26,MON 18 NOV 2019,Round Robin Session 5 - Sheet B,20:00,CZE,RUS,3,7
142,27,MON 18 NOV 2019,Round Robin Session 5 - Sheet C,20:00,EST,GER,6,7
142,28,MON 18 NOV 2019,Round Robin Session 5 - Sheet D,20:00,DEN,LAT,8,4
142,29,MON 18 NOV 2019,Round Robin Session 5 - Sheet E,20:00,SUI,NOR,11,3
142,30,MON 18 NOV 2019,Round Robin Session 4 - Sheet A,12:00,GER,CZE,9,8
142,31,MON 18 NOV 2019,Round Robin Session 4 - Sheet B,12:00,SCO,SUI,9,8
142,32,MON 18 NOV 2019,Round Robin Session 4 - Sheet C,12:00,LAT,SWE,2,9
142,33,MON 18 NOV 2019,Round Robin Session 4 - Sheet D,12:00,NOR,EST,7,6
142,34,MON 18 NOV 2019,Round Robin Session 4 - Sheet E,12:00,RUS,DEN,9,3
142,35,SUN 17 NOV 2019,Round Robin Session 3 - Sheet A,19:00,NOR,DEN,3,7
142,36,SUN 17 NOV 2019,Round Robin Session 3 - Sheet B,19:00,EST,LAT,9,10
142,37,SUN 17 NOV 2019,Round Robin Session 3 - Sheet C,19:00,RUS,SUI,3,7
142,38,SUN 17 NOV 2019,Round Robin Session 3 - Sheet D,19:00,SCO,CZE,8,5
142,39,SUN 17 NOV 2019,Round Robin Session 3 - Sheet E,19:00,SWE,GER,6,3
142,40,SUN 17 NOV 2019,Round Robin Session 2 - Sheet A,9:00,SWE,SUI,3,9
142,41,SUN 17 NOV 2019,Round Robin Session 2 - Sheet B,9:00,RUS,GER,7,5
142,42,SUN 17 NOV 2019,Round Robin Session 2 - Sheet C,9:00,CZE,EST,5,6
142,43,SUN 17 NOV 2019,Round Robin Session 2 - Sheet D,9:00,LAT,NOR,5,6
142,44,SUN 17 NOV 2019,Round Robin Session 2 - Sheet E,9:00,DEN,SCO,6,7
142,45,SAT 16 NOV 2019,Round Robin Session 1 - Sheet A,15:00,EST,RUS,1,7
142,46,SAT 16 NOV 2019,Round Robin Session 1 - Sheet B,15:00,DEN,SWE,3,6
142,47,SAT 16 NOV 2019,Round Robin Session 1 - Sheet C,15:00,SCO,NOR,7,4
142,48,SAT 16 NOV 2019,Round Robin Session 1 - Sheet D,15:00,SUI,GER,6,5
142,49,SAT 16 NOV 2019,Round Robin Session 1 - Sheet E,15:00,CZE,LAT,8,2
145,1,SAT 9 NOV 2019,Gold Medal Game,15:00,KOR,JPN,11,2
145,2,FRI 8 NOV 2019,Semi-final 2,14:00,JPN,CHN,7,5
145,3,THU 7 NOV 2019,Round Robin Session 9 - Sheet D,14:00,KOR,CHN,11,1
145,4,WED 6 NOV 2019,Round Robin Session 8 - Sheet C,19:00,JPN,CHN,8,7
145,5,TUE 5 NOV 2019,Round Robin Session 5 - Sheet A,9:00,CHN,AUS,10,5
145,6,MON 4 NOV 2019,Round Robin Session 4 - Sheet B,14:00,CHN,TPE,16,2
145,7,SUN 3 NOV 2019,Round Robin Session 2 - Sheet E,9:00,KOR,JPN,8,6
145,8,SAT 2 NOV 2019,Round Robin Session 1 - Sheet E,14:00,CHN,NZL,10,4
146,1,SAT 9 NOV 2019,Gold Medal Game,11:00,CHN,JPN,10,3
146,2,FRI 8 NOV 2019,Bronze Medal Game,19:00,KOR,HKG,13,2
146,3,FRI 8 NOV 2019,Semi-final 2,9:00,CHN,KOR,8,2
146,4,THU 7 NOV 2019,Semi-final 1,18:00,HKG,JPN,5,12
146,5,THU 7 NOV 2019,Round Robin Session 7 - Sheet B,9:00,AUS,CHN,2,11
146,6,WED 6 NOV 2019,Round Robin Session 6 - Sheet E,14:00,JPN,HKG,15,1
146,7,MON 4 NOV 2019,Round Robin Session 4 - Sheet E,19:00,KOR,CHN,7,6
146,8,MON 4 NOV 2019,Round Robin Session 3 - Sheet E,9:00,CHN,JPN,7,6
146,9,SAT 2 NOV 2019,Round Robin Session 1 - Sheet B,19:00,JPN,KOR,6,5
148,1,SUN 12 MAY 2019,Final - Sheet C,16:00,CAN,SUI,9,6
148,2,SAT 11 MAY 2019,Round Robin Session 15,19:30 Group-B - Sheet B,KOR,SUI,7,6
148,3,SAT 11 MAY 2019,Round Robin Session 15,19:30 Group-A - Sheet C,CAN,USA,5,6
148,4,SAT 11 MAY 2019,Round Robin Session 15,19:30 Group-A - Sheet D,JPN,CHN,7,2
148,5,SAT 11 MAY 2019,Round Robin Session 15,19:30 Group-B - Sheet E,SWE,RUS,3,8
148,6,SAT 11 MAY 2019,Round Robin Session 13,12:00 Group-B - Sheet A,RUS,KOR,8,6
148,7,SAT 11 MAY 2019,Round Robin Session 13,12:00 Group-B - Sheet D,SUI,SWE,5,7
148,8,SAT 11 MAY 2019,Round Robin Session 13,12:00 Group-A - Sheet E,USA,JPN,9,4
148,9,SAT 11 MAY 2019,Round Robin Session 12,8:30 Group-A - Sheet E,CHN,CAN,7,4
148,10,FRI 10 MAY 2019,Round Robin Session 11,19:30 Group-B - Sheet B,SUI,RUS,7,5
148,11,FRI 10 MAY 2019,Round Robin Session 11,19:30 Group-B - Sheet D,SWE,KOR,8,4
148,12,FRI 10 MAY 2019,Round Robin Session 10,16:00 Group-A - Sheet A,JPN,CAN,6,7
148,13,FRI 10 MAY 2019,Round Robin Session 10,16:00 Group-A - Sheet B,USA,CHN,3,7
148,14,FRI 10 MAY 2019,Round Robin Session 9,12:00 Group-B - Sheet B,RUS,SWE,8,5
148,15,FRI 10 MAY 2019,Round Robin Session 9,12:00 Group-B - Sheet C,SUI,KOR,8,4
148,16,FRI 10 MAY 2019,Round Robin Session 8,8:30 Group-A - Sheet C,CHN,JPN,5,6
148,17,FRI 10 MAY 2019,Round Robin Session 8,8:30 Group-A - Sheet D,USA,CAN,7,8
148,18,THU 9 MAY 2019,Round Robin Session 7,19:30 Group-B - Sheet A,SWE,SUI,2,6
148,19,THU 9 MAY 2019,Round Robin Session 6,16:00 Group-B - Sheet A,KOR,RUS,5,7
148,20,THU 9 MAY 2019,Round Robin Session 5,12:00 Group-A - Sheet E,JPN,USA,7,5
148,21,THU 9 MAY 2019,Round Robin Session 4,8:30 Group-A - Sheet E,CAN,CHN,4,1
148,22,WED 8 MAY 2019,Round Robin Session 1,15:00 Group-A - Sheet A,CAN,JPN,10,1
148,23,WED 8 MAY 2019,Round Robin Session 1,15:00 Group-A - Sheet B,CHN,USA,9,2
148,24,WED 8 MAY 2019,Round Robin Session 1,15:00 Group-B - Sheet C,KOR,SWE,5,4
148,25,WED 8 MAY 2019,Round Robin Session 1,15:00 Group-B - Sheet D,RUS,SUI,4,6
148,26,SUN 12 MAY 2019,Final - Sheet C,9:00,CHN,CAN2,3,5
148,27,SAT 11 MAY 2019,Round Robin Session 14,16:00 Group-A - Sheet B,USA,SWE,6,4
148,28,SAT 11 MAY 2019,Round Robin Session 14,16:00 Group-B - Sheet C,NOR,SUI,8,2
148,29,SAT 11 MAY 2019,Round Robin Session 14,16:00 Group-B - Sheet D,SCO,CAN2,6,7
148,30,SAT 11 MAY 2019,Round Robin Session 14,16:00 Group-A - Sheet E,CAN1,CHN,3,4
148,31,SAT 11 MAY 2019,Round Robin Session 12,8:30 Group-A - Sheet A,SWE,CAN1,3,4
148,32,SAT 11 MAY 2019,Round Robin Session 12,8:30 Group-B - Sheet B,CAN2,NOR,4,3
148,33,SAT 11 MAY 2019,Round Robin Session 12,8:30 Group-A - Sheet C,CHN,USA,6,3
148,34,SAT 11 MAY 2019,Round Robin Session 12,8:30 Group-B - Sheet D,SUI,SCO,2,7
148,35,FRI 10 MAY 2019,Round Robin Session 10,16:00 Group-B - Sheet C,SCO,NOR,6,5
148,36,FRI 10 MAY 2019,Round Robin Session 10,16:00 Group-B - Sheet E,SUI,CAN2,9,3
148,37,FRI 10 MAY 2019,Round Robin Session 9,12:00 Group-A - Sheet A,CAN1,USA,5,2
148,38,FRI 10 MAY 2019,Round Robin Session 9,12:00 Group-A - Sheet D,SWE,CHN,5,0
148,39,THU 9 MAY 2019,Round Robin Session 7,19:30 Group-A - Sheet B,CHN,CAN1,7,5
148,40,THU 9 MAY 2019,Round Robin Session 7,19:30 Group-B - Sheet C,CAN2,SCO,9,2
148,41,THU 9 MAY 2019,Round Robin Session 7,19:30 Group-B - Sheet D,SUI,NOR,8,2
148,42,THU 9 MAY 2019,Round Robin Session 7,19:30 Group-A - Sheet E,SWE,USA,5,2
148,43,THU 9 MAY 2019,Round Robin Session 5,12:00 Group-B - Sheet A,NOR,CAN2,4,5
148,44,THU 9 MAY 2019,Round Robin Session 5,12:00 Group-B - Sheet B,SCO,SUI,6,2
148,45,THU 9 MAY 2019,Round Robin Session 5,12:00 Group-A - Sheet C,USA,CHN,7,3
148,46,THU 9 MAY 2019,Round Robin Session 5,12:00 Group-A - Sheet D,CAN1,SWE,4,5
148,47,WED 8 MAY 2019,Round Robin Session 3,21:00 Group-A - Sheet A,USA,CAN1,7,6
148,48,WED 8 MAY 2019,Round Robin Session 3,21:00 Group-A - Sheet B,CHN,SWE,7,6
148,49,WED 8 MAY 2019,Round Robin Session 3,21:00 Group-B - Sheet C,NOR,SCO,5,9
148,50,WED 8 MAY 2019,Round Robin Session 3,21:00 Group-B - Sheet D,CAN2,SUI,2,6
148,51,SUN 12 MAY 2019,Final - Sheet C,13:00,CAN1,NOR,3,8
148,52,SAT 11 MAY 2019,Round Robin Session 15,19:30 Group-B - Sheet A,NOR,SUI2,8,5
148,53,SAT 11 MAY 2019,Round Robin Session 14,16:00 Group-B - Sheet A,CAN2,RUS,7,6
148,54,SAT 11 MAY 2019,Round Robin Session 13,12:00 Group-A - Sheet B,CAN1,SUI1,9,4
148,55,SAT 11 MAY 2019,Round Robin Session 13,12:00 Group-A - Sheet C,CHN,USA,5,7
148,56,FRI 10 MAY 2019,Round Robin Session 11,19:30 Group-B - Sheet A,RUS,NOR,1,7
148,57,FRI 10 MAY 2019,Round Robin Session 11,19:30 Group-B - Sheet C,SUI2,CAN2,3,5
148,58,FRI 10 MAY 2019,Round Robin Session 11,19:30 Group-A - Sheet E,SUI1,CHN,10,1
148,59,FRI 10 MAY 2019,Round Robin Session 10,16:00 Group-A - Sheet D,USA,CAN1,8,9
148,60,FRI 10 MAY 2019,Round Robin Session 9,12:00 Group-B - Sheet E,NOR,CAN2,7,8
148,61,FRI 10 MAY 2019,Round Robin Session 8,8:30 Group-A - Sheet A,CHN,CAN1,2,9
148,62,FRI 10 MAY 2019,Round Robin Session 8,8:30 Group-A - Sheet B,SUI1,USA,10,8
148,63,FRI 10 MAY 2019,Round Robin Session 8,8:30 Group-B - Sheet E,RUS,SUI2,8,9
148,64,THU 9 MAY 2019,Round Robin Session 6,16:00 Group-B - Sheet B,RUS,CAN2,5,6
148,65,THU 9 MAY 2019,Round Robin Session 6,16:00 Group-A - Sheet C,USA,CHN,13,4
148,66,THU 9 MAY 2019,Round Robin Session 6,16:00 Group-A - Sheet D,SUI1,CAN1,5,6
148,67,THU 9 MAY 2019,Round Robin Session 6,16:00 Group-B - Sheet E,SUI2,NOR,6,7
148,68,THU 9 MAY 2019,Round Robin Session 4,8:30 Group-B - Sheet A,CAN2,SUI2,4,10
148,69,THU 9 MAY 2019,Round Robin Session 4,8:30 Group-B - Sheet B,NOR,RUS,10,3
148,70,THU 9 MAY 2019,Round Robin Session 4,8:30 Group-A - Sheet C,CAN1,USA,7,8
148,71,THU 9 MAY 2019,Round Robin Session 4,8:30 Group-A - Sheet D,CHN,SUI1,9,7
148,72,WED 8 MAY 2019,Round Robin Session 2,18:30 Group-A - Sheet A,CAN1,CHN,7,3
148,73,WED 8 MAY 2019,Round Robin Session 2,18:30 Group-A - Sheet B,USA,SUI1,8,5
148,74,WED 8 MAY 2019,Round Robin Session 2,18:30 Group-B - Sheet C,CAN2,NOR,5,6
148,75,WED 8 MAY 2019,Round Robin Session 2,18:30 Group-B - Sheet D,SUI2,RUS,7,8
149,1,SAT 27 APR 2019,Gold Medal Game - Sheet C,16:00,SWE,CAN,6,5
149,2,SAT 27 APR 2019,Bronze Medal Game - Sheet C,13:00,AUS,USA,4,5
149,3,SAT 27 APR 2019,Semi-final - Sheet B,9:00,CAN,USA,9,5
149,4,SAT 27 APR 2019,Semi-final - Sheet D,9:00,SWE,AUS,7,5
149,5,FRI 26 APR 2019,Quarter-final - Sheet B,18:00,AUS,JPN,6,5
149,6,FRI 26 APR 2019,Quarter-final - Sheet C,18:00,SWE,CZE,8,3
149,7,FRI 26 APR 2019,Quarter-final - Sheet D,18:00,CAN,RUS,7,3
149,8,FRI 26 APR 2019,Quarter-final - Sheet E,18:00,EST,USA,5,9
149,9,FRI 26 APR 2019,1/8 Final Session 2 - Sheet B,13:00,SCO,EST,3,8
149,10,FRI 26 APR 2019,1/8 Final Session 2 - Sheet C,13:00,ESP,RUS,5,8
149,11,FRI 26 APR 2019,1/8 Final Session 2 - Sheet D,13:00,ENG,USA,4,7
149,12,FRI 26 APR 2019,1/8 Final Session 2 - Sheet E,13:00,CAN,FIN,7,2
149,13,FRI 26 APR 2019,1/8 Final Session 1 - Sheet B,9:00,NZL,SWE,4,9
149,14,FRI 26 APR 2019,1/8 Final Session 1 - Sheet C,9:00,AUS,SUI,8,1
149,15,FRI 26 APR 2019,1/8 Final Session 1 - Sheet D,9:00,JPN,HUN,9,4
149,16,FRI 26 APR 2019,1/8 Final Session 1 - Sheet E,9:00,CZE,NOR,5,4
154,1,SUN 7 APR 2019,Gold Medal Game,17:00,SWE,CAN,7,2
154,2,SUN 7 APR 2019,Bronze Medal Game - Sheet B,12:00,JPN,SUI,4,8
154,3,SAT 6 APR 2019,Semi-final 2 - Sheet B,19:00,SUI,CAN,5,6
154,4,SAT 6 APR 2019,Semi-final 1,14:00,SWE,JPN,8,2
154,5,SAT 6 APR 2019,Qualification Game 3 v 6,9:00,SCO,CAN,5,6
154,6,SAT 6 APR 2019,Qualification Game 4 v 5,9:00,JPN,USA,7,6
154,7,FRI 5 APR 2019,Round Robin Session 20 - Sheet A,19:00,SUI,CHN,8,4
154,8,FRI 5 APR 2019,Round Robin Session 20 - Sheet B,19:00,USA,NOR,8,4
154,9,FRI 5 APR 2019,Round Robin Session 20 - Sheet C,19:00,ITA,SCO,5,9
154,10,FRI 5 APR 2019,Round Robin Session 20 - Sheet D,19:00,NED,CAN,5,6
154,11,FRI 5 APR 2019,Round Robin Session 19 - Sheet A,14:00,SCO,GER,9,2
154,12,FRI 5 APR 2019,Round Robin Session 19 - Sheet B,14:00,ITA,SWE,4,7
154,13,FRI 5 APR 2019,Round Robin Session 19 - Sheet C,14:00,KOR,NED,7,8
154,14,FRI 5 APR 2019,Round Robin Session 19 - Sheet D,14:00,JPN,RUS,7,5
154,15,FRI 5 APR 2019,Round Robin Session 18 - Sheet A,9:00,RUS,NOR,8,5
154,16,FRI 5 APR 2019,Round Robin Session 18 - Sheet B,9:00,CHN,GER,4,6
154,17,FRI 5 APR 2019,Round Robin Session 18 - Sheet C,9:00,CAN,SUI,10,3
154,18,FRI 5 APR 2019,Round Robin Session 18 - Sheet D,9:00,SWE,USA,8,4
154,19,THU 4 APR 2019,Round Robin Session 17 - Sheet A,19:00,NED,ITA,4,6
154,20,THU 4 APR 2019,Round Robin Session 17 - Sheet B,19:00,CAN,SCO,6,8
154,21,THU 4 APR 2019,Round Robin Session 17 - Sheet C,19:00,USA,JPN,10,4
154,22,THU 4 APR 2019,Round Robin Session 17 - Sheet D,19:00,NOR,KOR,5,8
154,23,THU 4 APR 2019,Round Robin Session 16 - Sheet A,14:00,KOR,SWE,5,7
154,24,THU 4 APR 2019,Round Robin Session 16 - Sheet B,14:00,SUI,JPN,6,5
154,25,THU 4 APR 2019,Round Robin Session 16 - Sheet C,14:00,GER,RUS,12,6
154,26,THU 4 APR 2019,Round Robin Session 16 - Sheet D,14:00,SCO,CHN,9,6
154,27,THU 4 APR 2019,Round Robin Session 15 - Sheet A,9:00,USA,CAN,3,6
154,28,THU 4 APR 2019,Round Robin Session 15 - Sheet B,9:00,RUS,NED,7,4
154,29,THU 4 APR 2019,Round Robin Session 15 - Sheet C,9:00,NOR,CHN,3,8
154,30,THU 4 APR 2019,Round Robin Session 15 - Sheet D,9:00,ITA,SUI,6,5
154,31,WED 3 APR 2019,Round Robin Session 14 - Sheet A,19:00,JPN,SCO,8,6
154,32,WED 3 APR 2019,Round Robin Session 14 - Sheet B,19:00,KOR,ITA,4,9
154,33,WED 3 APR 2019,Round Robin Session 14 - Sheet C,19:00,SWE,CAN,9,4
154,34,WED 3 APR 2019,Round Robin Session 14 - Sheet D,19:00,NED,GER,6,7
154,35,WED 3 APR 2019,Round Robin Session 13 - Sheet A,14:00,GER,NOR,3,5
154,36,WED 3 APR 2019,Round Robin Session 13 - Sheet B,14:00,CHN,USA,5,7
154,37,WED 3 APR 2019,Round Robin Session 13 - Sheet C,14:00,SUI,KOR,11,2
154,38,WED 3 APR 2019,Round Robin Session 13 - Sheet D,14:00,RUS,SWE,5,9
154,39,WED 3 APR 2019,Round Robin Session 12 - Sheet A,9:00,CHN,NED,5,10
154,40,WED 3 APR 2019,Round Robin Session 12 - Sheet B,9:00,SCO,NOR,8,4
154,41,WED 3 APR 2019,Round Robin Session 12 - Sheet C,9:00,USA,ITA,8,3
154,42,WED 3 APR 2019,Round Robin Session 12 - Sheet D,9:00,CAN,JPN,3,9
154,43,TUE 2 APR 2019,Round Robin Session 11 - Sheet A,19:00,ITA,RUS,5,3
154,44,TUE 2 APR 2019,Round Robin Session 11 - Sheet B,19:00,SWE,SUI,9,4
154,45,TUE 2 APR 2019,Round Robin Session 11 - Sheet C,19:00,JPN,GER,6,4
154,46,TUE 2 APR 2019,Round Robin Session 11 - Sheet D,19:00,KOR,SCO,3,7
154,47,TUE 2 APR 2019,Round Robin Session 10 - Sheet A,14:00,SUI,USA,7,4
154,48,TUE 2 APR 2019,Round Robin Session 10 - Sheet B,14:00,GER,CAN,4,7
154,49,TUE 2 APR 2019,Round Robin Session 10 - Sheet C,14:00,NOR,NED,9,4
154,50,TUE 2 APR 2019,Round Robin Session 10 - Sheet D,14:00,RUS,CHN,7,1
154,51,TUE 2 APR 2019,Round Robin Session 9 - Sheet B,9:00,JPN,KOR,8,7
154,52,TUE 2 APR 2019,Round Robin Session 9 - Sheet C,9:00,SCO,SWE,6,5
154,53,TUE 2 APR 2019,Round Robin Session 9 - Sheet D,9:00,NOR,ITA,4,10
154,54,MON 1 APR 2019,Round Robin Session 8 - Sheet A,19:00,SWE,JPN,8,3
154,55,MON 1 APR 2019,Round Robin Session 8 - Sheet B,19:00,RUS,USA,3,10
154,56,MON 1 APR 2019,Round Robin Session 8 - Sheet C,19:00,CHN,KOR,9,8
154,57,MON 1 APR 2019,Round Robin Session 8 - Sheet D,19:00,SUI,GER,9,6
154,58,MON 1 APR 2019,Round Robin Session 7 - Sheet A,14:00,NED,SUI,6,7
154,59,MON 1 APR 2019,Round Robin Session 7 - Sheet B,14:00,ITA,CHN,8,2
154,60,MON 1 APR 2019,Round Robin Session 7 - Sheet C,14:00,CAN,NOR,10,2
154,61,MON 1 APR 2019,Round Robin Session 7 - Sheet D,14:00,USA,SCO,9,8
154,62,MON 1 APR 2019,Round Robin Session 6 - Sheet A,9:00,KOR,RUS,4,6
154,63,MON 1 APR 2019,Round Robin Session 6 - Sheet B,9:00,NED,JPN,7,9
154,64,MON 1 APR 2019,Round Robin Session 6 - Sheet C,9:00,GER,SWE,2,8
154,65,SUN 31 MAR 2019,Round Robin Session 5 - Sheet A,19:00,GER,USA,6,8
154,66,SUN 31 MAR 2019,Round Robin Session 5 - Sheet B,19:00,NOR,SWE,5,11
154,67,SUN 31 MAR 2019,Round Robin Session 5 - Sheet C,19:00,RUS,SUI,7,9
154,68,SUN 31 MAR 2019,Round Robin Session 5 - Sheet D,19:00,CHN,CAN,6,8
154,69,SUN 31 MAR 2019,Round Robin Session 4 - Sheet A,14:00,SCO,NED,4,5
154,70,SUN 31 MAR 2019,Round Robin Session 4 - Sheet B,14:00,USA,KOR,6,3
154,71,SUN 31 MAR 2019,Round Robin Session 4 - Sheet C,14:00,ITA,CAN,5,9
154,72,SUN 31 MAR 2019,Round Robin Session 4 - Sheet D,14:00,JPN,NOR,9,6
154,73,SUN 31 MAR 2019,Round Robin Session 3 - Sheet A,9:00,CHN,JPN,6,9
154,74,SUN 31 MAR 2019,Round Robin Session 3 - Sheet B,9:00,SUI,SCO,5,4
154,75,SUN 31 MAR 2019,Round Robin Session 3 - Sheet C,9:00,KOR,GER,9,10
154,76,SUN 31 MAR 2019,Round Robin Session 3 - Sheet D,9:00,SWE,NED,9,4
154,77,SAT 30 MAR 2019,Round Robin Session 2 - Sheet A,19:00,NOR,SUI,4,10
154,78,SAT 30 MAR 2019,Round Robin Session 2 - Sheet B,19:00,CAN,RUS,11,3
154,79,SAT 30 MAR 2019,Round Robin Session 2 - Sheet C,19:00,SWE,CHN,9,4
154,80,SAT 30 MAR 2019,Round Robin Session 2 - Sheet D,19:00,GER,ITA,3,9
154,81,SAT 30 MAR 2019,Round Robin Session 1 - Sheet A,14:00,CAN,KOR,6,5
154,82,SAT 30 MAR 2019,Round Robin Session 1 - Sheet B,14:00,JPN,ITA,6,4
154,83,SAT 30 MAR 2019,Round Robin Session 1 - Sheet C,14:00,NED,USA,6,5
154,84,SAT 30 MAR 2019,Round Robin Session 1 - Sheet D,14:00,SCO,RUS,8,2
155,1,SUN 24 MAR 2019,Gold Medal Game,16:00,SWE,SUI,7,8
155,2,SUN 24 MAR 2019,Bronze Medal Game - Sheet C,10:00,JPN,KOR,5,7
155,3,SAT 23 MAR 2019,Semi-final 2 - Sheet C,19:00,SWE,JPN,6,3
155,4,SAT 23 MAR 2019,Semi-final 1 - Sheet C,14:00,SUI,KOR,5,3
155,5,SAT 23 MAR 2019,Qualification Game 4 v 5,9:00,SUI,CHN,7,6
155,6,SAT 23 MAR 2019,Qualification Game 3 v 6,9:00,RUS,JPN,3,11
155,7,FRI 22 MAR 2019,Round Robin Session 20 - Sheet A,19:00,CAN,DEN,5,3
155,8,FRI 22 MAR 2019,Round Robin Session 20 - Sheet B,19:00,SCO,KOR,4,7
155,9,FRI 22 MAR 2019,Round Robin Session 20 - Sheet C,19:00,SUI,GER,8,10
155,10,FRI 22 MAR 2019,Round Robin Session 20 - Sheet D,19:00,JPN,SWE,8,9
155,11,FRI 22 MAR 2019,Round Robin Session 19 - Sheet A,14:00,GER,FIN,4,10
155,12,FRI 22 MAR 2019,Round Robin Session 19 - Sheet B,14:00,SUI,USA,5,4
155,13,FRI 22 MAR 2019,Round Robin Session 19 - Sheet C,14:00,CHN,JPN,4,6
155,14,FRI 22 MAR 2019,Round Robin Session 19 - Sheet D,14:00,RUS,LAT,9,4
155,15,FRI 22 MAR 2019,Round Robin Session 18 - Sheet A,9:00,LAT,KOR,7,8
155,16,FRI 22 MAR 2019,Round Robin Session 18 - Sheet B,9:00,DEN,FIN,7,6
155,17,FRI 22 MAR 2019,Round Robin Session 18 - Sheet C,9:00,SWE,CAN,5,3
155,18,FRI 22 MAR 2019,Round Robin Session 18 - Sheet D,9:00,USA,SCO,9,7
155,19,THU 21 MAR 2019,Round Robin Session 17 - Sheet A,19:00,JPN,SUI,6,7
155,20,THU 21 MAR 2019,Round Robin Session 17 - Sheet B,19:00,SWE,GER,8,3
155,21,THU 21 MAR 2019,Round Robin Session 17 - Sheet C,19:00,SCO,RUS,4,7
155,22,THU 21 MAR 2019,Round Robin Session 17 - Sheet D,19:00,KOR,CHN,9,11
155,23,THU 21 MAR 2019,Round Robin Session 16 - Sheet A,14:00,CHN,USA,7,10
155,24,THU 21 MAR 2019,Round Robin Session 16 - Sheet B,14:00,CAN,RUS,9,6
155,25,THU 21 MAR 2019,Round Robin Session 16 - Sheet C,14:00,FIN,LAT,10,8
155,26,THU 21 MAR 2019,Round Robin Session 16 - Sheet D,14:00,GER,DEN,8,6
155,27,THU 21 MAR 2019,Round Robin Session 15 - Sheet A,9:00,SCO,SWE,7,8
155,28,THU 21 MAR 2019,Round Robin Session 15 - Sheet B,9:00,LAT,JPN,3,9
155,29,THU 21 MAR 2019,Round Robin Session 15 - Sheet C,9:00,KOR,DEN,9,5
155,30,THU 21 MAR 2019,Round Robin Session 15 - Sheet D,9:00,SUI,CAN,9,3
155,31,WED 20 MAR 2019,Round Robin Session 14 - Sheet A,19:00,RUS,GER,7,4
155,32,WED 20 MAR 2019,Round Robin Session 14 - Sheet B,19:00,CHN,SUI,8,9
155,33,WED 20 MAR 2019,Round Robin Session 14 - Sheet C,19:00,USA,SWE,7,9
155,34,WED 20 MAR 2019,Round Robin Session 14 - Sheet D,19:00,JPN,FIN,10,4
155,35,WED 20 MAR 2019,Round Robin Session 13 - Sheet A,14:00,FIN,KOR,8,3
155,36,WED 20 MAR 2019,Round Robin Session 13 - Sheet B,14:00,DEN,SCO,9,6
155,37,WED 20 MAR 2019,Round Robin Session 13 - Sheet C,14:00,CAN,CHN,8,7
155,38,WED 20 MAR 2019,Round Robin Session 13 - Sheet D,14:00,LAT,USA,6,9
155,39,WED 20 MAR 2019,Round Robin Session 12 - Sheet A,9:00,DEN,JPN,7,1
155,40,WED 20 MAR 2019,Round Robin Session 12 - Sheet B,9:00,GER,KOR,5,9
155,41,WED 20 MAR 2019,Round Robin Session 12 - Sheet C,9:00,SCO,SUI,1,7
155,42,WED 20 MAR 2019,Round Robin Session 12 - Sheet D,9:00,SWE,RUS,9,4
155,43,TUE 19 MAR 2019,Round Robin Session 11 - Sheet A,19:00,SUI,LAT,8,5
155,44,TUE 19 MAR 2019,Round Robin Session 11 - Sheet B,19:00,USA,CAN,13,6
155,45,TUE 19 MAR 2019,Round Robin Session 11 - Sheet C,19:00,RUS,FIN,9,8
155,46,TUE 19 MAR 2019,Round Robin Session 11 - Sheet D,19:00,CHN,GER,8,6
155,47,TUE 19 MAR 2019,Round Robin Session 10 - Sheet A,14:00,CAN,SCO,5,6
155,48,TUE 19 MAR 2019,Round Robin Session 10 - Sheet B,14:00,FIN,SWE,2,10
155,49,TUE 19 MAR 2019,Round Robin Session 10 - Sheet C,14:00,KOR,JPN,11,4
155,50,TUE 19 MAR 2019,Round Robin Session 10 - Sheet D,14:00,LAT,DEN,11,8
155,51,TUE 19 MAR 2019,Round Robin Session 9 - Sheet B,9:00,RUS,CHN,9,7
155,52,TUE 19 MAR 2019,Round Robin Session 9 - Sheet C,9:00,GER,USA,10,5
155,53,TUE 19 MAR 2019,Round Robin Session 9 - Sheet D,9:00,KOR,SUI,6,5
155,54,MON 18 MAR 2019,Round Robin Session 8 - Sheet A,19:00,USA,RUS,7,8
155,55,MON 18 MAR 2019,Round Robin Session 8 - Sheet B,19:00,LAT,SCO,4,5
155,56,MON 18 MAR 2019,Round Robin Session 8 - Sheet C,19:00,DEN,CHN,4,8
155,57,MON 18 MAR 2019,Round Robin Session 8 - Sheet D,19:00,CAN,FIN,7,6
155,58,MON 18 MAR 2019,Round Robin Session 7 - Sheet A,14:00,JPN,CAN,7,5
155,59,MON 18 MAR 2019,Round Robin Session 7 - Sheet B,14:00,SUI,DEN,9,3
155,60,MON 18 MAR 2019,Round Robin Session 7 - Sheet C,14:00,SWE,KOR,8,4
155,61,MON 18 MAR 2019,Round Robin Session 7 - Sheet D,14:00,SCO,GER,9,8
155,62,MON 18 MAR 2019,Round Robin Session 6 - Sheet A,9:00,CHN,LAT,6,5
155,63,MON 18 MAR 2019,Round Robin Session 6 - Sheet B,9:00,JPN,RUS,4,8
155,64,MON 18 MAR 2019,Round Robin Session 6 - Sheet C,9:00,FIN,USA,3,6
155,65,SUN 17 MAR 2019,Round Robin Session 5 - Sheet A,19:00,FIN,SCO,3,9
155,66,SUN 17 MAR 2019,Round Robin Session 5 - Sheet B,19:00,KOR,USA,9,5
155,67,SUN 17 MAR 2019,Round Robin Session 5 - Sheet C,19:00,LAT,CAN,7,8
155,68,SUN 17 MAR 2019,Round Robin Session 5 - Sheet D,19:00,DEN,SWE,3,7
155,69,SUN 17 MAR 2019,Round Robin Session 4 - Sheet A,14:00,GER,JPN,10,7
155,70,SUN 17 MAR 2019,Round Robin Session 4 - Sheet B,14:00,SCO,CHN,7,10
155,71,SUN 17 MAR 2019,Round Robin Session 4 - Sheet C,14:00,SUI,SWE,5,8
155,72,SUN 17 MAR 2019,Round Robin Session 4 - Sheet D,14:00,RUS,KOR,6,7
155,73,SUN 17 MAR 2019,Round Robin Session 3 - Sheet A,9:00,DEN,RUS,6,7
155,74,SUN 17 MAR 2019,Round Robin Session 3 - Sheet B,9:00,CAN,GER,8,5
155,75,SUN 17 MAR 2019,Round Robin Session 3 - Sheet C,9:00,CHN,FIN,10,2
155,76,SUN 17 MAR 2019,Round Robin Session 3 - Sheet D,9:00,USA,JPN,5,9
155,77,SAT 16 MAR 2019,Round Robin Session 2 - Sheet A,19:30,KOR,CAN,7,6
155,78,SAT 16 MAR 2019,Round Robin Session 2 - Sheet B,19:30,SWE,LAT,8,5
155,79,SAT 16 MAR 2019,Round Robin Session 2 - Sheet C,19:30,USA,DEN,8,6
155,80,SAT 16 MAR 2019,Round Robin Session 2 - Sheet D,19:30,FIN,SUI,6,7
155,82,SAT 16 MAR 2019,Round Robin Session 1 - Sheet A,14:00,SWE,CHN,3,9
155,83,SAT 16 MAR 2019,Round Robin Session 1 - Sheet B,14:00,RUS,SUI,11,5
155,84,SAT 16 MAR 2019,Round Robin Session 1 - Sheet C,14:00,JPN,SCO,10,4
155,85,SAT 16 MAR 2019,Round Robin Session 1 - Sheet D,14:00,GER,LAT,10,5
158,1,SAT 23 FEB 2019,Gold Medal Game,10:00,CAN,SUI,9,4
158,2,FRI 22 FEB 2019,Semi-final - Sheet D,19:30,CAN,NOR,7,5
158,3,THU 21 FEB 2019,Round Robin Session 8 - Sheet D,14:00,SWE,CAN,5,9
158,4,WED 20 FEB 2019,Round Robin Session 7 - Sheet C,19:00,SUI,SCO,6,8
158,5,TUE 19 FEB 2019,Round Robin Session 5 - Sheet A,14:00,NOR,USA,5,9
158,6,MON 18 FEB 2019,Round Robin Session 4 - Sheet E,19:00,SCO,CAN,8,7
158,7,SUN 17 FEB 2019,Round Robin Session 2 - Sheet C,15:00,NZL,SWE,7,5
158,8,SAT 16 FEB 2019,Round Robin Session 1 - Sheet B,19:30,CAN,USA,7,8
159,1,SAT 23 FEB 2019,Gold Medal Game,15:00,CAN,RUS,7,8
159,2,FRI 22 FEB 2019,Round Robin Session 9 - Sheet D,13:30,RUS,CAN,3,8
159,3,THU 21 FEB 2019,Round Robin Session 8 - Sheet B,19:00,JPN,KOR,6,7
159,4,WED 20 FEB 2019,Round Robin Session 6 - Sheet E,14:00,SUI,CAN,4,6
159,5,TUE 19 FEB 2019,Round Robin Session 5 - Sheet B,19:00,KOR,CAN,3,8
159,6,MON 18 FEB 2019,Round Robin Session 3 - Sheet A,14:00,NOR,SWE,2,9
159,7,SUN 17 FEB 2019,Round Robin Session 2 - Sheet B,20:00,CAN,USA,7,6
161,1,SUN 3 FEB 2019,Final - Sheet D,16:00,KOR,SWE,6,4
161,2,SAT 2 FEB 2019,Round Robin Session 15,20:00 Group-A - Sheet E,SWE,RUS,7,6
161,3,SAT 2 FEB 2019,Round Robin Session 14,16:00 Group-B - Sheet B,KOR,SCO,11,3
161,4,SAT 2 FEB 2019,Round Robin Session 14,16:00 Group-B - Sheet C,JPN,USA,7,8
161,5,SAT 2 FEB 2019,Round Robin Session 14,16:00 Group-A - Sheet D,CAN,CHN,4,8
161,6,SAT 2 FEB 2019,Round Robin Session 12,8:30 Group-A - Sheet A,CHN,SWE,2,6
161,7,SAT 2 FEB 2019,Round Robin Session 12,8:30 Group-B - Sheet B,SCO,JPN,5,4
161,8,SAT 2 FEB 2019,Round Robin Session 12,8:30 Group-A - Sheet C,RUS,CAN,7,0
161,9,SAT 2 FEB 2019,Round Robin Session 12,8:30 Group-B - Sheet D,USA,KOR,2,7
161,10,FRI 1 FEB 2019,Round Robin Session 10,16:00 Group-B - Sheet A,USA,SCO,2,3
161,11,FRI 1 FEB 2019,Round Robin Session 10,16:00 Group-B - Sheet D,KOR,JPN,6,3
161,12,FRI 1 FEB 2019,Round Robin Session 9,12:00 Group-A - Sheet A,RUS,CHN,5,4
161,13,FRI 1 FEB 2019,Round Robin Session 9,12:00 Group-A - Sheet E,CAN,SWE,1,8
161,14,THU 31 JAN 2019,Round Robin Session 7,20:00 Group-A - Sheet B,CHN,CAN,6,5
161,15,THU 31 JAN 2019,Round Robin Session 7,20:00 Group-B - Sheet C,USA,JPN,5,8
161,16,THU 31 JAN 2019,Round Robin Session 7,20:00 Group-A - Sheet D,RUS,SWE,5,4
161,17,THU 31 JAN 2019,Round Robin Session 7,20:00 Group-B - Sheet E,SCO,KOR,2,7
161,18,THU 31 JAN 2019,Round Robin Session 5,12:00 Group-A - Sheet B,SWE,CHN,8,4
161,19,THU 31 JAN 2019,Round Robin Session 5,12:00 Group-A - Sheet C,CAN,RUS,5,8
161,20,THU 31 JAN 2019,Round Robin Session 5,12:00 Group-B - Sheet D,JPN,SCO,6,3
161,21,THU 31 JAN 2019,Round Robin Session 5,12:00 Group-B - Sheet E,KOR,USA,5,6
161,22,WED 30 JAN 2019,Round Robin Session 3,20:30 Group-B - Sheet B,JPN,KOR,5,7
161,23,WED 30 JAN 2019,Round Robin Session 3,20:30 Group-B - Sheet C,SCO,USA,2,6
161,24,WED 30 JAN 2019,Round Robin Session 3,20:30 Group-A - Sheet D,SWE,CAN,8,2
161,25,WED 30 JAN 2019,Round Robin Session 3,20:30 Group-A - Sheet E,CHN,RUS,8,6
161,26,SUN 3 FEB 2019,Final - Sheet D,12:00,CAN,SWE,5,4
161,27,SAT 2 FEB 2019,Round Robin Session 15,20:00 Group-B - Sheet A,NOR,CHN,5,7
161,28,SAT 2 FEB 2019,Round Robin Session 15,20:00 Group-A - Sheet B,USA,SUI,10,3
161,29,SAT 2 FEB 2019,Round Robin Session 15,20:00 Group-A - Sheet C,SWE,JPN,7,2
161,30,SAT 2 FEB 2019,Round Robin Session 15,20:00 Group-B - Sheet D,CAN,SCO,5,3
161,31,SAT 2 FEB 2019,Round Robin Session 13,12:00 Group-B - Sheet A,SCO,NOR,8,4
161,32,SAT 2 FEB 2019,Round Robin Session 13,12:00 Group-A - Sheet C,SUI,SWE,5,9
161,33,SAT 2 FEB 2019,Round Robin Session 13,12:00 Group-A - Sheet E,JPN,USA,8,2
161,34,SAT 2 FEB 2019,Round Robin Session 12,8:30 Group-B - Sheet E,CHN,CAN,2,9
161,35,FRI 1 FEB 2019,Round Robin Session 11,20:00 Group-A - Sheet C,JPN,SUI,3,8
161,36,FRI 1 FEB 2019,Round Robin Session 10,16:00 Group-B - Sheet B,CAN,NOR,9,7
161,37,FRI 1 FEB 2019,Round Robin Session 10,16:00 Group-B - Sheet C,CHN,SCO,6,7
161,38,FRI 1 FEB 2019,Round Robin Session 10,16:00 Group-A - Sheet E,USA,SWE,7,8
161,39,FRI 1 FEB 2019,Round Robin Session 8,8:30 Group-A - Sheet A,JPN,SWE,4,5
161,40,FRI 1 FEB 2019,Round Robin Session 8,8:30 Group-A - Sheet B,SUI,USA,6,4
161,41,FRI 1 FEB 2019,Round Robin Session 8,8:30 Group-B - Sheet D,CHN,NOR,6,10
161,42,FRI 1 FEB 2019,Round Robin Session 8,8:30 Group-B - Sheet E,SCO,CAN,5,4
161,43,THU 31 JAN 2019,Round Robin Session 6,16:00 Group-A - Sheet D,USA,JPN,6,4
161,44,THU 31 JAN 2019,Round Robin Session 6,16:00 Group-A - Sheet E,SWE,SUI,5,6
161,45,THU 31 JAN 2019,Round Robin Session 5,12:00 Group-B - Sheet A,CAN,CHN,6,3
161,46,THU 31 JAN 2019,Round Robin Session 4,8:30 Group-B - Sheet A,NOR,SCO,4,5
161,47,WED 30 JAN 2019,Round Robin Session 2,17:30 Group-B - Sheet B,NOR,CAN,2,8
161,48,WED 30 JAN 2019,Round Robin Session 2,17:30 Group-B - Sheet C,SCO,CHN,6,3
161,49,WED 30 JAN 2019,Round Robin Session 2,17:30 Group-A - Sheet D,SWE,USA,11,1
161,50,WED 30 JAN 2019,Round Robin Session 2,17:30 Group-A - Sheet E,SUI,JPN,6,1
161,51,SUN 3 FEB 2019,Final - Sheet D,8:30,NOR,CAN,5,7
161,52,SAT 2 FEB 2019,Round Robin Session 14,16:00 Group-A - Sheet A,SUI,SWE,2,8
161,53,SAT 2 FEB 2019,Round Robin Session 14,16:00 Group-A - Sheet E,CAN,KOR,7,5
161,54,SAT 2 FEB 2019,Round Robin Session 13,12:00 Group-B - Sheet B,USA,CHN,7,4
161,55,SAT 2 FEB 2019,Round Robin Session 13,12:00 Group-B - Sheet D,NOR,RUS,8,4
161,56,FRI 1 FEB 2019,Round Robin Session 11,20:00 Group-A - Sheet A,KOR,SUI,3,9
161,57,FRI 1 FEB 2019,Round Robin Session 11,20:00 Group-A - Sheet B,SWE,CAN,6,10
161,58,FRI 1 FEB 2019,Round Robin Session 11,20:00 Group-B - Sheet D,RUS,USA,6,7
161,59,FRI 1 FEB 2019,Round Robin Session 11,20:00 Group-B - Sheet E,CHN,NOR,5,10
161,60,FRI 1 FEB 2019,Round Robin Session 9,12:00 Group-A - Sheet B,CAN,SUI,6,9
161,61,FRI 1 FEB 2019,Round Robin Session 9,12:00 Group-B - Sheet C,NOR,USA,10,6
161,62,FRI 1 FEB 2019,Round Robin Session 9,12:00 Group-A - Sheet D,SWE,KOR,10,3
161,63,FRI 1 FEB 2019,Round Robin Session 8,8:30 Group-B - Sheet C,CHN,RUS,3,8
161,64,THU 31 JAN 2019,Round Robin Session 7,20:00 Group-A - Sheet A,KOR,CAN,2,7
161,65,THU 31 JAN 2019,Round Robin Session 6,16:00 Group-B - Sheet A,RUS,NOR,10,8
161,66,THU 31 JAN 2019,Round Robin Session 6,16:00 Group-B - Sheet B,CHN,USA,5,6
161,67,THU 31 JAN 2019,Round Robin Session 4,8:30 Group-A - Sheet B,SUI,KOR,7,6
161,68,THU 31 JAN 2019,Round Robin Session 4,8:30 Group-A - Sheet C,CAN,SWE,9,10
161,69,THU 31 JAN 2019,Round Robin Session 4,8:30 Group-B - Sheet D,USA,RUS,9,6
161,70,THU 31 JAN 2019,Round Robin Session 4,8:30 Group-B - Sheet E,NOR,CHN,6,10
161,71,WED 30 JAN 2019,Round Robin Session 1,14:30 Group-B - Sheet B,USA,NOR,5,8
161,72,WED 30 JAN 2019,Round Robin Session 1,14:30 Group-B - Sheet C,RUS,CHN,6,4
161,73,WED 30 JAN 2019,Round Robin Session 1,14:30 Group-A - Sheet D,SUI,CAN,7,8
161,74,WED 30 JAN 2019,Round Robin Session 1,14:30 Group-A - Sheet E,KOR,SWE,7,9
166,1,SUN 9 DEC 2018,Final,12:00,KOR,JPN,6,7
166,2,SAT 8 DEC 2018,Round Robin Session 15,19:30 Group-A - Sheet C,CAN,USA,7,4
166,3,SAT 8 DEC 2018,Round Robin Session 13,12:00 Group-B - Sheet A,SCO,SWE,2,7
166,4,SAT 8 DEC 2018,Round Robin Session 13,12:00 Group-A - Sheet E,USA,RUS,4,9
166,5,FRI 7 DEC 2018,Round Robin Session 10,16:00 Group-A - Sheet B,USA,KOR,7,8
166,6,FRI 7 DEC 2018,Round Robin Session 8,8:30 Group-A - Sheet D,USA,CAN,5,7
166,7,THU 6 DEC 2018,Round Robin Session 6,16:00 Group-B - Sheet A,SWE,SCO,2,6
166,8,THU 6 DEC 2018,Round Robin Session 4,8:30 Group-A - Sheet E,CAN,KOR,4,6
166,9,WED 5 DEC 2018,Round Robin Session 1,15:00 Group-A - Sheet A,CAN,RUS,7,5
166,10,SUN 9 DEC 2018,Final,16:00,USA,SWE,3,1
166,11,SAT 8 DEC 2018,Round Robin Session 14,16:00 Group-A - Sheet E,CAN,USA,3,7
166,12,SAT 8 DEC 2018,Round Robin Session 12,8:30 Group-A - Sheet A,CHN,CAN,10,6
166,13,SAT 8 DEC 2018,Round Robin Session 12,8:30 Group-A - Sheet C,USA,SCO,6,5
166,14,FRI 7 DEC 2018,Round Robin Session 9,12:00 Group-A - Sheet D,CHN,USA,5,6
166,15,THU 6 DEC 2018,Round Robin Session 7,19:30 Group-A - Sheet B,USA,CAN,5,3
166,16,THU 6 DEC 2018,Round Robin Session 5,12:00 Group-A - Sheet C,SCO,USA,3,8
166,17,THU 6 DEC 2018,Round Robin Session 5,12:00 Group-A - Sheet D,CAN,CHN,6,3
166,18,WED 5 DEC 2018,Round Robin Session 3,21:00 Group-A - Sheet A,SCO,CAN,8,6
166,19,WED 5 DEC 2018,Round Robin Session 3,21:00 Group-A - Sheet B,USA,CHN,3,4
166,20,SUN 9 DEC 2018,Final,8:30,NOR,SUI,10,5
166,21,FRI 7 DEC 2018,Round Robin Session 11,19:30 Group-B - Sheet C,CHN,USA,7,8
166,22,THU 6 DEC 2018,Round Robin Session 4,8:30 Group-B - Sheet A,USA,CHN,5,6
166,23,WED 5 DEC 2018,Round Robin Session 2,18:30 Group-B - Sheet C,USA,NOR,9,6
167,1,SAT 24 NOV 2018,Gold Medal Game,15:00,SCO,SWE,9,5
167,2,FRI 23 NOV 2018,Bronze Medal Game,19:00,ITA,GER,8,6
167,3,THU 22 NOV 2018,Semi-final - Sheet B,19:00,GER,SWE,3,6
167,4,THU 22 NOV 2018,Semi-final - Sheet C,19:00,ITA,SCO,6,9
167,5,THU 22 NOV 2018,Round Robin Session 9 - Sheet A,9:00,NED,POL,8,3
167,6,THU 22 NOV 2018,Round Robin Session 9 - Sheet B,9:00,ITA,RUS,6,10
167,7,THU 22 NOV 2018,Round Robin Session 9 - Sheet C,9:00,SCO,FIN,10,4
167,8,THU 22 NOV 2018,Round Robin Session 9 - Sheet D,9:00,NOR,SUI,7,8
167,9,THU 22 NOV 2018,Round Robin Session 9 - Sheet E,9:00,GER,SWE,2,8
167,10,WED 21 NOV 2018,Round Robin Session 8 - Sheet A,14:00,SUI,GER,5,7
167,11,WED 21 NOV 2018,Round Robin Session 8 - Sheet B,14:00,NED,FIN,12,2
167,12,WED 21 NOV 2018,Round Robin Session 8 - Sheet C,14:00,ITA,POL,6,4
167,13,WED 21 NOV 2018,Round Robin Session 8 - Sheet D,14:00,SWE,SCO,9,8
167,14,WED 21 NOV 2018,Round Robin Session 8 - Sheet E,14:00,RUS,NOR,5,7
167,15,TUE 20 NOV 2018,Round Robin Session 7 - Sheet A,19:00,SCO,ITA,7,6
167,16,TUE 20 NOV 2018,Round Robin Session 7 - Sheet B,19:00,POL,GER,4,8
167,17,TUE 20 NOV 2018,Round Robin Session 7 - Sheet C,19:00,RUS,SUI,2,10
167,18,TUE 20 NOV 2018,Round Robin Session 7 - Sheet D,19:00,FIN,NOR,2,6
167,19,TUE 20 NOV 2018,Round Robin Session 7 - Sheet E,19:00,SWE,NED,9,5
167,20,TUE 20 NOV 2018,Round Robin Session 6 - Sheet A,9:00,FIN,RUS,8,7
167,21,TUE 20 NOV 2018,Round Robin Session 6 - Sheet B,9:00,NOR,SWE,4,5
167,22,TUE 20 NOV 2018,Round Robin Session 6 - Sheet C,9:00,NED,SCO,5,8
167,23,TUE 20 NOV 2018,Round Robin Session 6 - Sheet D,9:00,ITA,GER,9,3
167,24,TUE 20 NOV 2018,Round Robin Session 6 - Sheet E,9:00,POL,SUI,3,9
167,25,MON 19 NOV 2018,Round Robin Session 5 - Sheet A,16:00,GER,NOR,4,7
167,26,MON 19 NOV 2018,Round Robin Session 5 - Sheet B,16:00,FIN,SUI,7,9
167,27,MON 19 NOV 2018,Round Robin Session 5 - Sheet C,16:00,SWE,ITA,11,4
167,28,MON 19 NOV 2018,Round Robin Session 5 - Sheet D,16:00,SCO,POL,11,2
167,29,MON 19 NOV 2018,Round Robin Session 5 - Sheet E,16:00,NED,RUS,2,5
167,30,MON 19 NOV 2018,Round Robin Session 4 - Sheet A,8:00,ITA,FIN,11,4
167,31,MON 19 NOV 2018,Round Robin Session 4 - Sheet B,8:00,GER,NED,6,5
167,32,MON 19 NOV 2018,Round Robin Session 4 - Sheet C,8:00,POL,NOR,3,9
167,33,MON 19 NOV 2018,Round Robin Session 4 - Sheet D,8:00,RUS,SWE,3,5
167,34,MON 19 NOV 2018,Round Robin Session 4 - Sheet E,8:00,SUI,SCO,4,8
167,35,SUN 18 NOV 2018,Round Robin Session 3 - Sheet A,14:00,RUS,SCO,8,7
167,36,SUN 18 NOV 2018,Round Robin Session 3 - Sheet B,14:00,SWE,POL,11,2
167,37,SUN 18 NOV 2018,Round Robin Session 3 - Sheet C,14:00,SUI,NED,9,3
167,38,SUN 18 NOV 2018,Round Robin Session 3 - Sheet D,14:00,GER,FIN,7,3
167,39,SUN 18 NOV 2018,Round Robin Session 3 - Sheet E,14:00,NOR,ITA,5,7
167,40,SAT 17 NOV 2018,Round Robin Session 2 - Sheet A,20:00,NOR,NED,8,7
167,41,SAT 17 NOV 2018,Round Robin Session 2 - Sheet B,20:00,SUI,ITA,6,7
167,42,SAT 17 NOV 2018,Round Robin Session 2 - Sheet C,20:00,FIN,SWE,1,9
167,43,SAT 17 NOV 2018,Round Robin Session 2 - Sheet D,20:00,POL,RUS,8,4
167,44,SAT 17 NOV 2018,Round Robin Session 2 - Sheet E,20:00,SCO,GER,8,3
167,45,SAT 17 NOV 2018,Round Robin Session 1 - Sheet A,9:00,SWE,SUI,7,6
167,46,SAT 17 NOV 2018,Round Robin Session 1 - Sheet B,9:00,SCO,NOR,8,7
167,47,SAT 17 NOV 2018,Round Robin Session 1 - Sheet C,9:00,GER,RUS,10,6
167,48,SAT 17 NOV 2018,Round Robin Session 1 - Sheet D,9:00,NED,ITA,6,10
167,49,SAT 17 NOV 2018,Round Robin Session 1 - Sheet E,9:00,FIN,POL,6,5
168,1,SAT 24 NOV 2018,Gold Medal Game,10:00,SWE,SUI,5,4
168,2,FRI 23 NOV 2018,Bronze Medal Game,19:00,RUS,GER,4,7
168,3,FRI 23 NOV 2018,Semi-final - Sheet B,14:00,GER,SUI,4,6
168,4,FRI 23 NOV 2018,Semi-final - Sheet C,14:00,SWE,RUS,7,4
168,5,THU 22 NOV 2018,Round Robin Session 9 - Sheet A,14:00,CZE,FIN,10,4
168,6,THU 22 NOV 2018,Round Robin Session 9 - Sheet B,14:00,SWE,GER,7,3
168,7,THU 22 NOV 2018,Round Robin Session 9 - Sheet C,14:00,ITA,LAT,7,11
168,8,THU 22 NOV 2018,Round Robin Session 9 - Sheet D,14:00,SUI,SCO,6,5
168,9,THU 22 NOV 2018,Round Robin Session 9 - Sheet E,14:00,RUS,DEN,12,5
168,10,WED 21 NOV 2018,Round Robin Session 8 - Sheet A,19:00,SCO,RUS,7,8
168,11,WED 21 NOV 2018,Round Robin Session 8 - Sheet B,19:00,CZE,LAT,4,7
168,12,WED 21 NOV 2018,Round Robin Session 8 - Sheet C,19:00,SWE,FIN,8,2
168,13,WED 21 NOV 2018,Round Robin Session 8 - Sheet D,19:00,DEN,ITA,6,7
168,14,WED 21 NOV 2018,Round Robin Session 8 - Sheet E,19:00,GER,SUI,4,10
168,15,WED 21 NOV 2018,Round Robin Session 7 - Sheet A,9:00,ITA,SWE,4,8
168,16,WED 21 NOV 2018,Round Robin Session 7 - Sheet B,9:00,FIN,RUS,3,6
168,17,WED 21 NOV 2018,Round Robin Session 7 - Sheet C,9:00,GER,SCO,2,9
168,18,WED 21 NOV 2018,Round Robin Session 7 - Sheet D,9:00,LAT,SUI,2,9
168,19,WED 21 NOV 2018,Round Robin Session 7 - Sheet E,9:00,DEN,CZE,5,3
168,20,TUE 20 NOV 2018,Round Robin Session 6 - Sheet A,14:00,LAT,GER,5,10
168,21,TUE 20 NOV 2018,Round Robin Session 6 - Sheet B,14:00,SUI,DEN,10,6
168,22,TUE 20 NOV 2018,Round Robin Session 6 - Sheet C,14:00,CZE,ITA,6,7
168,23,TUE 20 NOV 2018,Round Robin Session 6 - Sheet D,14:00,SWE,RUS,8,7
168,24,TUE 20 NOV 2018,Round Robin Session 6 - Sheet E,14:00,FIN,SCO,5,10
168,25,MON 19 NOV 2018,Round Robin Session 5 - Sheet A,20:00,RUS,SUI,5,6
168,26,MON 19 NOV 2018,Round Robin Session 5 - Sheet B,20:00,LAT,SCO,9,7
168,27,MON 19 NOV 2018,Round Robin Session 5 - Sheet C,20:00,DEN,SWE,6,4
168,28,MON 19 NOV 2018,Round Robin Session 5 - Sheet D,20:00,ITA,FIN,5,6
168,29,MON 19 NOV 2018,Round Robin Session 5 - Sheet E,20:00,CZE,GER,1,9
168,30,MON 19 NOV 2018,Round Robin Session 4 - Sheet A,12:00,SWE,LAT,7,4
168,31,MON 19 NOV 2018,Round Robin Session 4 - Sheet B,12:00,RUS,CZE,9,10
168,32,MON 19 NOV 2018,Round Robin Session 4 - Sheet C,12:00,FIN,SUI,4,10
168,33,MON 19 NOV 2018,Round Robin Session 4 - Sheet D,12:00,GER,DEN,6,4
168,34,MON 19 NOV 2018,Round Robin Session 4 - Sheet E,12:00,SCO,ITA,9,7
168,35,SUN 18 NOV 2018,Round Robin Session 3 - Sheet A,19:00,GER,ITA,8,7
168,36,SUN 18 NOV 2018,Round Robin Session 3 - Sheet B,19:00,DEN,FIN,6,5
168,37,SUN 18 NOV 2018,Round Robin Session 3 - Sheet C,19:00,SCO,CZE,7,8
168,38,SUN 18 NOV 2018,Round Robin Session 3 - Sheet D,19:00,RUS,LAT,8,7
168,39,SUN 18 NOV 2018,Round Robin Session 3 - Sheet E,19:00,SUI,SWE,7,4
168,40,SUN 18 NOV 2018,Round Robin Session 2 - Sheet A,9:00,SUI,CZE,8,5
168,41,SUN 18 NOV 2018,Round Robin Session 2 - Sheet B,9:00,SCO,SWE,4,10
168,42,SUN 18 NOV 2018,Round Robin Session 2 - Sheet C,9:00,LAT,DEN,8,6
168,43,SUN 18 NOV 2018,Round Robin Session 2 - Sheet D,9:00,FIN,GER,5,7
168,44,SUN 18 NOV 2018,Round Robin Session 2 - Sheet E,9:00,ITA,RUS,4,11
168,45,SAT 17 NOV 2018,Round Robin Session 1 - Sheet A,15:00,DEN,SCO,4,7
168,46,SAT 17 NOV 2018,Round Robin Session 1 - Sheet B,15:00,ITA,SUI,3,8
168,47,SAT 17 NOV 2018,Round Robin Session 1 - Sheet C,15:00,RUS,GER,12,5
168,48,SAT 17 NOV 2018,Round Robin Session 1 - Sheet D,15:00,CZE,SWE,5,6
168,49,SAT 17 NOV 2018,Round Robin Session 1 - Sheet E,15:00,LAT,FIN,8,11
172,1,SAT 10 NOV 2018,Gold Medal Game,16:30,JPN,CHN,9,7
172,2,SAT 10 NOV 2018,Bronze Medal Game - Sheet B,8:30,KOR,NZL,9,8
172,3,FRI 9 NOV 2018,Semi-final - Sheet B,19:00,KOR,CHN,6,9
172,4,FRI 9 NOV 2018,Semi-final - Sheet B,9:00,JPN,NZL,8,3
172,5,THU 8 NOV 2018,Round Robin Session 9 - Sheet A,14:00,HKG,JPN,2,13
172,6,THU 8 NOV 2018,Round Robin Session 9 - Sheet B,14:00,NZL,TPE,4,7
172,7,THU 8 NOV 2018,Round Robin Session 9 - Sheet C,14:00,CHN,AUS,8,6
172,8,THU 8 NOV 2018,Round Robin Session 9 - Sheet D,14:00,KAZ,QAT,11,2
172,9,WED 7 NOV 2018,Round Robin Session 8 - Sheet A,19:00,CHN,NZL,8,6
172,10,WED 7 NOV 2018,Round Robin Session 8 - Sheet B,19:00,TPE,JPN,5,6
172,11,WED 7 NOV 2018,Round Robin Session 8 - Sheet C,19:00,AUS,HKG,4,10
172,12,WED 7 NOV 2018,Round Robin Session 8 - Sheet D,19:00,KOR,KAZ,15,3
172,13,WED 7 NOV 2018,Round Robin Session 7 - Sheet A,9:00,JPN,KAZ,9,2
172,14,WED 7 NOV 2018,Round Robin Session 7 - Sheet B,9:00,AUS,QAT,13,3
172,15,WED 7 NOV 2018,Round Robin Session 7 - Sheet C,9:00,KOR,NZL,6,8
172,16,WED 7 NOV 2018,Round Robin Session 7 - Sheet D,9:00,HKG,TPE,3,8
172,17,TUE 6 NOV 2018,Round Robin Session 6 - Sheet A,16:00,AUS,TPE,3,10
172,18,TUE 6 NOV 2018,Round Robin Session 6 - Sheet B,16:00,QAT,CHN,1,13
172,19,TUE 6 NOV 2018,Round Robin Session 6 - Sheet C,16:00,JPN,KOR,8,7
172,20,TUE 6 NOV 2018,Round Robin Session 6 - Sheet D,16:00,NZL,HKG,10,6
172,21,TUE 6 NOV 2018,Round Robin Session 5 - Sheet A,8:00,TPE,KOR,4,11
172,22,TUE 6 NOV 2018,Round Robin Session 5 - Sheet B,8:00,CHN,KAZ,9,5
172,23,TUE 6 NOV 2018,Round Robin Session 5 - Sheet C,8:00,QAT,JPN,2,15
172,24,TUE 6 NOV 2018,Round Robin Session 5 - Sheet D,8:00,AUS,NZL,3,4
172,25,MON 5 NOV 2018,Round Robin Session 4 - Sheet A,14:00,NZL,QAT,8,4
172,26,MON 5 NOV 2018,Round Robin Session 4 - Sheet B,14:00,HKG,KOR,6,10
172,27,MON 5 NOV 2018,Round Robin Session 4 - Sheet C,14:00,KAZ,TPE,12,5
172,28,MON 5 NOV 2018,Round Robin Session 4 - Sheet D,14:00,CHN,JPN,9,5
172,29,SUN 4 NOV 2018,Round Robin Session 3 - Sheet A,19:00,QAT,HKG,3,13
172,30,SUN 4 NOV 2018,Round Robin Session 3 - Sheet B,19:00,KOR,AUS,7,3
172,31,SUN 4 NOV 2018,Round Robin Session 3 - Sheet C,19:00,NZL,KAZ,14,8
172,32,SUN 4 NOV 2018,Round Robin Session 3 - Sheet D,19:00,TPE,CHN,2,9
172,33,SUN 4 NOV 2018,Round Robin Session 2 - Sheet A,9:00,KAZ,AUS,6,7
172,34,SUN 4 NOV 2018,Round Robin Session 2 - Sheet B,9:00,JPN,NZL,12,1
172,35,SUN 4 NOV 2018,Round Robin Session 2 - Sheet C,9:00,HKG,CHN,3,10
172,36,SUN 4 NOV 2018,Round Robin Session 2 - Sheet D,9:00,QAT,KOR,1,11
172,37,SAT 3 NOV 2018,Round Robin Session 1 - Sheet A,18:30,KOR,CHN,6,8
172,38,SAT 3 NOV 2018,Round Robin Session 1 - Sheet B,18:30,KAZ,HKG,4,7
172,39,SAT 3 NOV 2018,Round Robin Session 1 - Sheet C,18:30,TPE,QAT,10,3
172,40,SAT 3 NOV 2018,Round Robin Session 1 - Sheet D,18:30,JPN,AUS,7,3
173,1,SAT 10 NOV 2018,Gold Medal Game,12:30,JPN,KOR,8,12
173,2,SAT 10 NOV 2018,Bronze Medal Game - Sheet C,8:30,HKG,CHN,3,8
173,3,FRI 9 NOV 2018,Semi-final - Sheet B,14:00,JPN,HKG,13,3
173,4,THU 8 NOV 2018,Semi-final - Sheet B,19:00,KOR,CHN,7,4
173,5,THU 8 NOV 2018,Round Robin Session 7 - Sheet A,9:00,AUS,HKG,5,9
173,6,THU 8 NOV 2018,Round Robin Session 7 - Sheet B,9:00,JPN,KOR,7,4
173,7,THU 8 NOV 2018,Round Robin Session 7 - Sheet C,9:00,KAZ,QAT,11,1
173,8,WED 7 NOV 2018,Round Robin Session 6 - Sheet A,14:00,KAZ,AUS,8,9
173,9,WED 7 NOV 2018,Round Robin Session 6 - Sheet B,14:00,KOR,HKG,8,4
173,10,WED 7 NOV 2018,Round Robin Session 6 - Sheet D,14:00,CHN,JPN,7,8
173,11,TUE 6 NOV 2018,Round Robin Session 5 - Sheet A,20:00,QAT,JPN,1,19
173,12,TUE 6 NOV 2018,Round Robin Session 5 - Sheet C,20:00,AUS,CHN,1,12
173,13,TUE 6 NOV 2018,Round Robin Session 5 - Sheet D,20:00,HKG,KAZ,6,9
173,14,TUE 6 NOV 2018,Round Robin Session 4 - Sheet A,12:00,HKG,CHN,3,12
173,15,TUE 6 NOV 2018,Round Robin Session 4 - Sheet B,12:00,AUS,QAT,11,6
173,16,TUE 6 NOV 2018,Round Robin Session 4 - Sheet D,12:00,KAZ,KOR,4,12
173,17,MON 5 NOV 2018,Round Robin Session 3 - Sheet B,19:00,CHN,KAZ,9,0
173,18,MON 5 NOV 2018,Round Robin Session 3 - Sheet C,19:00,HKG,JPN,2,12
173,19,MON 5 NOV 2018,Round Robin Session 3 - Sheet D,19:00,KOR,QAT,16,0
173,20,MON 5 NOV 2018,Round Robin Session 2 - Sheet A,9:00,JPN,KAZ,13,3
173,21,MON 5 NOV 2018,Round Robin Session 2 - Sheet B,9:00,QAT,CHN,0,25
173,22,MON 5 NOV 2018,Round Robin Session 2 - Sheet C,9:00,KOR,AUS,9,3
173,23,SUN 4 NOV 2018,Round Robin Session 1 - Sheet A,14:00,CHN,KOR,6,5
173,24,SUN 4 NOV 2018,Round Robin Session 1 - Sheet C,14:00,QAT,HKG,2,16
173,25,SUN 4 NOV 2018,Round Robin Session 1 - Sheet D,14:00,JPN,AUS,20,0
175,1,SUN 16 SEP 2018,Final,12:00,CAN,SWE,7,3
175,2,SAT 15 SEP 2018,Round Robin Session 15,19:30 Group-B - Sheet B,CAN,USA,8,2
175,3,SAT 15 SEP 2018,Round Robin Session 15,19:30 Group-A - Sheet C,SWE,SCO,8,1
175,4,SAT 15 SEP 2018,Round Robin Session 15,19:30 Group-A - Sheet D,CHN,JPN,5,4
175,5,SAT 15 SEP 2018,Round Robin Session 15,19:30 Group-B - Sheet E,RUS,KOR,10,1
175,6,SAT 15 SEP 2018,Round Robin Session 13,12:00 Group-B - Sheet A,KOR,CAN,8,2
175,7,SAT 15 SEP 2018,Round Robin Session 13,12:00 Group-B - Sheet D,USA,RUS,4,8
175,8,SAT 15 SEP 2018,Round Robin Session 13,12:00 Group-A - Sheet E,SCO,CHN,10,1
175,9,SAT 15 SEP 2018,Round Robin Session 12,8:30 Group-A - Sheet E,JPN,SWE,7,2
175,10,FRI 14 SEP 2018,Round Robin Session 11,19:30 Group-B - Sheet B,USA,KOR,8,5
175,11,FRI 14 SEP 2018,Round Robin Session 11,19:30 Group-B - Sheet D,RUS,CAN,2,8
175,12,FRI 14 SEP 2018,Round Robin Session 10,16:00 Group-A - Sheet A,CHN,SWE,2,9
175,13,FRI 14 SEP 2018,Round Robin Session 10,16:00 Group-A - Sheet B,SCO,JPN,5,7
175,14,FRI 14 SEP 2018,Round Robin Session 9,12:00 Group-B - Sheet B,KOR,RUS,1,11
175,15,FRI 14 SEP 2018,Round Robin Session 9,12:00 Group-B - Sheet C,USA,CAN,1,9
175,16,FRI 14 SEP 2018,Round Robin Session 8,8:30 Group-A - Sheet C,JPN,CHN,7,2
175,17,FRI 14 SEP 2018,Round Robin Session 8,8:30 Group-A - Sheet D,SCO,SWE,4,6
175,18,THU 13 SEP 2018,Round Robin Session 7,19:30 Group-B - Sheet A,RUS,USA,3,8
175,19,THU 13 SEP 2018,Round Robin Session 6,16:00 Group-B - Sheet A,CAN,KOR,12,0
175,20,THU 13 SEP 2018,Round Robin Session 5,12:00 Group-A - Sheet E,CHN,SCO,7,4
175,21,THU 13 SEP 2018,Round Robin Session 4,8:30 Group-A - Sheet E,SWE,JPN,7,4
175,22,WED 12 SEP 2018,Round Robin Session 1,15:00 Group-A - Sheet A,SWE,CHN,6,3
175,23,WED 12 SEP 2018,Round Robin Session 1,15:00 Group-A - Sheet B,JPN,SCO,5,6
175,24,WED 12 SEP 2018,Round Robin Session 1,15:00 Group-B - Sheet C,CAN,RUS,6,5
175,25,WED 12 SEP 2018,Round Robin Session 1,15:00 Group-B - Sheet D,KOR,USA,6,8
175,26,SUN 16 SEP 2018,Final,16:00,CAN,NOR,6,5
175,27,SAT 15 SEP 2018,Round Robin Session 15,19:30 Group-B - Sheet A,SUI,SCO,6,5
175,28,SAT 15 SEP 2018,Round Robin Session 14,16:00 Group-B - Sheet A,CAN,JPN,12,4
175,29,SAT 15 SEP 2018,Round Robin Session 14,16:00 Group-A - Sheet B,SWE,CHN,6,4
175,30,SAT 15 SEP 2018,Round Robin Session 14,16:00 Group-A - Sheet E,USA,NOR,3,9
175,31,SAT 15 SEP 2018,Round Robin Session 12,8:30 Group-A - Sheet A,CHN,USA,5,3
175,32,SAT 15 SEP 2018,Round Robin Session 12,8:30 Group-B - Sheet B,SCO,CAN,3,1
175,33,SAT 15 SEP 2018,Round Robin Session 12,8:30 Group-A - Sheet C,NOR,SWE,10,3
175,34,SAT 15 SEP 2018,Round Robin Session 12,8:30 Group-B - Sheet D,JPN,SUI,3,6
175,35,FRI 14 SEP 2018,Round Robin Session 10,16:00 Group-B - Sheet C,SUI,CAN,4,7
175,36,FRI 14 SEP 2018,Round Robin Session 10,16:00 Group-B - Sheet E,JPN,SCO,2,9
175,37,FRI 14 SEP 2018,Round Robin Session 9,12:00 Group-A - Sheet A,USA,SWE,8,9
175,38,FRI 14 SEP 2018,Round Robin Session 9,12:00 Group-A - Sheet D,CHN,NOR,3,7
175,39,THU 13 SEP 2018,Round Robin Session 7,19:30 Group-A - Sheet B,NOR,USA,9,1
175,40,THU 13 SEP 2018,Round Robin Session 7,19:30 Group-B - Sheet C,SCO,SUI,5,4
175,41,THU 13 SEP 2018,Round Robin Session 7,19:30 Group-B - Sheet D,JPN,CAN,2,8
175,42,THU 13 SEP 2018,Round Robin Session 7,19:30 Group-A - Sheet E,CHN,SWE,7,2
175,43,THU 13 SEP 2018,Round Robin Session 5,12:00 Group-B - Sheet A,CAN,SCO,11,1
175,44,THU 13 SEP 2018,Round Robin Session 5,12:00 Group-B - Sheet B,SUI,JPN,10,1
175,45,THU 13 SEP 2018,Round Robin Session 5,12:00 Group-A - Sheet C,SWE,NOR,8,5
175,46,THU 13 SEP 2018,Round Robin Session 5,12:00 Group-A - Sheet D,USA,CHN,6,5
175,47,WED 12 SEP 2018,Round Robin Session 3,21:00 Group-A - Sheet A,SWE,USA,3,5
175,48,WED 12 SEP 2018,Round Robin Session 3,21:00 Group-A - Sheet B,NOR,CHN,4,2
175,49,WED 12 SEP 2018,Round Robin Session 3,21:00 Group-B - Sheet C,CAN,SUI,6,4
175,50,WED 12 SEP 2018,Round Robin Session 3,21:00 Group-B - Sheet D,SCO,JPN,9,1
175,51,SUN 16 SEP 2018,Final,8:30,USA,CAN,3,7
175,52,SAT 15 SEP 2018,Round Robin Session 14,16:00 Group-B - Sheet C,SUI,USA,4,5
175,53,SAT 15 SEP 2018,Round Robin Session 14,16:00 Group-B - Sheet D,CHN,KOR,3,7
175,54,SAT 15 SEP 2018,Round Robin Session 13,12:00 Group-A - Sheet B,CAN,SWE,8,4
175,55,SAT 15 SEP 2018,Round Robin Session 13,12:00 Group-A - Sheet C,NOR,RUS,6,3
175,56,FRI 14 SEP 2018,Round Robin Session 11,19:30 Group-B - Sheet A,USA,CHN,9,2
175,57,FRI 14 SEP 2018,Round Robin Session 11,19:30 Group-B - Sheet C,KOR,SUI,5,8
175,58,FRI 14 SEP 2018,Round Robin Session 11,19:30 Group-A - Sheet E,SWE,NOR,7,6
175,59,FRI 14 SEP 2018,Round Robin Session 10,16:00 Group-A - Sheet D,RUS,CAN,3,6
175,60,FRI 14 SEP 2018,Round Robin Session 9,12:00 Group-B - Sheet E,CHN,SUI,5,10
175,61,FRI 14 SEP 2018,Round Robin Session 8,8:30 Group-A - Sheet A,NOR,CAN,8,5
175,62,FRI 14 SEP 2018,Round Robin Session 8,8:30 Group-A - Sheet B,SWE,RUS,2,9
175,63,FRI 14 SEP 2018,Round Robin Session 8,8:30 Group-B - Sheet E,USA,KOR,18,4
175,64,THU 13 SEP 2018,Round Robin Session 6,16:00 Group-B - Sheet B,USA,SUI,10,4
175,65,THU 13 SEP 2018,Round Robin Session 6,16:00 Group-A - Sheet C,RUS,NOR,10,9
175,66,THU 13 SEP 2018,Round Robin Session 6,16:00 Group-A - Sheet D,SWE,CAN,2,8
175,67,THU 13 SEP 2018,Round Robin Session 6,16:00 Group-B - Sheet E,KOR,CHN,5,11
175,68,THU 13 SEP 2018,Round Robin Session 4,8:30 Group-B - Sheet A,SUI,KOR,11,1
175,69,THU 13 SEP 2018,Round Robin Session 4,8:30 Group-B - Sheet B,CHN,USA,2,9
175,70,THU 13 SEP 2018,Round Robin Session 4,8:30 Group-A - Sheet C,CAN,RUS,9,1
175,71,THU 13 SEP 2018,Round Robin Session 4,8:30 Group-A - Sheet D,NOR,SWE,8,4
175,72,WED 12 SEP 2018,Round Robin Session 2,18:30 Group-A - Sheet A,CAN,NOR,9,5
175,73,WED 12 SEP 2018,Round Robin Session 2,18:30 Group-A - Sheet B,RUS,SWE,6,7
175,74,WED 12 SEP 2018,Round Robin Session 2,18:30 Group-B - Sheet C,SUI,CHN,12,1
175,75,WED 12 SEP 2018,Round Robin Session 2,18:30 Group-B - Sheet D,KOR,USA,1,10
176,1,SAT 28 APR 2018,Gold Medal Game - Sheet B,16:00,SUI,RUS,9,6
176,2,SAT 28 APR 2018,Bronze Medal Game - Sheet A,16:00,CAN,KOR,8,3
176,3,SAT 28 APR 2018,Classification Rank 5/6 - Sheet C,16:00,HUN,JPN,2,9
176,4,SAT 28 APR 2018,Classification Rank 7/8 - Sheet D,16:00,SWE,TUR,8,5
176,5,SAT 28 APR 2018,A-side Semi-final - Sheet C,12:00,KOR,RUS,4,6
176,6,SAT 28 APR 2018,A-side Semi-final - Sheet D,12:00,SUI,CAN,7,5
176,7,SAT 28 APR 2018,A-side Classification 5-8 - Sheet A,12:00,HUN,TUR,8,3
176,8,SAT 28 APR 2018,A-side Classification 5-8 - Sheet B,12:00,JPN,SWE,8,7
176,9,FRI 27 APR 2018,A-side Quarter-finals - Sheet A,19:30,RUS,SWE,8,5
176,10,FRI 27 APR 2018,A-side Quarter-finals - Sheet C,19:30,TUR,CAN,4,7
176,11,FRI 27 APR 2018,A-side Quarter-finals - Sheet D,19:30,KOR,JPN,6,5
176,12,FRI 27 APR 2018,A-side Quarter-finals - Sheet E,19:30,HUN,SUI,5,8
176,13,SAT 28 APR 2018,Classification Rank 9/10 - Sheet E,16:00,SCO,CZE,8,6
176,14,SAT 28 APR 2018,B-side Rank 11-12 - Sheet E,12:00,NOR,ITA,11,9
176,15,SAT 28 APR 2018,B-side Semi-finals - Sheet C,8:30,NOR,SCO,5,6
176,16,SAT 28 APR 2018,B-side Semi-finals - Sheet D,8:30,ITA,CZE,5,9
176,17,FRI 27 APR 2018,B-side Quarter-finals - Sheet A,16:00,USA,ITA,5,6
176,18,FRI 27 APR 2018,B-side Quarter-finals - Sheet B,16:00,CHN,NOR,3,6
176,19,FRI 27 APR 2018,B-side Quarter-finals - Sheet C,16:00,CZE,EST,7,6
176,20,FRI 27 APR 2018,B-side Quarter-finals - Sheet D,16:00,SCO,FIN,8,4
176,21,FRI 27 APR 2018,1/8 Final Session 2 - Sheet A,12:30,CAN,CZE,8,6
176,22,FRI 27 APR 2018,1/8 Final Session 2 - Sheet B,12:30,SUI,ITA,6,5
176,23,FRI 27 APR 2018,1/8 Final Session 2 - Sheet C,12:30,HUN,USA,7,4
176,24,FRI 27 APR 2018,1/8 Final Session 1 - Sheet A,9:00,JPN,SCO,10,2
176,25,FRI 27 APR 2018,1/8 Final Session 1 - Sheet B,9:00,KOR,FIN,9,7
176,26,FRI 27 APR 2018,1/8 Final Session 1 - Sheet D,9:00,SWE,CHN,8,5
176,27,FRI 27 APR 2018,1/8 Final Session 1 - Sheet E,9:00,NOR,RUS,1,8
181,1,SUN 8 APR 2018,Gold Medal Game,17:00,CAN,SWE,3,7
181,2,SUN 8 APR 2018,Bronze Medal Game,12:00,SCO,KOR,11,4
181,3,SAT 7 APR 2018,Semi-final 2 - Sheet C,18:30,CAN,SCO,9,5
181,4,SAT 7 APR 2018,Semi-final 1 - Sheet C,13:30,SWE,KOR,9,8
181,5,SAT 7 APR 2018,Qualification Game 3 v 6 - Sheet B,8:30,CAN,USA,6,4
181,6,SAT 7 APR 2018,Qualification Game 4 v 5 - Sheet D,8:30,KOR,NOR,7,5
181,7,FRI 6 APR 2018,Round Robin Session 20 - Sheet A,18:30,ITA,NED,6,5
181,8,FRI 6 APR 2018,Round Robin Session 20 - Sheet B,18:30,RUS,KOR,4,9
181,9,FRI 6 APR 2018,Round Robin Session 20 - Sheet C,18:30,SUI,USA,3,5
181,10,FRI 6 APR 2018,Round Robin Session 20 - Sheet D,18:30,GER,CAN,1,8
181,11,FRI 6 APR 2018,Round Robin Session 19 - Sheet A,13:30,JPN,SWE,3,7
181,12,FRI 6 APR 2018,Round Robin Session 19 - Sheet B,13:30,CHN,SCO,4,9
181,13,FRI 6 APR 2018,Round Robin Session 19 - Sheet C,13:30,KOR,NOR,9,5
181,14,FRI 6 APR 2018,Round Robin Session 19 - Sheet D,13:30,RUS,NED,6,8
181,15,FRI 6 APR 2018,Round Robin Session 18 - Sheet A,8:30,SCO,SUI,8,6
181,16,FRI 6 APR 2018,Round Robin Session 18 - Sheet B,8:30,CAN,SWE,5,6
181,17,FRI 6 APR 2018,Round Robin Session 18 - Sheet C,8:30,ITA,GER,11,4
181,18,FRI 6 APR 2018,Round Robin Session 18 - Sheet D,8:30,USA,CHN,7,4
181,19,THU 5 APR 2018,Round Robin Session 17 - Sheet A,18:30,CAN,USA,5,6
181,20,THU 5 APR 2018,Round Robin Session 17 - Sheet B,18:30,NED,NOR,6,7
181,21,THU 5 APR 2018,Round Robin Session 17 - Sheet C,18:30,RUS,SCO,2,7
181,22,THU 5 APR 2018,Round Robin Session 17 - Sheet D,18:30,SUI,JPN,10,9
181,23,THU 5 APR 2018,Round Robin Session 16 - Sheet A,13:30,GER,JPN,3,8
181,24,THU 5 APR 2018,Round Robin Session 16 - Sheet B,13:30,ITA,USA,3,5
181,25,THU 5 APR 2018,Round Robin Session 16 - Sheet C,13:30,CAN,CHN,7,4
181,26,THU 5 APR 2018,Round Robin Session 16 - Sheet D,13:30,SWE,RUS,7,3
181,27,THU 5 APR 2018,Round Robin Session 15 - Sheet A,8:30,NOR,SCO,6,8
181,28,THU 5 APR 2018,Round Robin Session 15 - Sheet B,8:30,SWE,CHN,10,2
181,29,THU 5 APR 2018,Round Robin Session 15 - Sheet C,8:30,NED,SUI,8,6
181,30,THU 5 APR 2018,Round Robin Session 15 - Sheet D,8:30,ITA,KOR,5,6
181,31,WED 4 APR 2018,Round Robin Session 14 - Sheet A,18:30,NED,CAN,5,8
181,32,WED 4 APR 2018,Round Robin Session 14 - Sheet B,18:30,SCO,JPN,9,2
181,33,WED 4 APR 2018,Round Robin Session 14 - Sheet C,18:30,GER,KOR,6,10
181,34,WED 4 APR 2018,Round Robin Session 14 - Sheet D,18:30,NOR,SUI,6,8
181,35,WED 4 APR 2018,Round Robin Session 13 - Sheet A,13:30,USA,GER,8,5
181,36,WED 4 APR 2018,Round Robin Session 13 - Sheet B,13:30,SUI,RUS,7,6
181,37,WED 4 APR 2018,Round Robin Session 13 - Sheet C,13:30,JPN,ITA,6,10
181,38,WED 4 APR 2018,Round Robin Session 13 - Sheet D,13:30,NED,CHN,6,5
181,39,WED 4 APR 2018,Round Robin Session 12 - Sheet A,8:30,SWE,ITA,9,4
181,40,WED 4 APR 2018,Round Robin Session 12 - Sheet B,8:30,NOR,CAN,2,8
181,41,WED 4 APR 2018,Round Robin Session 12 - Sheet C,8:30,USA,RUS,6,7
181,42,WED 4 APR 2018,Round Robin Session 12 - Sheet D,8:30,KOR,SCO,2,7
181,43,TUE 3 APR 2018,Round Robin Session 11 - Sheet A,18:30,SUI,KOR,12,11
181,44,TUE 3 APR 2018,Round Robin Session 11 - Sheet B,18:30,CHN,ITA,5,11
181,45,TUE 3 APR 2018,Round Robin Session 11 - Sheet C,18:30,SWE,NOR,3,5
181,46,TUE 3 APR 2018,Round Robin Session 11 - Sheet D,18:30,GER,RUS,6,8
181,47,TUE 3 APR 2018,Round Robin Session 10 - Sheet A,13:30,CHN,NOR,5,6
181,48,TUE 3 APR 2018,Round Robin Session 10 - Sheet B,13:30,USA,SWE,2,7
181,49,TUE 3 APR 2018,Round Robin Session 10 - Sheet C,13:30,SCO,NED,8,3
181,50,TUE 3 APR 2018,Round Robin Session 10 - Sheet D,13:30,CAN,JPN,9,2
181,51,TUE 3 APR 2018,Round Robin Session 9 - Sheet A,8:30,JPN,RUS,5,6
181,52,TUE 3 APR 2018,Round Robin Session 9 - Sheet B,8:30,GER,SCO,4,9
181,53,TUE 3 APR 2018,Round Robin Session 9 - Sheet C,8:30,KOR,CAN,6,7
181,54,TUE 3 APR 2018,Round Robin Session 9 - Sheet D,8:30,SUI,ITA,6,5
181,55,MON 2 APR 2018,Round Robin Session 8 - Sheet A,18:30,GER,NED,8,7
181,56,MON 2 APR 2018,Round Robin Session 8 - Sheet B,18:30,RUS,NOR,10,8
181,57,MON 2 APR 2018,Round Robin Session 8 - Sheet C,18:30,CHN,JPN,4,7
181,58,MON 2 APR 2018,Round Robin Session 8 - Sheet D,18:30,KOR,SWE,4,5
181,59,MON 2 APR 2018,Round Robin Session 7 - Sheet A,13:30,ITA,CAN,7,8
181,60,MON 2 APR 2018,Round Robin Session 7 - Sheet B,13:30,KOR,CHN,4,9
181,61,MON 2 APR 2018,Round Robin Session 7 - Sheet C,13:30,SUI,GER,7,4
181,62,MON 2 APR 2018,Round Robin Session 7 - Sheet D,13:30,SCO,USA,7,6
181,63,MON 2 APR 2018,Round Robin Session 6 - Sheet B,8:30,JPN,NED,7,6
181,64,MON 2 APR 2018,Round Robin Session 6 - Sheet C,8:30,NOR,USA,7,5
181,65,SUN 1 APR 2018,Round Robin Session 5 - Sheet A,18:30,SCO,SWE,6,7
181,66,SUN 1 APR 2018,Round Robin Session 5 - Sheet B,18:30,CAN,SUI,7,2
181,67,SUN 1 APR 2018,Round Robin Session 5 - Sheet C,18:30,ITA,RUS,9,6
181,68,SUN 1 APR 2018,Round Robin Session 5 - Sheet D,18:30,CHN,GER,6,5
181,69,SUN 1 APR 2018,Round Robin Session 4 - Sheet A,13:30,KOR,USA,7,5
181,70,SUN 1 APR 2018,Round Robin Session 4 - Sheet B,13:30,SCO,ITA,6,4
181,71,SUN 1 APR 2018,Round Robin Session 4 - Sheet C,13:30,NED,SWE,2,5
181,72,SUN 1 APR 2018,Round Robin Session 4 - Sheet D,13:30,JPN,NOR,4,8
181,73,SUN 1 APR 2018,Round Robin Session 3 - Sheet A,8:30,RUS,CHN,7,6
181,74,SUN 1 APR 2018,Round Robin Session 3 - Sheet B,8:30,NOR,GER,8,2
181,75,SUN 1 APR 2018,Round Robin Session 3 - Sheet C,8:30,JPN,KOR,2,9
181,76,SUN 1 APR 2018,Round Robin Session 3 - Sheet D,8:30,USA,NED,4,6
181,77,SAT 31 MAR 2018,Round Robin Session 2 - Sheet A,18:30,NOR,ITA,10,4
181,78,SAT 31 MAR 2018,Round Robin Session 2 - Sheet B,18:30,USA,JPN,6,5
181,79,SAT 31 MAR 2018,Round Robin Session 2 - Sheet C,18:30,CAN,SCO,7,8
181,80,SAT 31 MAR 2018,Round Robin Session 2 - Sheet D,18:30,SWE,SUI,7,3
182,1,SUN 25 MAR 2018,Gold Medal Game - Sheet B,15:00,SWE,CAN,6,7
182,2,SUN 25 MAR 2018,Bronze Medal Game - Sheet B,10:00,RUS,USA,6,5
182,3,SAT 24 MAR 2018,Semi-final 2 - Sheet B,19:00,CAN,USA,9,7
182,4,SAT 24 MAR 2018,Semi-final 1 - Sheet B,14:00,SWE,RUS,7,6
182,5,SAT 24 MAR 2018,Qualification Game 3 v 6 - Sheet A,9:00,KOR,USA,3,10
182,6,SAT 24 MAR 2018,Qualification Game 4 v 5 - Sheet C,9:00,CZE,RUS,3,7
182,7,FRI 23 MAR 2018,Round Robin Session 20 - Sheet A,19:00,DEN,RUS,5,10
182,8,FRI 23 MAR 2018,Round Robin Session 20 - Sheet B,19:00,KOR,SCO,5,6
182,9,FRI 23 MAR 2018,Round Robin Session 20 - Sheet C,19:00,CAN,USA,8,5
182,10,FRI 23 MAR 2018,Round Robin Session 20 - Sheet D,19:00,CHN,GER,7,6
182,11,FRI 23 MAR 2018,Round Robin Session 19 - Sheet A,14:00,ITA,SUI,6,7
182,12,FRI 23 MAR 2018,Round Robin Session 19 - Sheet B,14:00,CZE,JPN,5,7
182,13,FRI 23 MAR 2018,Round Robin Session 19 - Sheet C,14:00,SCO,SWE,8,5
182,14,FRI 23 MAR 2018,Round Robin Session 19 - Sheet D,14:00,KOR,RUS,8,7
182,15,FRI 23 MAR 2018,Round Robin Session 18 - Sheet A,9:00,JPN,CAN,5,8
182,16,FRI 23 MAR 2018,Round Robin Session 18 - Sheet B,9:00,GER,SUI,10,6
182,17,FRI 23 MAR 2018,Round Robin Session 18 - Sheet C,9:00,DEN,CHN,9,10
182,18,FRI 23 MAR 2018,Round Robin Session 18 - Sheet D,9:00,USA,CZE,6,8
182,19,THU 22 MAR 2018,Round Robin Session 17 - Sheet A,19:00,GER,USA,5,7
182,20,THU 22 MAR 2018,Round Robin Session 17 - Sheet B,19:00,RUS,SWE,8,9
182,21,THU 22 MAR 2018,Round Robin Session 17 - Sheet C,19:00,KOR,JPN,9,5
182,22,THU 22 MAR 2018,Round Robin Session 17 - Sheet D,19:00,CAN,ITA,14,6
182,23,THU 22 MAR 2018,Round Robin Session 16 - Sheet A,14:00,CHN,ITA,7,5
182,24,THU 22 MAR 2018,Round Robin Session 16 - Sheet B,14:00,DEN,USA,0,6
182,25,THU 22 MAR 2018,Round Robin Session 16 - Sheet C,14:00,GER,CZE,3,2
182,26,THU 22 MAR 2018,Round Robin Session 16 - Sheet D,14:00,SUI,KOR,8,6
182,27,THU 22 MAR 2018,Round Robin Session 15 - Sheet A,9:00,SWE,JPN,6,4
182,28,THU 22 MAR 2018,Round Robin Session 15 - Sheet B,9:00,SUI,CZE,6,9
182,29,THU 22 MAR 2018,Round Robin Session 15 - Sheet C,9:00,RUS,CAN,7,8
182,30,THU 22 MAR 2018,Round Robin Session 15 - Sheet D,9:00,DEN,SCO,8,7
182,31,WED 21 MAR 2018,Round Robin Session 14 - Sheet A,19:00,RUS,GER,6,2
182,32,WED 21 MAR 2018,Round Robin Session 14 - Sheet B,19:00,JPN,ITA,8,6
182,33,WED 21 MAR 2018,Round Robin Session 14 - Sheet C,19:00,CHN,SCO,7,8
182,34,WED 21 MAR 2018,Round Robin Session 14 - Sheet D,19:00,SWE,CAN,4,8
182,35,WED 21 MAR 2018,Round Robin Session 13 - Sheet A,14:00,USA,CHN,8,4
182,36,WED 21 MAR 2018,Round Robin Session 13 - Sheet B,14:00,CAN,KOR,8,4
182,37,WED 21 MAR 2018,Round Robin Session 13 - Sheet C,14:00,ITA,DEN,7,8
182,38,WED 21 MAR 2018,Round Robin Session 12 - Sheet A,9:00,SUI,DEN,7,5
182,39,WED 21 MAR 2018,Round Robin Session 12 - Sheet C,9:00,USA,KOR,8,9
182,40,WED 21 MAR 2018,Round Robin Session 12 - Sheet D,9:00,SCO,JPN,10,7
182,41,TUE 20 MAR 2018,Round Robin Session 11 - Sheet A,19:00,CAN,SCO,8,6
182,42,TUE 20 MAR 2018,Round Robin Session 11 - Sheet B,19:00,CZE,DEN,9,8
182,43,TUE 20 MAR 2018,Round Robin Session 11 - Sheet C,19:00,SUI,SWE,4,5
182,44,TUE 20 MAR 2018,Round Robin Session 11 - Sheet D,19:00,CHN,KOR,3,12
182,45,TUE 20 MAR 2018,Round Robin Session 10 - Sheet A,14:00,CZE,SWE,6,8
182,46,TUE 20 MAR 2018,Round Robin Session 10 - Sheet B,14:00,USA,SUI,7,5
182,47,TUE 20 MAR 2018,Round Robin Session 10 - Sheet C,14:00,JPN,RUS,4,7
182,48,TUE 20 MAR 2018,Round Robin Session 10 - Sheet D,14:00,GER,ITA,10,7
182,49,TUE 20 MAR 2018,Round Robin Session 9 - Sheet A,9:00,ITA,KOR,7,8
182,50,TUE 20 MAR 2018,Round Robin Session 9 - Sheet B,9:00,CHN,JPN,11,4
182,51,TUE 20 MAR 2018,Round Robin Session 9 - Sheet C,9:00,SCO,GER,8,5
182,52,TUE 20 MAR 2018,Round Robin Session 9 - Sheet D,9:00,CAN,DEN,10,5
182,53,MON 19 MAR 2018,Round Robin Session 8 - Sheet A,19:00,CHN,RUS,8,7
182,54,MON 19 MAR 2018,Round Robin Session 8 - Sheet B,19:00,KOR,SWE,7,9
182,55,MON 19 MAR 2018,Round Robin Session 8 - Sheet C,19:00,CZE,ITA,11,7
182,56,MON 19 MAR 2018,Round Robin Session 8 - Sheet D,19:00,SCO,SUI,2,10
182,57,MON 19 MAR 2018,Round Robin Session 7 - Sheet A,14:00,DEN,GER,6,5
182,58,MON 19 MAR 2018,Round Robin Session 7 - Sheet B,14:00,SCO,CZE,4,11
182,59,MON 19 MAR 2018,Round Robin Session 7 - Sheet C,14:00,CAN,CHN,9,5
182,60,MON 19 MAR 2018,Round Robin Session 7 - Sheet D,14:00,JPN,USA,7,6
182,61,MON 19 MAR 2018,Round Robin Session 6 - Sheet B,9:00,ITA,RUS,6,5
182,62,MON 19 MAR 2018,Round Robin Session 6 - Sheet C,9:00,SWE,USA,6,4
182,63,SUN 18 MAR 2018,Round Robin Session 5 - Sheet A,19:00,JPN,SUI,6,7
182,64,SUN 18 MAR 2018,Round Robin Session 5 - Sheet B,19:00,GER,CAN,1,8
182,65,SUN 18 MAR 2018,Round Robin Session 5 - Sheet C,19:00,DEN,KOR,5,7
182,66,SUN 18 MAR 2018,Round Robin Session 5 - Sheet D,19:00,CZE,CHN,10,5
182,67,SUN 18 MAR 2018,Round Robin Session 4 - Sheet B,14:00,JPN,DEN,9,2
182,68,SUN 18 MAR 2018,Round Robin Session 4 - Sheet C,14:00,RUS,SUI,8,4
182,69,SUN 18 MAR 2018,Round Robin Session 4 - Sheet D,14:00,ITA,SWE,1,9
182,70,SUN 18 MAR 2018,Round Robin Session 3 - Sheet A,9:00,KOR,CZE,8,5
182,71,SUN 18 MAR 2018,Round Robin Session 3 - Sheet B,9:00,SWE,CHN,10,3
182,72,SUN 18 MAR 2018,Round Robin Session 3 - Sheet C,9:00,ITA,SCO,7,6
182,73,SUN 18 MAR 2018,Round Robin Session 3 - Sheet D,9:00,USA,RUS,5,8
182,74,SAT 17 MAR 2018,Round Robin Session 2 - Sheet A,19:00,SWE,DEN,8,2
182,75,SAT 17 MAR 2018,Round Robin Session 2 - Sheet B,19:00,USA,ITA,8,1
182,76,SAT 17 MAR 2018,Round Robin Session 2 - Sheet C,19:00,GER,JPN,5,6
182,77,SAT 17 MAR 2018,Round Robin Session 2 - Sheet D,19:00,SUI,CAN,5,10
182,78,SAT 17 MAR 2018,Round Robin Session 1 - Sheet D,14:00,KOR,GER,8,3
183,9,SAT 17 MAR 2018,Gold Medal Game - Sheet B,14:35 금메달 경기 - 시트 B,CHN,NOR,6,5
183,10,SAT 17 MAR 2018,Bronze Medal Game - Sheet B,9:35 3-4위전 - 시트 B,KOR,CAN,3,5
183,11,FRI 16 MAR 2018,Semi-final - Sheet A,15:35 준결승 - 시트 A,CHN,CAN,4,3
183,12,FRI 16 MAR 2018,Semi-final - Sheet C,15:35 준결승 - 시트 C,KOR,NOR,6,8
183,13,THU 15 MAR 2018,Round Robin Session 17 - Sheet A,19:35 예선 세션 17 - 시트 A,SWE,SUI,5,3
183,14,THU 15 MAR 2018,Round Robin Session 17 - Sheet B,19:35 예선 세션 17 - 시트 B,FIN,GER,4,8
183,15,THU 15 MAR 2018,Round Robin Session 17 - Sheet C,19:35 예선 세션 17 - 시트 C,CHN,GBR,9,3
183,16,THU 15 MAR 2018,Round Robin Session 17 - Sheet D,19:35 예선 세션 17 - 시트 D,USA,SVK,6,7
183,17,THU 15 MAR 2018,Round Robin Session 16 - Sheet A,14:35 예선 세션 16 - 시트 A,NOR,SVK,7,6
183,18,THU 15 MAR 2018,Round Robin Session 16 - Sheet B,14:35 예선 세션 16 - 시트 B,CHN,KOR,6,7
183,19,THU 15 MAR 2018,Round Robin Session 16 - Sheet C,14:35 예선 세션 16 - 시트 C,CAN,FIN,8,4
183,20,THU 15 MAR 2018,Round Robin Session 16 - Sheet D,14:35 예선 세션 16 - 시트 D,NPA,SWE,3,7
183,21,THU 15 MAR 2018,Round Robin Session 15 - Sheet A,9:35 예선 세션 15 - 시트 A,CAN,GER,6,2
183,22,THU 15 MAR 2018,Round Robin Session 15 - Sheet B,9:35 예선 세션 15 - 시트 B,SUI,NPA,4,6
183,23,THU 15 MAR 2018,Round Robin Session 15 - Sheet C,9:35 예선 세션 15 - 시트 C,USA,NOR,4,5
183,24,THU 15 MAR 2018,Round Robin Session 15 - Sheet D,9:35 예선 세션 15 - 시트 D,GBR,KOR,4,5
183,25,WED 14 MAR 2018,Round Robin Session 14 - Sheet A,19:35 예선 세션 14 - 시트 A,CHN,NPA,10,4
183,26,WED 14 MAR 2018,Round Robin Session 14 - Sheet B,19:35 예선 세션 14 - 시트 B,SVK,CAN,5,9
183,27,WED 14 MAR 2018,Round Robin Session 14 - Sheet C,19:35 예선 세션 14 - 시트 C,KOR,SWE,4,2
183,28,WED 14 MAR 2018,Round Robin Session 14 - Sheet D,19:35 예선 세션 14 - 시트 D,NOR,FIN,6,4
183,29,WED 14 MAR 2018,Round Robin Session 13 - Sheet A,14:35 예선 세션 13 - 시트 A,GBR,USA,3,9
183,30,WED 14 MAR 2018,Round Robin Session 13 - Sheet B,14:35 예선 세션 13 - 시트 B,KOR,NOR,2,9
183,31,WED 14 MAR 2018,Round Robin Session 13 - Sheet C,14:35 예선 세션 13 - 시트 C,GER,SUI,4,9
183,32,WED 14 MAR 2018,Round Robin Session 13 - Sheet D,14:35 예선 세션 13 - 시트 D,CAN,NPA,5,4
183,33,WED 14 MAR 2018,Round Robin Session 12 - Sheet A,9:35 예선 세션 12 - 시트 A,FIN,SWE,6,5
183,34,WED 14 MAR 2018,Round Robin Session 12 - Sheet B,9:35 예선 세션 12 - 시트 B,GER,GBR,3,8
183,35,WED 14 MAR 2018,Round Robin Session 12 - Sheet C,9:35 예선 세션 12 - 시트 C,SVK,CHN,2,9
183,36,WED 14 MAR 2018,Round Robin Session 12 - Sheet D,9:35 예선 세션 12 - 시트 D,SUI,USA,7,4
183,37,TUE 13 MAR 2018,Round Robin Session 11 - Sheet A,19:35 예선 세션 11 - 시트 A,NPA,GBR,8,2
183,38,TUE 13 MAR 2018,Round Robin Session 11 - Sheet B,19:35 예선 세션 11 - 시트 B,CAN,USA,6,5
183,39,TUE 13 MAR 2018,Round Robin Session 11 - Sheet C,19:35 예선 세션 11 - 시트 C,SUI,KOR,5,6
183,40,TUE 13 MAR 2018,Round Robin Session 11 - Sheet D,19:35 예선 세션 11 - 시트 D,GER,NOR,6,8
183,41,TUE 13 MAR 2018,Round Robin Session 10 - Sheet A,14:35 예선 세션 10 - 시트 A,USA,CHN,4,6
183,42,TUE 13 MAR 2018,Round Robin Session 10 - Sheet B,14:35 예선 세션 10 - 시트 B,GBR,SVK,5,6
183,43,TUE 13 MAR 2018,Round Robin Session 10 - Sheet C,14:35 예선 세션 10 - 시트 C,SWE,GER,9,5
183,44,TUE 13 MAR 2018,Round Robin Session 10 - Sheet D,14:35 예선 세션 10 - 시트 D,FIN,SUI,7,10
183,45,TUE 13 MAR 2018,Round Robin Session 9 - Sheet A,9:35 예선 세션 9 - 시트 A,FIN,KOR,3,11
183,46,TUE 13 MAR 2018,Round Robin Session 9 - Sheet B,9:35 예선 세션 9 - 시트 B,NOR,SWE,4,5
183,47,TUE 13 MAR 2018,Round Robin Session 9 - Sheet C,9:35 예선 세션 9 - 시트 C,NPA,SVK,7,5
183,48,TUE 13 MAR 2018,Round Robin Session 9 - Sheet D,9:35 예선 세션 9 - 시트 D,CHN,CAN,5,8
183,49,MON 12 MAR 2018,Round Robin Session 8 - Sheet A,19:35 예선 세션 8 - 시트 A,SUI,NOR,3,6
183,50,MON 12 MAR 2018,Round Robin Session 8 - Sheet B,19:35 예선 세션 8 - 시트 B,NPA,USA,6,4
183,51,MON 12 MAR 2018,Round Robin Session 8 - Sheet C,19:35 예선 세션 8 - 시트 C,GBR,CAN,8,1
183,52,MON 12 MAR 2018,Round Robin Session 8 - Sheet D,19:35 예선 세션 8 - 시트 D,KOR,GER,3,4
183,53,MON 12 MAR 2018,Round Robin Session 7 - Sheet A,14:35 예선 세션 7 - 시트 A,GER,SVK,7,6
183,54,MON 12 MAR 2018,Round Robin Session 7 - Sheet B,14:35 예선 세션 7 - 시트 B,CHN,SUI,8,2
183,55,MON 12 MAR 2018,Round Robin Session 7 - Sheet C,14:35 예선 세션 7 - 시트 C,FIN,USA,8,5
183,56,MON 12 MAR 2018,Round Robin Session 7 - Sheet D,14:35 예선 세션 7 - 시트 D,SWE,GBR,1,6
183,57,MON 12 MAR 2018,Round Robin Session 6 - Sheet A,9:35 예선 세션 6 - 시트 A,KOR,CAN,7,5
183,58,MON 12 MAR 2018,Round Robin Session 6 - Sheet B,9:35 예선 세션 6 - 시트 B,SWE,SVK,3,8
183,59,MON 12 MAR 2018,Round Robin Session 6 - Sheet C,9:35 예선 세션 6 - 시트 C,NOR,NPA,6,2
183,60,MON 12 MAR 2018,Round Robin Session 6 - Sheet D,9:35 예선 세션 6 - 시트 D,FIN,CHN,4,6
183,61,SUN 11 MAR 2018,Round Robin Session 5 - Sheet A,19:35 예선 세션 5 - 시트 A,SVK,SUI,5,6
183,62,SUN 11 MAR 2018,Round Robin Session 5 - Sheet B,19:35 예선 세션 5 - 시트 B,GBR,FIN,9,2
183,63,SUN 11 MAR 2018,Round Robin Session 5 - Sheet C,19:35 예선 세션 5 - 시트 C,CHN,GER,7,3
183,64,SUN 11 MAR 2018,Round Robin Session 5 - Sheet D,19:35 예선 세션 5 - 시트 D,USA,SWE,10,2
183,65,SUN 11 MAR 2018,Round Robin Session 4 - Sheet A,14:35 예선 세션 4 - 시트 A,NPA,FIN,12,5
183,66,SUN 11 MAR 2018,Round Robin Session 4 - Sheet B,14:35 예선 세션 4 - 시트 B,NOR,CHN,1,10
183,67,SUN 11 MAR 2018,Round Robin Session 4 - Sheet C,14:35 예선 세션 4 - 시트 C,CAN,SWE,8,4
183,68,SUN 11 MAR 2018,Round Robin Session 4 - Sheet D,14:35 예선 세션 4 - 시트 D,SVK,KOR,5,7
183,69,SUN 11 MAR 2018,Round Robin Session 3 - Sheet B,9:35 예선 세션 3 - 시트 B,USA,GER,4,6
183,70,SUN 11 MAR 2018,Round Robin Session 3 - Sheet C,9:35 예선 세션 3 - 시트 C,SUI,GBR,7,4
183,71,SAT 10 MAR 2018,Round Robin Session 2 - Sheet A,19:35 예선 세션 2 - 시트 A,SWE,CHN,4,9
183,72,SAT 10 MAR 2018,Round Robin Session 2 - Sheet B,19:35 예선 세션 2 - 시트 B,KOR,NPA,6,5
183,73,SAT 10 MAR 2018,Round Robin Session 2 - Sheet C,19:35 예선 세션 2 - 시트 C,SVK,FIN,7,6
183,74,SAT 10 MAR 2018,Round Robin Session 2 - Sheet D,19:35 예선 세션 2 - 시트 D,CAN,NOR,10,1
183,75,SAT 10 MAR 2018,Round Robin Session 1 - Sheet A,14:35 예선 세션 1 - 시트 A,NOR,GBR,2,5
183,76,SAT 10 MAR 2018,Round Robin Session 1 - Sheet B,14:35 예선 세션 1 - 시트 B,SUI,CAN,0,8
183,77,SAT 10 MAR 2018,Round Robin Session 1 - Sheet C,14:35 예선 세션 1 - 시트 C,USA,KOR,3,7
183,78,SAT 10 MAR 2018,Round Robin Session 1 - Sheet D,14:35 예선 세션 1 - 시트 D,GER,NPA,9,4
184,1,SAT 10 MAR 2018,Gold Medal Game - Sheet C,14:00,CAN,SCO,6,5
184,2,FRI 9 MAR 2018,Semi-final - Sheet D,19:00,SUI,SCO,4,5
184,3,THU 8 MAR 2018,Round Robin Session 9 - Sheet E,19:00,SCO,SWE,7,3
184,4,WED 7 MAR 2018,Round Robin Session 7 - Sheet B,14:00,SUI,SCO,5,10
184,5,TUE 6 MAR 2018,Round Robin Session 6 - Sheet D,19:00,USA,SCO,5,6
184,6,MON 5 MAR 2018,Round Robin Session 4 - Sheet A,14:00,USA,CAN,2,4
184,7,SUN 4 MAR 2018,Round Robin Session 3 - Sheet D,19:00,SCO,CAN,6,5
184,8,SAT 3 MAR 2018,Round Robin Session 1 - Sheet C,14:00,SCO,NOR,8,6
185,1,SAT 10 MAR 2018,Gold Medal Game - Sheet C,9:00,CAN,SWE,7,4
185,2,FRI 9 MAR 2018,Semi-final - Sheet D,14:00,CHN,CAN,7,9
185,3,THU 8 MAR 2018,Round Robin Session 9 - Sheet B,14:00,SWE,CAN,8,6
185,4,WED 7 MAR 2018,Round Robin Session 8 - Sheet D,19:00,USA,SCO,11,4
185,5,TUE 6 MAR 2018,Round Robin Session 6 - Sheet C,14:00,KOR,SCO,8,5
185,6,MON 5 MAR 2018,Round Robin Session 4 - Sheet D,9:00,CAN,USA,8,3
185,7,SUN 4 MAR 2018,Round Robin Session 3 - Sheet A,14:00,CAN,SCO,4,8
185,8,SAT 3 MAR 2018,Round Robin Session 2 - Sheet B,19:00,SUI,SWE,6,7
186,12,SUN 25 FEB 2018,Gold Medal Game - Sheet B,9:05 금메달 경기 - 선로 B / Finale - Piste B,SWE,KOR,8,3
186,13,SAT 24 FEB 2018,Bronze Medal Game - Sheet B,20:05 3-4위전 - 선로 B / Match médaille de bronze - Piste B,GBR,JPN,3,5
186,14,FRI 23 FEB 2018,Semi-final - Sheet A,20:05 준결승 - 선로 A / Demi-finale - Piste A,KOR,JPN,8,7
186,15,FRI 23 FEB 2018,Semi-final - Sheet C,20:05 준결승 - 선로 C / Demi-finale - Piste C,SWE,GBR,10,5
186,16,WED 21 FEB 2018,Round Robin Session 12 - Sheet A,"20:05 예선 세션 12 - 선로 A / Round robin, session 12 - Piste A",SWE,USA,9,6
186,17,WED 21 FEB 2018,Round Robin Session 12 - Sheet B,"20:05 예선 세션 12 - 선로 B / Round robin, session 12 - Piste B",SUI,JPN,8,4
186,18,WED 21 FEB 2018,Round Robin Session 12 - Sheet C,"20:05 예선 세션 12 - 선로 C / Round robin, session 12 - Piste C",OAR,CAN,8,9
186,19,WED 21 FEB 2018,Round Robin Session 12 - Sheet D,"20:05 예선 세션 12 - 선로 D / Round robin, session 12 - Piste D",KOR,DEN,9,3
186,20,WED 21 FEB 2018,Round Robin Session 11 - Sheet A,"9:05 예선 세션 11 - 선로 A / Round robin, session 11 - Piste A",KOR,OAR,11,2
186,21,WED 21 FEB 2018,Round Robin Session 11 - Sheet B,"9:05 예선 세션 11 - 선로 B / Round robin, session 11 - Piste B",SWE,CHN,8,4
186,22,WED 21 FEB 2018,Round Robin Session 11 - Sheet C,"9:05 예선 세션 11 - 선로 C / Round robin, session 11 - Piste C",SUI,DEN,6,4
186,23,WED 21 FEB 2018,Round Robin Session 11 - Sheet D,"9:05 예선 세션 11 - 선로 D / Round robin, session 11 - Piste D",CAN,GBR,5,6
186,24,TUE 20 FEB 2018,Round Robin Session 10 - Sheet A,"14:05 예선 세션 10 - 선로 A / Round robin, session 10 - Piste A",CAN,CHN,5,7
186,25,TUE 20 FEB 2018,Round Robin Session 10 - Sheet B,"14:05 예선 세션 10 - 선로 B / Round robin, session 10 - Piste B",USA,KOR,6,9
186,26,TUE 20 FEB 2018,Round Robin Session 10 - Sheet C,"14:05 예선 세션 10 - 선로 C / Round robin, session 10 - Piste C",GBR,JPN,8,6
186,27,MON 19 FEB 2018,Round Robin Session 9 - Sheet A,"20:05 예선 세션 9 - 선로 A / Round robin, session 9 - Piste A",GBR,SUI,8,7
186,28,MON 19 FEB 2018,Round Robin Session 9 - Sheet B,"20:05 예선 세션 9 - 선로 B / Round robin, session 9 - Piste B",DEN,OAR,7,8
186,29,MON 19 FEB 2018,Round Robin Session 9 - Sheet C,"20:05 예선 세션 9 - 선로 C / Round robin, session 9 - Piste C",CHN,USA,4,10
186,30,MON 19 FEB 2018,Round Robin Session 9 - Sheet D,"20:05 예선 세션 9 - 선로 D / Round robin, session 9 - Piste D",JPN,SWE,5,4
186,31,MON 19 FEB 2018,Round Robin Session 8 - Sheet A,"9:05 예선 세션 8 - 선로 A / Round robin, session 8 - Piste A",USA,DEN,7,6
186,32,MON 19 FEB 2018,Round Robin Session 8 - Sheet B,"9:05 예선 세션 8 - 선로 B / Round robin, session 8 - Piste B",JPN,CAN,3,8
186,33,MON 19 FEB 2018,Round Robin Session 8 - Sheet C,"9:05 예선 세션 8 - 선로 C / Round robin, session 8 - Piste C",SWE,KOR,6,7
186,34,MON 19 FEB 2018,Round Robin Session 8 - Sheet D,"9:05 예선 세션 8 - 선로 D / Round robin, session 8 - Piste D",OAR,SUI,2,11
186,35,SUN 18 FEB 2018,Round Robin Session 7 - Sheet B,"14:05 예선 세션 7 - 선로 B / Round robin, session 7 - Piste B",GBR,SWE,6,8
186,36,SUN 18 FEB 2018,Round Robin Session 7 - Sheet C,"14:05 예선 세션 7 - 선로 C / Round robin, session 7 - Piste C",CAN,SUI,10,8
186,37,SUN 18 FEB 2018,Round Robin Session 7 - Sheet D,"14:05 예선 세션 7 - 선로 D / Round robin, session 7 - Piste D",CHN,KOR,5,12
186,38,SAT 17 FEB 2018,Round Robin Session 6 - Sheet A,"20:05 예선 세션 6 - 선로 A / Round robin, session 6 - Piste A",OAR,JPN,5,10
186,39,SAT 17 FEB 2018,Round Robin Session 6 - Sheet B,"20:05 예선 세션 6 - 선로 B / Round robin, session 6 - Piste B",CHN,DEN,10,7
186,40,SAT 17 FEB 2018,Round Robin Session 6 - Sheet C,"20:05 예선 세션 6 - 선로 C / Round robin, session 6 - Piste C",KOR,GBR,7,4
186,41,SAT 17 FEB 2018,Round Robin Session 6 - Sheet D,"20:05 예선 세션 6 - 선로 D / Round robin, session 6 - Piste D",USA,CAN,3,11
186,42,SAT 17 FEB 2018,Round Robin Session 5 - Sheet A,"9:05 예선 세션 5 - 선로 A / Round robin, session 5 - Piste A",SUI,SWE,7,8
186,43,SAT 17 FEB 2018,Round Robin Session 5 - Sheet B,"9:05 예선 세션 5 - 선로 B / Round robin, session 5 - Piste B",OAR,USA,6,7
186,44,SAT 17 FEB 2018,Round Robin Session 5 - Sheet C,"9:05 예선 세션 5 - 선로 C / Round robin, session 5 - Piste C",JPN,CHN,6,7
186,45,SAT 17 FEB 2018,Round Robin Session 5 - Sheet D,"9:05 예선 세션 5 - 선로 D / Round robin, session 5 - Piste D",DEN,GBR,6,7
186,46,FRI 16 FEB 2018,Round Robin Session 4 - Sheet A,"14:05 예선 세션 4 - 선로 A / Round robin, session 4 - Piste A",DEN,CAN,9,8
186,47,FRI 16 FEB 2018,Round Robin Session 4 - Sheet B,"14:05 예선 세션 4 - 선로 B / Round robin, session 4 - Piste B",KOR,SUI,7,5
186,48,FRI 16 FEB 2018,Round Robin Session 4 - Sheet D,"14:05 예선 세션 4 - 선로 D / Round robin, session 4 - Piste D",SWE,OAR,5,4
186,49,THU 15 FEB 2018,Round Robin Session 3 - Sheet A,"20:05 예선 세션 3 - 선로 A / Round robin, session 3 - Piste A",CHN,GBR,7,8
186,50,THU 15 FEB 2018,Round Robin Session 3 - Sheet B,"20:05 예선 세션 3 - 선로 B / Round robin, session 3 - Piste B",CAN,SWE,6,7
186,51,THU 15 FEB 2018,Round Robin Session 3 - Sheet C,"20:05 예선 세션 3 - 선로 C / Round robin, session 3 - Piste C",USA,SUI,5,6
186,52,THU 15 FEB 2018,Round Robin Session 3 - Sheet D,"20:05 예선 세션 3 - 선로 D / Round robin, session 3 - Piste D",KOR,JPN,5,7
186,53,THU 15 FEB 2018,Round Robin Session 2 - Sheet A,"9:05 예선 세션 2 - 선로 A / Round robin, session 2 - Piste A",CAN,KOR,6,8
186,54,THU 15 FEB 2018,Round Robin Session 2 - Sheet B,"9:05 예선 세션 2 - 선로 B / Round robin, session 2 - Piste B",DEN,JPN,5,8
186,55,THU 15 FEB 2018,Round Robin Session 2 - Sheet C,"9:05 예선 세션 2 - 선로 C / Round robin, session 2 - Piste C",CHN,OAR,6,7
186,56,THU 15 FEB 2018,Round Robin Session 2 - Sheet D,"9:05 예선 세션 2 - 선로 D / Round robin, session 2 - Piste D",GBR,USA,4,7
186,57,WED 14 FEB 2018,Round Robin Session 1 - Sheet A,"14:05 예선 세션 1 - 선로 A / Round robin, session 1 - Piste A",JPN,USA,10,5
186,58,WED 14 FEB 2018,Round Robin Session 1 - Sheet B,"14:05 예선 세션 1 - 선로 B / Round robin, session 1 - Piste B",OAR,GBR,3,10
186,59,WED 14 FEB 2018,Round Robin Session 1 - Sheet C,"14:05 예선 세션 1 - 선로 C / Round robin, session 1 - Piste C",DEN,SWE,3,9
186,60,WED 14 FEB 2018,Round Robin Session 1 - Sheet D,"14:05 예선 세션 1 - 선로 D / Round robin, session 1 - Piste D",SUI,CHN,2,7
186,61,SAT 24 FEB 2018,Gold Medal Game - Sheet B,15:35 금메달 경기 - 선로 B / Finale - Piste B,SWE,USA,7,10
186,62,FRI 23 FEB 2018,Bronze Medal Game - Sheet B,15:35 3-4위전 - 선로 B / Match médaille de bronze - Piste B,SUI,CAN,7,5
186,63,THU 22 FEB 2018,Semi-final - Sheet A,20:05 준결승 - 선로 A / Demi-finale - Piste A,SWE,SUI,9,3
186,64,THU 22 FEB 2018,Semi-final - Sheet C,20:05 준결승 - 선로 C / Demi-finale - Piste C,CAN,USA,3,5
186,65,THU 22 FEB 2018,Tie-breaker - Sheet D,9:05 타이 브레이커 - 선로 D / Session de barrages - Piste D,SUI,GBR,9,5
186,66,WED 21 FEB 2018,Round Robin Session 12 - Sheet A,"14:05 예선 세션 12 - 선로 A / Round robin, session 12 - Piste A",DEN,CAN,3,8
186,67,WED 21 FEB 2018,Round Robin Session 12 - Sheet B,"14:05 예선 세션 12 - 선로 B / Round robin, session 12 - Piste B",GBR,USA,4,10
186,68,WED 21 FEB 2018,Round Robin Session 12 - Sheet C,"14:05 예선 세션 12 - 선로 C / Round robin, session 12 - Piste C",SWE,NOR,2,7
186,69,WED 21 FEB 2018,Round Robin Session 12 - Sheet D,"14:05 예선 세션 12 - 선로 D / Round robin, session 12 - Piste D",KOR,JPN,10,4
186,70,TUE 20 FEB 2018,Round Robin Session 11 - Sheet A,"20:05 예선 세션 11 - 선로 A / Round robin, session 11 - Piste A",SUI,USA,4,8
186,71,TUE 20 FEB 2018,Round Robin Session 11 - Sheet B,"20:05 예선 세션 11 - 선로 B / Round robin, session 11 - Piste B",NOR,ITA,4,6
186,72,TUE 20 FEB 2018,Round Robin Session 11 - Sheet C,"20:05 예선 세션 11 - 선로 C / Round robin, session 11 - Piste C",JPN,DEN,6,4
186,73,TUE 20 FEB 2018,Round Robin Session 10 - Sheet A,"9:05 예선 세션 10 - 선로 A / Round robin, session 10 - Piste A",GBR,NOR,10,3
186,74,TUE 20 FEB 2018,Round Robin Session 10 - Sheet B,"9:05 예선 세션 10 - 선로 B / Round robin, session 10 - Piste B",JPN,CAN,4,8
186,75,TUE 20 FEB 2018,Round Robin Session 10 - Sheet C,"9:05 예선 세션 10 - 선로 C / Round robin, session 10 - Piste C",KOR,SUI,8,7
186,76,TUE 20 FEB 2018,Round Robin Session 10 - Sheet D,"9:05 예선 세션 10 - 선로 D / Round robin, session 10 - Piste D",ITA,SWE,3,7
186,77,MON 19 FEB 2018,Round Robin Session 9 - Sheet A,"14:05 예선 세션 9 - 선로 A / Round robin, session 9 - Piste A",ITA,KOR,6,8
186,78,MON 19 FEB 2018,Round Robin Session 9 - Sheet B,"14:05 예선 세션 9 - 선로 B / Round robin, session 9 - Piste B",SWE,SUI,3,10
186,79,MON 19 FEB 2018,Round Robin Session 9 - Sheet C,"14:05 예선 세션 9 - 선로 C / Round robin, session 9 - Piste C",USA,CAN,9,7
186,80,MON 19 FEB 2018,Round Robin Session 9 - Sheet D,"14:05 예선 세션 9 - 선로 D / Round robin, session 9 - Piste D",GBR,DEN,7,6
186,81,SUN 18 FEB 2018,Round Robin Session 8 - Sheet A,"20:05 예선 세션 8 - 선로 A / Round robin, session 8 - Piste A",SWE,JPN,11,4
186,82,SUN 18 FEB 2018,Round Robin Session 8 - Sheet B,"20:05 예선 세션 8 - 선로 B / Round robin, session 8 - Piste B",DEN,KOR,9,8
186,83,SUN 18 FEB 2018,Round Robin Session 8 - Sheet C,"20:05 예선 세션 8 - 선로 C / Round robin, session 8 - Piste C",ITA,GBR,6,7
186,84,SUN 18 FEB 2018,Round Robin Session 8 - Sheet D,"20:05 예선 세션 8 - 선로 D / Round robin, session 8 - Piste D",USA,NOR,5,8
186,85,SUN 18 FEB 2018,Round Robin Session 7 - Sheet A,"9:05 예선 세션 7 - 선로 A / Round robin, session 7 - Piste A",NOR,DEN,10,8
186,86,SUN 18 FEB 2018,Round Robin Session 7 - Sheet B,"9:05 예선 세션 7 - 선로 B / Round robin, session 7 - Piste B",USA,JPN,2,8
186,87,SUN 18 FEB 2018,Round Robin Session 7 - Sheet D,"9:05 예선 세션 7 - 선로 D / Round robin, session 7 - Piste D",SUI,CAN,8,6
186,88,SAT 17 FEB 2018,Round Robin Session 6 - Sheet A,"14:05 예선 세션 6 - 선로 A / Round robin, session 6 - Piste A",KOR,GBR,11,5
186,89,SAT 17 FEB 2018,Round Robin Session 6 - Sheet B,"14:05 예선 세션 6 - 선로 B / Round robin, session 6 - Piste B",SUI,NOR,7,5
186,90,SAT 17 FEB 2018,Round Robin Session 6 - Sheet C,"14:05 예선 세션 6 - 선로 C / Round robin, session 6 - Piste C",CAN,SWE,2,5
186,91,SAT 17 FEB 2018,Round Robin Session 6 - Sheet D,"14:05 예선 세션 6 - 선로 D / Round robin, session 6 - Piste D",JPN,ITA,6,5
186,92,FRI 16 FEB 2018,Round Robin Session 5 - Sheet A,"20:05 예선 세션 5 - 선로 A / Round robin, session 5 - Piste A",JPN,SUI,5,6
186,93,FRI 16 FEB 2018,Round Robin Session 5 - Sheet B,"20:05 예선 세션 5 - 선로 B / Round robin, session 5 - Piste B",SWE,GBR,8,6
186,94,FRI 16 FEB 2018,Round Robin Session 5 - Sheet C,"20:05 예선 세션 5 - 선로 C / Round robin, session 5 - Piste C",DEN,USA,5,9
186,95,FRI 16 FEB 2018,Round Robin Session 5 - Sheet D,"20:05 예선 세션 5 - 선로 D / Round robin, session 5 - Piste D",CAN,KOR,7,6
186,96,FRI 16 FEB 2018,Round Robin Session 4 - Sheet B,"9:05 예선 세션 4 - 선로 B / Round robin, session 4 - Piste B",ITA,DEN,4,6
186,97,FRI 16 FEB 2018,Round Robin Session 4 - Sheet C,"9:05 예선 세션 4 - 선로 C / Round robin, session 4 - Piste C",NOR,KOR,7,5
186,98,FRI 16 FEB 2018,Round Robin Session 4 - Sheet D,"9:05 예선 세션 4 - 선로 D / Round robin, session 4 - Piste D",SWE,USA,10,4
186,99,THU 15 FEB 2018,Round Robin Session 3 - Sheet A,"14:05 예선 세션 3 - 선로 A / Round robin, session 3 - Piste A",USA,ITA,9,10
186,100,THU 15 FEB 2018,Round Robin Session 3 - Sheet B,"14:05 예선 세션 3 - 선로 B / Round robin, session 3 - Piste B",NOR,CAN,4,7
186,101,THU 15 FEB 2018,Round Robin Session 3 - Sheet C,"14:05 예선 세션 3 - 선로 C / Round robin, session 3 - Piste C",GBR,JPN,6,5
186,102,THU 15 FEB 2018,Round Robin Session 3 - Sheet D,"14:05 예선 세션 3 - 선로 D / Round robin, session 3 - Piste D",DEN,SUI,7,9
186,103,WED 14 FEB 2018,Round Robin Session 2 - Sheet A,"20:05 예선 세션 2 - 선로 A / Round robin, session 2 - Piste A",CAN,GBR,6,4
186,104,WED 14 FEB 2018,Round Robin Session 2 - Sheet B,"20:05 예선 세션 2 - 선로 B / Round robin, session 2 - Piste B",KOR,SWE,2,7
186,105,WED 14 FEB 2018,Round Robin Session 2 - Sheet C,"20:05 예선 세션 2 - 선로 C / Round robin, session 2 - Piste C",SUI,ITA,4,7
186,106,WED 14 FEB 2018,Round Robin Session 2 - Sheet D,"20:05 예선 세션 2 - 선로 D / Round robin, session 2 - Piste D",NOR,JPN,4,6
186,107,WED 14 FEB 2018,Round Robin Session 1 - Sheet A,"9:05 예선 세션 1 - 선로 A / Round robin, session 1 - Piste A",DEN,SWE,5,9
186,108,WED 14 FEB 2018,Round Robin Session 1 - Sheet B,"9:05 예선 세션 1 - 선로 B / Round robin, session 1 - Piste B",CAN,ITA,5,3
186,109,WED 14 FEB 2018,Round Robin Session 1 - Sheet C,"9:05 예선 세션 1 - 선로 C / Round robin, session 1 - Piste C",KOR,USA,7,11
186,110,WED 14 FEB 2018,Round Robin Session 1 - Sheet D,"9:05 예선 세션 1 - 선로 D / Round robin, session 1 - Piste D",SUI,GBR,5,6
186,111,TUE 13 FEB 2018,Gold Medal Game - Sheet B,20:05 금메달 경기 - 선로 B / Finale - Piste B,CAN,SUI,10,3
186,112,TUE 13 FEB 2018,Bronze Medal Game - Sheet B,9:05 3-4위전 - 선로 B / Match médaille de bronze - Piste B,OAR,NOR,7,4
186,114,MON 12 FEB 2018,Semi-final - Sheet A,9:05 준결승 - 선로 A / Demi-finale - Piste A,CAN,NOR,8,4
186,115,MON 12 FEB 2018,Semi-final - Sheet C,20:05 준결승 - 선로 C / Demi-finale - Piste C,OAR,SUI,5,7
186,116,SUN 11 FEB 2018,Tie-breaker - Sheet B,20:05 타이 브레이커 - 선로 B / Session de barrages - Piste B,CHN,NOR,7,9
186,117,SUN 11 FEB 2018,Round Robin Session 7 - Sheet A,"9:05 예선 세션 7 - 선로 A / Round robin, session 7 - Piste A",NOR,CHN,3,9
186,118,SUN 11 FEB 2018,Round Robin Session 7 - Sheet B,"9:05 예선 세션 7 - 선로 B / Round robin, session 7 - Piste B",FIN,USA,7,5
186,119,SUN 11 FEB 2018,Round Robin Session 7 - Sheet C,"9:05 예선 세션 7 - 선로 C / Round robin, session 7 - Piste C",SUI,OAR,9,8
186,120,SUN 11 FEB 2018,Round Robin Session 7 - Sheet D,"9:05 예선 세션 7 - 선로 D / Round robin, session 7 - Piste D",CAN,KOR,7,3
186,121,SAT 10 FEB 2018,Round Robin Session 6 - Sheet A,"20:05 예선 세션 6 - 선로 A / Round robin, session 6 - Piste A",OAR,CAN,2,8
186,122,SAT 10 FEB 2018,Round Robin Session 6 - Sheet B,"20:05 예선 세션 6 - 선로 B / Round robin, session 6 - Piste B",SUI,KOR,6,4
186,123,SAT 10 FEB 2018,Round Robin Session 6 - Sheet C,"20:05 예선 세션 6 - 선로 C / Round robin, session 6 - Piste C",NOR,USA,3,10
186,124,SAT 10 FEB 2018,Round Robin Session 6 - Sheet D,"20:05 예선 세션 6 - 선로 D / Round robin, session 6 - Piste D",FIN,CHN,5,10
186,125,SAT 10 FEB 2018,Round Robin Session 5 - Sheet A,"9:05 예선 세션 5 - 선로 A / Round robin, session 5 - Piste A",CHN,USA,6,4
186,126,SAT 10 FEB 2018,Round Robin Session 5 - Sheet B,"9:05 예선 세션 5 - 선로 B / Round robin, session 5 - Piste B",NOR,FIN,7,6
186,127,SAT 10 FEB 2018,Round Robin Session 5 - Sheet C,"9:05 예선 세션 5 - 선로 C / Round robin, session 5 - Piste C",CAN,SUI,7,2
186,128,SAT 10 FEB 2018,Round Robin Session 5 - Sheet D,"9:05 예선 세션 5 - 선로 D / Round robin, session 5 - Piste D",KOR,OAR,5,6
186,129,FRI 9 FEB 2018,Round Robin Session 4 - Sheet A,"13:35 예선 세션 4 - 선로 A / Round robin, session 4 - Piste A",CAN,FIN,8,2
186,130,FRI 9 FEB 2018,Round Robin Session 4 - Sheet B,"13:35 예선 세션 4 - 선로 B / Round robin, session 4 - Piste B",CHN,OAR,5,6
186,131,FRI 9 FEB 2018,Round Robin Session 4 - Sheet C,"13:35 예선 세션 4 - 선로 C / Round robin, session 4 - Piste C",USA,KOR,1,9
186,132,FRI 9 FEB 2018,Round Robin Session 4 - Sheet D,"13:35 예선 세션 4 - 선로 D / Round robin, session 4 - Piste D",SUI,NOR,5,6
186,133,FRI 9 FEB 2018,Round Robin Session 3 - Sheet A,"8:35 예선 세션 3 - 선로 A / Round robin, session 3 - Piste A",KOR,NOR,3,8
186,134,FRI 9 FEB 2018,Round Robin Session 3 - Sheet B,"8:35 예선 세션 3 - 선로 B / Round robin, session 3 - Piste B",USA,SUI,4,9
186,135,FRI 9 FEB 2018,Round Robin Session 3 - Sheet C,"8:35 예선 세션 3 - 선로 C / Round robin, session 3 - Piste C",CHN,CAN,4,10
186,136,FRI 9 FEB 2018,Round Robin Session 3 - Sheet D,"8:35 예선 세션 3 - 선로 D / Round robin, session 3 - Piste D",OAR,FIN,7,5
186,137,THU 8 FEB 2018,Round Robin Session 2 - Sheet A,"20:05 예선 세션 2 - 선로 A / Round robin, session 2 - Piste A",FIN,SUI,6,7
186,138,THU 8 FEB 2018,Round Robin Session 2 - Sheet B,"20:05 예선 세션 2 - 선로 B / Round robin, session 2 - Piste B",KOR,CHN,7,8
186,139,THU 8 FEB 2018,Round Robin Session 2 - Sheet C,"20:05 예선 세션 2 - 선로 C / Round robin, session 2 - Piste C",OAR,NOR,4,3
186,140,THU 8 FEB 2018,Round Robin Session 2 - Sheet D,"20:05 예선 세션 2 - 선로 D / Round robin, session 2 - Piste D",USA,CAN,4,6
186,141,THU 8 FEB 2018,Round Robin Session 1 - Sheet A,"9:05 예선 세션 1 - 선로 A / Round robin, session 1 - Piste A",USA,OAR,9,3
186,142,THU 8 FEB 2018,Round Robin Session 1 - Sheet B,"9:05 예선 세션 1 - 선로 B / Round robin, session 1 - Piste B",CAN,NOR,6,9
186,143,THU 8 FEB 2018,Round Robin Session 1 - Sheet C,"9:05 예선 세션 1 - 선로 C / Round robin, session 1 - Piste C",KOR,FIN,9,4
186,144,THU 8 FEB 2018,Round Robin Session 1 - Sheet D,"9:05 예선 세션 1 - 선로 D / Round robin, session 1 - Piste D",CHN,SUI,5,7
189,1,SUN 10 DEC 2017,Play-off Game 2 (Loser 1v2 v 3),16:00,CZE,DEN,2,4
189,2,SUN 10 DEC 2017,Play-off Game 1 (1 v 2),8:00,DEN,ITA,5,6
189,3,SAT 9 DEC 2017,Round Robin Session 7 - Sheet A,13:30,FIN,GER,8,4
189,4,SAT 9 DEC 2017,Round Robin Session 7 - Sheet B,13:30,ITA,DEN,3,8
189,5,SAT 9 DEC 2017,Round Robin Session 7 - Sheet C,13:30,CZE,NED,8,4
189,6,SAT 9 DEC 2017,Round Robin Session 7 - Sheet D,13:30,CHN,RUS,5,8
189,7,FRI 8 DEC 2017,Round Robin Session 6 - Sheet A,19:00,CZE,ITA,6,10
189,8,FRI 8 DEC 2017,Round Robin Session 6 - Sheet B,19:00,GER,RUS,5,6
189,9,FRI 8 DEC 2017,Round Robin Session 6 - Sheet C,19:00,CHN,FIN,10,6
189,10,FRI 8 DEC 2017,Round Robin Session 6 - Sheet D,19:00,DEN,NED,7,3
189,11,FRI 8 DEC 2017,Round Robin Session 5 - Sheet A,9:00,GER,DEN,1,6
189,12,FRI 8 DEC 2017,Round Robin Session 5 - Sheet B,9:00,FIN,ITA,7,3
189,13,FRI 8 DEC 2017,Round Robin Session 5 - Sheet C,9:00,NED,RUS,6,9
189,14,FRI 8 DEC 2017,Round Robin Session 5 - Sheet D,9:00,CZE,CHN,10,7
189,15,THU 7 DEC 2017,Round Robin Session 4 - Sheet A,14:00,RUS,CZE,5,7
189,16,THU 7 DEC 2017,Round Robin Session 4 - Sheet B,14:00,CHN,NED,7,5
189,17,THU 7 DEC 2017,Round Robin Session 4 - Sheet C,14:00,ITA,GER,6,4
189,18,THU 7 DEC 2017,Round Robin Session 4 - Sheet D,14:00,FIN,DEN,9,10
189,19,WED 6 DEC 2017,Round Robin Session 3 - Sheet A,20:00,NED,FIN,8,4
189,20,WED 6 DEC 2017,Round Robin Session 3 - Sheet B,20:00,DEN,CHN,5,3
189,21,WED 6 DEC 2017,Round Robin Session 3 - Sheet C,20:00,RUS,ITA,5,6
189,22,WED 6 DEC 2017,Round Robin Session 3 - Sheet D,20:00,GER,CZE,8,4
189,23,WED 6 DEC 2017,Round Robin Session 2 - Sheet A,12:00,ITA,CHN,5,10
189,24,WED 6 DEC 2017,Round Robin Session 2 - Sheet B,12:00,NED,GER,3,4
189,25,WED 6 DEC 2017,Round Robin Session 2 - Sheet C,12:00,DEN,CZE,10,4
189,26,WED 6 DEC 2017,Round Robin Session 2 - Sheet D,12:00,RUS,FIN,6,9
189,27,TUE 5 DEC 2017,Round Robin Session 1 - Sheet A,20:00,DEN,RUS,3,6
189,28,TUE 5 DEC 2017,Round Robin Session 1 - Sheet B,20:00,CZE,FIN,5,3
189,29,TUE 5 DEC 2017,Round Robin Session 1 - Sheet C,20:00,GER,CHN,4,7
189,30,TUE 5 DEC 2017,Round Robin Session 1 - Sheet D,20:00,NED,ITA,6,7
190,1,SUN 10 DEC 2017,Play-off Game 2 (Loser 1v2 v 3),12:00,ITA,DEN,4,5
190,2,SAT 9 DEC 2017,Play-off Game 1 (1 v 2),19:00,CHN,ITA,11,4
190,3,SAT 9 DEC 2017,Round Robin Session 7 - Sheet A,9:00,FIN,DEN,3,9
190,4,SAT 9 DEC 2017,Round Robin Session 7 - Sheet B,9:00,CHN,GER,7,3
190,5,SAT 9 DEC 2017,Round Robin Session 7 - Sheet D,9:00,ITA,LAT,7,6
190,6,FRI 8 DEC 2017,Round Robin Session 6 - Sheet A,14:00,DEN,CHN,3,9
190,7,FRI 8 DEC 2017,Round Robin Session 6 - Sheet C,14:00,ITA,CZE,9,7
190,8,FRI 8 DEC 2017,Round Robin Session 6 - Sheet D,14:00,FIN,GER,4,6
190,9,THU 7 DEC 2017,Round Robin Session 5 - Sheet A,19:00,CZE,FIN,11,5
190,10,THU 7 DEC 2017,Round Robin Session 5 - Sheet B,19:00,GER,ITA,9,10
190,11,THU 7 DEC 2017,Round Robin Session 5 - Sheet C,19:00,LAT,DEN,9,10
190,12,THU 7 DEC 2017,Round Robin Session 4 - Sheet A,9:00,CHN,ITA,5,8
190,13,THU 7 DEC 2017,Round Robin Session 4 - Sheet B,9:00,DEN,CZE,5,9
190,14,THU 7 DEC 2017,Round Robin Session 4 - Sheet D,9:00,LAT,FIN,10,5
190,15,WED 6 DEC 2017,Round Robin Session 3 - Sheet A,16:00,GER,CZE,10,7
190,16,WED 6 DEC 2017,Round Robin Session 3 - Sheet B,16:00,ITA,FIN,7,4
190,17,WED 6 DEC 2017,Round Robin Session 3 - Sheet C,16:00,CHN,LAT,11,5
190,18,WED 6 DEC 2017,Round Robin Session 2 - Sheet B,8:00,CZE,LAT,9,5
190,19,WED 6 DEC 2017,Round Robin Session 2 - Sheet C,8:00,FIN,CHN,0,9
190,20,WED 6 DEC 2017,Round Robin Session 2 - Sheet D,8:00,GER,DEN,7,9
190,21,TUE 5 DEC 2017,Round Robin Session 1 - Sheet A,15:00,LAT,GER,10,5
190,22,TUE 5 DEC 2017,Round Robin Session 1 - Sheet C,15:00,DEN,ITA,7,4
190,23,TUE 5 DEC 2017,Round Robin Session 1 - Sheet D,15:00,CZE,CHN,6,7
191,1,FRI 24 NOV 2017,World Challenge - Game 1,19:00,ITA,FIN,6,2
191,2,SAT 25 NOV 2017,Gold Medal Game,15:00,SCO,SWE,5,10
191,3,FRI 24 NOV 2017,Bronze Medal Game - Sheet C,19:00,NOR,SUI,5,6
191,4,THU 23 NOV 2017,Semi-final - Sheet B,19:00,SCO,SUI,9,8
191,5,THU 23 NOV 2017,Semi-final - Sheet D,19:00,SWE,NOR,8,3
191,6,THU 23 NOV 2017,Round Robin Session 9 - Sheet A,9:00,SCO,NED,5,2
191,7,THU 23 NOV 2017,Round Robin Session 9 - Sheet B,9:00,ITA,SVK,5,9
191,8,THU 23 NOV 2017,Round Robin Session 9 - Sheet C,9:00,SWE,SUI,8,2
191,9,THU 23 NOV 2017,Round Robin Session 9 - Sheet D,9:00,AUT,RUS,4,10
191,10,THU 23 NOV 2017,Round Robin Session 9 - Sheet E,9:00,GER,NOR,4,6
191,11,WED 22 NOV 2017,Round Robin Session 8 - Sheet A,14:00,RUS,GER,2,7
191,12,WED 22 NOV 2017,Round Robin Session 8 - Sheet B,14:00,SCO,SUI,4,9
191,13,WED 22 NOV 2017,Round Robin Session 8 - Sheet C,14:00,ITA,NED,5,6
191,14,WED 22 NOV 2017,Round Robin Session 8 - Sheet D,14:00,NOR,SWE,7,9
191,15,WED 22 NOV 2017,Round Robin Session 8 - Sheet E,14:00,SVK,AUT,4,9
191,16,TUE 21 NOV 2017,Round Robin Session 7 - Sheet A,19:00,SWE,ITA,10,3
191,17,TUE 21 NOV 2017,Round Robin Session 7 - Sheet B,19:00,NED,GER,5,6
191,18,TUE 21 NOV 2017,Round Robin Session 7 - Sheet C,19:00,SVK,RUS,4,9
191,19,TUE 21 NOV 2017,Round Robin Session 7 - Sheet D,19:00,SUI,AUT,8,5
191,20,TUE 21 NOV 2017,Round Robin Session 7 - Sheet E,19:00,NOR,SCO,7,8
191,21,TUE 21 NOV 2017,Round Robin Session 6 - Sheet A,9:00,SUI,SVK,10,3
191,22,TUE 21 NOV 2017,Round Robin Session 6 - Sheet B,9:00,AUT,NOR,4,7
191,23,TUE 21 NOV 2017,Round Robin Session 6 - Sheet C,9:00,SCO,SWE,4,5
191,24,TUE 21 NOV 2017,Round Robin Session 6 - Sheet D,9:00,ITA,GER,11,6
191,25,TUE 21 NOV 2017,Round Robin Session 6 - Sheet E,9:00,NED,RUS,4,9
191,26,MON 20 NOV 2017,Round Robin Session 5 - Sheet A,16:00,GER,AUT,8,3
191,27,MON 20 NOV 2017,Round Robin Session 5 - Sheet B,16:00,SUI,RUS,7,5
191,28,MON 20 NOV 2017,Round Robin Session 5 - Sheet C,16:00,NOR,ITA,8,5
191,29,MON 20 NOV 2017,Round Robin Session 5 - Sheet D,16:00,SWE,NED,5,9
191,30,MON 20 NOV 2017,Round Robin Session 5 - Sheet E,16:00,SCO,SVK,8,1
191,31,MON 20 NOV 2017,Round Robin Session 4 - Sheet A,8:00,ITA,SUI,2,8
191,32,MON 20 NOV 2017,Round Robin Session 4 - Sheet B,8:00,GER,SCO,6,4
191,33,MON 20 NOV 2017,Round Robin Session 4 - Sheet C,8:00,NED,AUT,8,3
191,34,MON 20 NOV 2017,Round Robin Session 4 - Sheet D,8:00,SVK,NOR,2,7
191,35,MON 20 NOV 2017,Round Robin Session 4 - Sheet E,8:00,RUS,SWE,8,10
191,36,SUN 19 NOV 2017,Round Robin Session 3 - Sheet A,13:00,SVK,SWE,1,12
191,37,SUN 19 NOV 2017,Round Robin Session 3 - Sheet B,13:00,NOR,NED,6,3
191,38,SUN 19 NOV 2017,Round Robin Session 3 - Sheet C,13:00,RUS,SCO,3,5
191,39,SUN 19 NOV 2017,Round Robin Session 3 - Sheet D,13:00,GER,SUI,4,9
191,40,SUN 19 NOV 2017,Round Robin Session 3 - Sheet E,13:00,AUT,ITA,2,8
191,41,SAT 18 NOV 2017,Round Robin Session 2 - Sheet A,19:30,AUT,SCO,3,7
191,42,SAT 18 NOV 2017,Round Robin Session 2 - Sheet B,19:30,RUS,ITA,8,2
191,43,SAT 18 NOV 2017,Round Robin Session 2 - Sheet C,19:30,SUI,NOR,8,6
191,44,SAT 18 NOV 2017,Round Robin Session 2 - Sheet D,19:30,NED,SVK,12,1
191,45,SAT 18 NOV 2017,Round Robin Session 2 - Sheet E,19:30,SWE,GER,8,2
191,46,SAT 18 NOV 2017,Round Robin Session 1 - Sheet A,9:00,NOR,RUS,11,3
191,47,SAT 18 NOV 2017,Round Robin Session 1 - Sheet B,9:00,SWE,AUT,10,6
191,48,SAT 18 NOV 2017,Round Robin Session 1 - Sheet C,9:00,GER,SVK,4,2
191,49,SAT 18 NOV 2017,Round Robin Session 1 - Sheet D,9:00,SCO,ITA,7,3
191,50,SAT 18 NOV 2017,Round Robin Session 1 - Sheet E,9:00,SUI,NED,8,3
192,1,FRI 24 NOV 2017,World Challenge - Game 1,19:00,DEN,FIN,8,5
192,2,SAT 25 NOV 2017,Gold Medal Game,10:00,SCO,SWE,6,3
192,3,FRI 24 NOV 2017,Bronze Medal Game,19:00,ITA,SUI,7,6
192,4,FRI 24 NOV 2017,Semi-final - Sheet A,14:00,SCO,SUI,7,5
192,5,FRI 24 NOV 2017,Semi-final - Sheet B,14:00,ITA,SWE,3,7
192,6,THU 23 NOV 2017,Round Robin Session 9 - Sheet A,14:00,GER,RUS,3,5
192,7,THU 23 NOV 2017,Round Robin Session 9 - Sheet B,14:00,HUN,SCO,3,9
192,8,THU 23 NOV 2017,Round Robin Session 9 - Sheet C,14:00,DEN,TUR,8,7
192,9,THU 23 NOV 2017,Round Robin Session 9 - Sheet D,14:00,SUI,CZE,5,6
192,10,THU 23 NOV 2017,Round Robin Session 9 - Sheet E,14:00,SWE,ITA,9,2
192,11,WED 22 NOV 2017,Round Robin Session 8 - Sheet A,19:00,CZE,SWE,4,9
192,12,WED 22 NOV 2017,Round Robin Session 8 - Sheet B,19:00,GER,TUR,7,6
192,13,WED 22 NOV 2017,Round Robin Session 8 - Sheet C,19:00,HUN,RUS,3,8
192,14,WED 22 NOV 2017,Round Robin Session 8 - Sheet D,19:00,ITA,DEN,6,5
192,15,WED 22 NOV 2017,Round Robin Session 8 - Sheet E,19:00,SCO,SUI,7,9
192,16,WED 22 NOV 2017,Round Robin Session 7 - Sheet A,9:00,DEN,HUN,6,4
192,17,WED 22 NOV 2017,Round Robin Session 7 - Sheet B,9:00,RUS,SWE,5,6
192,18,WED 22 NOV 2017,Round Robin Session 7 - Sheet C,9:00,SCO,CZE,8,4
192,19,WED 22 NOV 2017,Round Robin Session 7 - Sheet D,9:00,TUR,SUI,3,8
192,20,WED 22 NOV 2017,Round Robin Session 7 - Sheet E,9:00,ITA,GER,4,9
192,21,TUE 21 NOV 2017,Round Robin Session 6 - Sheet A,14:00,TUR,SCO,3,8
192,22,TUE 21 NOV 2017,Round Robin Session 6 - Sheet B,14:00,SUI,ITA,9,6
192,23,TUE 21 NOV 2017,Round Robin Session 6 - Sheet C,14:00,GER,DEN,15,7
192,24,TUE 21 NOV 2017,Round Robin Session 6 - Sheet D,14:00,HUN,SWE,1,13
192,25,TUE 21 NOV 2017,Round Robin Session 6 - Sheet E,14:00,RUS,CZE,8,2
192,26,MON 20 NOV 2017,Round Robin Session 5 - Sheet A,20:00,SWE,SUI,8,6
192,27,MON 20 NOV 2017,Round Robin Session 5 - Sheet B,20:00,TUR,CZE,7,8
192,28,MON 20 NOV 2017,Round Robin Session 5 - Sheet C,20:00,ITA,HUN,8,5
192,29,MON 20 NOV 2017,Round Robin Session 5 - Sheet D,20:00,DEN,RUS,2,12
192,30,MON 20 NOV 2017,Round Robin Session 5 - Sheet E,20:00,GER,SCO,5,8
192,31,MON 20 NOV 2017,Round Robin Session 4 - Sheet A,12:00,HUN,TUR,5,12
192,32,MON 20 NOV 2017,Round Robin Session 4 - Sheet B,12:00,SWE,GER,8,2
192,33,MON 20 NOV 2017,Round Robin Session 4 - Sheet C,12:00,RUS,SUI,7,8
192,34,MON 20 NOV 2017,Round Robin Session 4 - Sheet D,12:00,SCO,ITA,8,1
192,35,MON 20 NOV 2017,Round Robin Session 4 - Sheet E,12:00,CZE,DEN,3,6
192,36,SUN 19 NOV 2017,Round Robin Session 3 - Sheet A,19:00,SCO,DEN,6,1
192,37,SUN 19 NOV 2017,Round Robin Session 3 - Sheet B,19:00,ITA,RUS,9,8
192,38,SUN 19 NOV 2017,Round Robin Session 3 - Sheet C,19:00,CZE,GER,9,5
192,39,SUN 19 NOV 2017,Round Robin Session 3 - Sheet D,19:00,SWE,TUR,7,1
192,40,SUN 19 NOV 2017,Round Robin Session 3 - Sheet E,19:00,SUI,HUN,8,6
192,41,SUN 19 NOV 2017,Round Robin Session 2 - Sheet A,9:00,SUI,GER,8,5
192,42,SUN 19 NOV 2017,Round Robin Session 2 - Sheet B,9:00,CZE,HUN,7,8
192,43,SUN 19 NOV 2017,Round Robin Session 2 - Sheet C,9:00,TUR,ITA,6,9
192,44,SUN 19 NOV 2017,Round Robin Session 2 - Sheet D,9:00,RUS,SCO,7,8
192,45,SUN 19 NOV 2017,Round Robin Session 2 - Sheet E,9:00,DEN,SWE,1,8
192,46,SAT 18 NOV 2017,Round Robin Session 1 - Sheet A,14:00,ITA,CZE,6,3
192,47,SAT 18 NOV 2017,Round Robin Session 1 - Sheet B,14:00,DEN,SUI,4,9
192,48,SAT 18 NOV 2017,Round Robin Session 1 - Sheet C,14:00,SWE,SCO,5,2
192,49,SAT 18 NOV 2017,Round Robin Session 1 - Sheet D,14:00,GER,HUN,10,12
192,50,SAT 18 NOV 2017,Round Robin Session 1 - Sheet E,14:00,TUR,RUS,7,6
193,1,FRI 24 NOV 2017,World Challenge - Game 1,19:00,ITA,FIN,6,2
194,1,FRI 24 NOV 2017,World Challenge - Game 1,19:00,DEN,FIN,8,5
195,1,THU 9 NOV 2017,Gold Medal Game - Sheet A,14:00,CHN,KOR,8,9
195,2,WED 8 NOV 2017,Semi-final - Sheet C,19:00,JPN,KOR,7,8
195,3,TUE 7 NOV 2017,Round Robin Session 9 - Sheet B,19:00,JPN,NZL,9,1
195,4,MON 6 NOV 2017,Round Robin Session 7 - Sheet A,14:00,CHN,KOR,6,5
195,5,SUN 5 NOV 2017,Round Robin Session 6 - Sheet C,19:00,KOR,JPN,5,11
195,6,SAT 4 NOV 2017,Round Robin Session 4 - Sheet D,14:00,CHN,JPN,5,8
195,7,FRI 3 NOV 2017,Round Robin Session 3 - Sheet D,19:00,AUS,NZL,9,3
196,1,THU 9 NOV 2017,Gold Medal Game - Sheet A,9:00,JPN,KOR,6,11
196,2,WED 8 NOV 2017,Semi-final - Sheet D,14:00,JPN,CHN,6,5
196,3,TUE 7 NOV 2017,Round Robin Session 12 - Sheet B,14:00,KOR,CHN,11,6
196,4,MON 6 NOV 2017,Round Robin Session 10 - Sheet A,19:00,KOR,JPN,9,4
196,5,SUN 5 NOV 2017,Round Robin Session 7 - Sheet A,14:00,NZL,CHN,3,9
196,6,SAT 4 NOV 2017,Round Robin Session 5 - Sheet D,19:00,NZL,AUS,7,6
196,7,FRI 3 NOV 2017,Round Robin Session 2 - Sheet D,14:00,JPN,CHN,3,5
